Library,Operation,Depth,Width,Content,n,sw_stat,sw_p_value,normal
SpanJson,Deserialize,2,5,Textual,15,0.587358707219352,1.9539339114163657e-5,FALSE
SpanJson,Deserialize,2,5,Numeric,15,0.6757124365940947,1.3827971588137119e-4,FALSE
SpanJson,Deserialize,2,5,Boolean,15,0.519623443368642,5.086471824378188e-6,FALSE
SpanJson,Deserialize,2,20,Textual,15,0.8153651225091147,0.005828801423648129,FALSE
SpanJson,Deserialize,2,20,Numeric,15,0.5386248693096807,7.3330628114331295e-6,FALSE
SpanJson,Deserialize,2,20,Boolean,15,0.8996768982965541,0.09409779050936827,TRUE
SpanJson,Deserialize,2,50,Textual,15,0.4781657752672792,2.3563915887549054e-6,FALSE
SpanJson,Deserialize,2,50,Numeric,15,0.3571133604836756,3.022370981837896e-7,FALSE
SpanJson,Deserialize,2,50,Boolean,15,0.5354851776949292,6.898809511231437e-6,FALSE
SpanJson,Deserialize,2,100,Textual,15,0.6636545660018117,1.0423477565055754e-4,FALSE
SpanJson,Deserialize,2,100,Numeric,15,0.7211146219908127,4.2189605082460695e-4,FALSE
SpanJson,Deserialize,2,100,Boolean,15,0.9037743831322562,0.10870169183712533,TRUE
SpanJson,Deserialize,5,5,Textual,15,0.5456487362635625,8.413507807345321e-6,FALSE
SpanJson,Deserialize,5,5,Numeric,15,0.547963789963479,8.805797680379955e-6,FALSE
SpanJson,Deserialize,5,5,Boolean,15,0.7019472520182908,2.6073695510103604e-4,FALSE
SpanJson,Deserialize,5,20,Textual,15,0.5199886700860059,5.121947801646797e-6,FALSE
SpanJson,Deserialize,5,20,Numeric,15,0.4769451845889955,2.304908726771948e-6,FALSE
SpanJson,Deserialize,5,20,Boolean,15,0.7086332327273671,3.078463521519897e-4,FALSE
SpanJson,Deserialize,5,50,Textual,15,0.6627967997757377,1.0218076765276782e-4,FALSE
SpanJson,Deserialize,5,50,Numeric,15,0.447666227190193,1.369195598262824e-6,FALSE
SpanJson,Deserialize,5,50,Boolean,15,0.508285126489219,4.105575583540458e-6,FALSE
SpanJson,Deserialize,5,100,Textual,15,0.6303133229696474,4.900656616761538e-5,FALSE
SpanJson,Deserialize,5,100,Numeric,15,0.552249228784045,9.584309067521113e-6,FALSE
SpanJson,Deserialize,5,100,Boolean,15,0.472635275829027,2.1324836424065712e-6,FALSE
SpanJson,Deserialize,10,5,Textual,15,0.6067130474285374,2.9365774738890192e-5,FALSE
SpanJson,Deserialize,10,5,Numeric,15,0.7595238659563772,0.0011635975735329767,FALSE
SpanJson,Deserialize,10,5,Boolean,15,0.4846172653037737,2.649604647639047e-6,FALSE
SpanJson,Deserialize,10,20,Textual,15,0.5154279776727924,4.6971973772203215e-6,FALSE
SpanJson,Deserialize,10,20,Numeric,15,0.5284111255121914,6.017592708304007e-6,FALSE
SpanJson,Deserialize,10,20,Boolean,15,0.6906340974235345,1.9768390427874516e-4,FALSE
SpanJson,Deserialize,10,50,Textual,15,0.7272037546405326,4.932402879976488e-4,FALSE
SpanJson,Deserialize,10,50,Numeric,15,0.6182391848250163,3.762882547926866e-5,FALSE
SpanJson,Deserialize,10,50,Boolean,15,0.38221764703971073,4.5305771025834464e-7,FALSE
SpanJson,Deserialize,10,100,Textual,15,0.6801492327108094,1.5364524228974336e-4,FALSE
SpanJson,Deserialize,10,100,Numeric,15,0.6519439724031878,7.961501893799497e-5,FALSE
SpanJson,Deserialize,10,100,Boolean,15,0.9150454281359832,0.1618031864164928,TRUE
SpanJson,Deserialize,20,5,Textual,15,0.505657436884934,3.908344710908449e-6,FALSE
SpanJson,Deserialize,20,5,Numeric,15,0.5529550899317757,9.719421117362559e-6,FALSE
SpanJson,Deserialize,20,5,Boolean,15,0.43604807879076646,1.1187580255978169e-6,FALSE
SpanJson,Deserialize,20,20,Textual,15,0.5263147899555959,5.780092547142646e-6,FALSE
SpanJson,Deserialize,20,20,Numeric,15,0.49516272922499116,3.2156274009517987e-6,FALSE
SpanJson,Deserialize,20,20,Boolean,15,0.6303002517039946,4.899242841393596e-5,FALSE
SpanJson,Deserialize,20,50,Textual,15,0.791391063509817,0.0028567064822264667,FALSE
SpanJson,Deserialize,20,50,Numeric,15,0.6621529334579953,1.0066736245630597e-4,FALSE
SpanJson,Deserialize,20,50,Boolean,15,0.5710561392805773,1.397887970937242e-5,FALSE
SpanJson,Deserialize,20,100,Textual,15,0.6796958400758057,1.5199451412234338e-4,FALSE
SpanJson,Deserialize,20,100,Numeric,15,0.707140422361832,2.9659118755394933e-4,FALSE
SpanJson,Deserialize,20,100,Boolean,15,0.6106627178444874,3.195515846550798e-5,FALSE
SpanJson,Serialize,2,5,Textual,15,0.5545159625942286,1.0025451109413411e-5,FALSE
SpanJson,Serialize,2,5,Numeric,15,0.6995489208382981,2.4576785485648804e-4,FALSE
SpanJson,Serialize,2,5,Boolean,15,0.6110322565542813,3.220958922628982e-5,FALSE
SpanJson,Serialize,2,20,Textual,15,0.4200813820828797,8.51060413786796e-7,FALSE
SpanJson,Serialize,2,20,Numeric,15,0.55228902515469,9.591873206512934e-6,FALSE
SpanJson,Serialize,2,20,Boolean,15,0.88126699310299506,0.049558173073901104,FALSE
SpanJson,Serialize,2,50,Textual,15,0.4500432284858532,1.4274237104558872e-6,FALSE
SpanJson,Serialize,2,50,Numeric,15,0.5748253994385201,1.5094389808688764e-5,FALSE
SpanJson,Serialize,2,50,Boolean,15,0.6111426397323865,3.228600736754996e-5,FALSE
SpanJson,Serialize,2,100,Textual,15,0.6406104771785983,6.162033405781895e-5,FALSE
SpanJson,Serialize,2,100,Numeric,15,0.44124840333200344,1.2242388235468296e-6,FALSE
SpanJson,Serialize,2,100,Boolean,15,0.45286764023323456,1.500053863306089e-6,FALSE
SpanJson,Serialize,5,5,Textual,15,0.5680158101191322,1.3143135120269671e-5,FALSE
SpanJson,Serialize,5,5,Numeric,15,0.5266507173266917,5.8174692664370486e-6,FALSE
SpanJson,Serialize,5,5,Boolean,15,0.5843837652277764,1.837089314862854e-5,FALSE
SpanJson,Serialize,5,20,Textual,15,0.427218759435942,9.611768439452409e-7,FALSE
SpanJson,Serialize,5,20,Numeric,15,0.6089457154938142,3.080077916088901e-5,FALSE
SpanJson,Serialize,5,20,Boolean,15,0.9632241411259308,0.7482080467246185,TRUE
SpanJson,Serialize,5,50,Textual,15,0.4328327471171367,1.0584072903449358e-6,FALSE
SpanJson,Serialize,5,50,Numeric,15,0.480012973477825,2.4366434624651685e-6,FALSE
SpanJson,Serialize,5,50,Boolean,15,0.5597238490567675,1.1123029538444053e-5,FALSE
SpanJson,Serialize,5,100,Textual,15,0.5065122640915432,3.97137658423748e-6,FALSE
SpanJson,Serialize,5,100,Numeric,15,0.4668636954734836,1.9227610938706163e-6,FALSE
SpanJson,Serialize,5,100,Boolean,15,0.5809672220876667,1.7120200358495164e-5,FALSE
SpanJson,Serialize,10,5,Textual,15,0.7006411795188545,2.524680820061044e-4,FALSE
SpanJson,Serialize,10,5,Numeric,15,0.3973316364427848,5.809819331533114e-7,FALSE
SpanJson,Serialize,10,5,Boolean,15,0.8240176419021439,0.00760338406853338,FALSE
SpanJson,Serialize,10,20,Textual,15,0.4128758499629641,7.533871905261305e-7,FALSE
SpanJson,Serialize,10,20,Numeric,15,0.43279243023639824,1.0576728958912194e-6,FALSE
SpanJson,Serialize,10,20,Boolean,15,0.4662249908258236,1.9009380130612147e-6,FALSE
SpanJson,Serialize,10,50,Textual,15,0.583045795888708,1.7869876626473575e-5,FALSE
SpanJson,Serialize,10,50,Numeric,15,0.5871535497493791,1.9456271071713634e-5,FALSE
SpanJson,Serialize,10,50,Boolean,15,0.6380716352012754,5.82180094631349e-5,FALSE
SpanJson,Serialize,10,100,Textual,15,0.8210672279750524,0.0069410437852528255,FALSE
SpanJson,Serialize,10,100,Numeric,15,0.6592652318541297,9.416811235356979e-5,FALSE
SpanJson,Serialize,10,100,Boolean,15,0.6112256780714131,3.234362211862859e-5,FALSE
SpanJson,Serialize,20,5,Textual,15,0.6641548022838417,1.0545294838783081e-4,FALSE
SpanJson,Serialize,20,5,Numeric,15,0.607082717733637,2.9598361072616095e-5,FALSE
SpanJson,Serialize,20,5,Boolean,15,0.7803466440261895,0.0020796367146921242,FALSE
SpanJson,Serialize,20,20,Textual,15,0.4255763457575744,9.345609339982378e-7,FALSE
SpanJson,Serialize,20,20,Numeric,15,0.4814623629748618,2.5016468208821246e-6,FALSE
SpanJson,Serialize,20,20,Boolean,15,0.7380572925579663,6.543656001669008e-4,FALSE
SpanJson,Serialize,20,50,Textual,15,0.5892745576114375,2.03335646025239e-5,FALSE
SpanJson,Serialize,20,50,Numeric,15,0.5555552389426426,1.0234896359701052e-5,FALSE
SpanJson,Serialize,20,50,Boolean,15,0.4735128554539605,2.166446636717746e-6,FALSE
SpanJson,Serialize,20,100,Textual,15,0.45931985771108097,1.6811285587161756e-6,FALSE
SpanJson,Serialize,20,100,Numeric,15,0.5311315303333392,6.341397177908977e-6,FALSE
SpanJson,Serialize,20,100,Boolean,15,0.5495952634026988,9.09393033441808e-6,FALSE
Utf8Json,Deserialize,2,5,Textual,15,0.4487786006253801,1.3961240303626764e-6,FALSE
Utf8Json,Deserialize,2,5,Numeric,15,0.46068444918232554,1.7223222526278473e-6,FALSE
Utf8Json,Deserialize,2,5,Boolean,15,0.4887369374520423,2.8569705316052803e-6,FALSE
Utf8Json,Deserialize,2,20,Textual,15,0.6860019315897568,1.7676069459414404e-4,FALSE
Utf8Json,Deserialize,2,20,Numeric,15,0.5723712298890116,1.4357761342718131e-5,FALSE
Utf8Json,Deserialize,2,20,Boolean,15,0.636661812299362,5.6415729931089e-5,FALSE
Utf8Json,Deserialize,2,50,Textual,15,0.6954449189599283,2.2224054493749765e-4,FALSE
Utf8Json,Deserialize,2,50,Numeric,15,0.5344885819296378,6.766761514547044e-6,FALSE
Utf8Json,Deserialize,2,50,Boolean,15,0.8575687852379192,0.022264827468995368,FALSE
Utf8Json,Deserialize,2,100,Textual,15,0.46565454865463296,1.8816699283569214e-6,FALSE
Utf8Json,Deserialize,2,100,Numeric,15,0.503093228955064,3.7255736461660226e-6,FALSE
Utf8Json,Deserialize,2,100,Boolean,15,0.6873607727803317,1.8264179585376875e-4,FALSE
Utf8Json,Deserialize,5,5,Textual,15,0.502008765746093,3.651032212993776e-6,FALSE
Utf8Json,Deserialize,5,5,Numeric,15,0.64685361817643094,7.092219948421938e-5,FALSE
Utf8Json,Deserialize,5,5,Boolean,15,0.5958002002099976,2.3307475063823545e-5,FALSE
Utf8Json,Deserialize,5,20,Textual,15,0.38632751529607257,4.8457293529879e-7,FALSE
Utf8Json,Deserialize,5,20,Numeric,15,0.5339881606919996,6.701473499721234e-6,FALSE
Utf8Json,Deserialize,5,20,Boolean,15,0.8001088630580859,0.0036881182775714057,FALSE
Utf8Json,Deserialize,5,50,Textual,15,0.48838322515742827,2.8385062530726036e-6,FALSE
Utf8Json,Deserialize,5,50,Numeric,15,0.7163126938904281,3.7342194348709577e-4,FALSE
Utf8Json,Deserialize,5,50,Boolean,15,0.5114019262785283,4.3533448020012324e-6,FALSE
Utf8Json,Deserialize,5,100,Textual,15,0.5126779640053772,4.459331716031054e-6,FALSE
Utf8Json,Deserialize,5,100,Numeric,15,0.6204308303491476,3.946366381146011e-5,FALSE
Utf8Json,Deserialize,5,100,Boolean,15,0.5406346909621387,7.6262560919882674e-6,FALSE
Utf8Json,Deserialize,10,5,Textual,15,0.5957470572886452,2.3281464417478384e-5,FALSE
Utf8Json,Deserialize,10,5,Numeric,15,0.7282737800977506,5.070572603332422e-4,FALSE
Utf8Json,Deserialize,10,5,Boolean,15,0.5512680479216117,9.399810158978862e-6,FALSE
Utf8Json,Deserialize,10,20,Textual,15,0.3798239404270992,4.357117414534502e-7,FALSE
Utf8Json,Deserialize,10,20,Numeric,15,0.8288134170499327,0.008827581600346647,FALSE
Utf8Json,Deserialize,10,20,Boolean,15,0.5575536927892639,1.0650856035491097e-5,FALSE
Utf8Json,Deserialize,10,50,Textual,15,0.8259150460251357,0.008064633579733051,FALSE
Utf8Json,Deserialize,10,50,Numeric,15,0.664368402642908,1.0597772795634495e-4,FALSE
Utf8Json,Deserialize,10,50,Boolean,15,0.4776841434686889,2.335932397877843e-6,FALSE
Utf8Json,Deserialize,10,100,Textual,15,0.6484750763894076,7.357572832368084e-5,FALSE
Utf8Json,Deserialize,10,100,Numeric,15,0.5978728033262175,2.4346461431487123e-5,FALSE
Utf8Json,Deserialize,10,100,Boolean,15,0.6679800519421194,1.1528600954883582e-4,FALSE
Utf8Json,Deserialize,20,5,Textual,15,0.3795032038239705,4.334416558724538e-7,FALSE
Utf8Json,Deserialize,20,5,Numeric,15,0.5047760836548982,3.8444702597537255e-6,FALSE
Utf8Json,Deserialize,20,5,Boolean,15,0.5943745022075485,2.2620279255723516e-5,FALSE
Utf8Json,Deserialize,20,20,Textual,15,0.5495633845466057,9.088205049909222e-6,FALSE
Utf8Json,Deserialize,20,20,Numeric,15,0.46784833672472736,1.956927609937921e-6,FALSE
Utf8Json,Deserialize,20,20,Boolean,15,0.6450338316768829,6.806521497755817e-5,FALSE
Utf8Json,Deserialize,20,50,Textual,15,0.6365605513717877,5.628859218716628e-5,FALSE
Utf8Json,Deserialize,20,50,Numeric,15,0.49721761491683847,3.3401986891568824e-6,FALSE
Utf8Json,Deserialize,20,50,Boolean,15,0.7657325734424937,0.0013802723978197625,FALSE
Utf8Json,Deserialize,20,100,Textual,15,0.4907467053029987,2.9643379374710905e-6,FALSE
Utf8Json,Deserialize,20,100,Numeric,15,0.6857481645561245,1.7568496410544685e-4,FALSE
Utf8Json,Deserialize,20,100,Boolean,15,0.8097394209000455,0.004915689526177246,FALSE
Utf8Json,Serialize,2,5,Textual,15,0.4525420468213037,1.4914843527543294e-6,FALSE
Utf8Json,Serialize,2,5,Numeric,15,0.39707453025339534,5.785104932130454e-7,FALSE
Utf8Json,Serialize,2,5,Boolean,15,0.7785139986923919,0.001974198500583715,FALSE
Utf8Json,Serialize,2,20,Textual,15,0.39333752123752197,5.438220819394199e-7,FALSE
Utf8Json,Serialize,2,20,Numeric,15,0.604582563509856,2.8062759270334363e-5,FALSE
Utf8Json,Serialize,2,20,Boolean,15,0.5657632892074631,1.2558347375814756e-5,FALSE
Utf8Json,Serialize,2,50,Textual,15,0.6873809568422597,1.8273071186755393e-4,FALSE
Utf8Json,Serialize,2,50,Numeric,15,0.6750618214054103,1.361680995888473e-4,FALSE
Utf8Json,Serialize,2,50,Boolean,15,0.8455317503509887,0.015021401533462958,FALSE
Utf8Json,Serialize,2,100,Textual,15,0.4890640913814046,2.874162201332226e-6,FALSE
Utf8Json,Serialize,2,100,Numeric,15,0.778926749360968,0.0019974373028739095,FALSE
Utf8Json,Serialize,2,100,Boolean,15,0.49136879345580387,2.998435345900647e-6,FALSE
Utf8Json,Serialize,5,5,Textual,15,0.39307882328924093,5.415039555286436e-7,FALSE
Utf8Json,Serialize,5,5,Numeric,15,0.4802632601267993,2.4477388988713984e-6,FALSE
Utf8Json,Serialize,5,5,Boolean,15,0.4917760785194335,3.020984992309249e-6,FALSE
Utf8Json,Serialize,5,20,Textual,15,0.38469633273656856,4.717946676616797e-7,FALSE
Utf8Json,Serialize,5,20,Numeric,15,0.7218963343358082,4.304037979217037e-4,FALSE
Utf8Json,Serialize,5,20,Boolean,15,0.8578519955919168,0.022474360917179033,FALSE
Utf8Json,Serialize,5,50,Textual,15,0.5311691887303942,6.346007664416547e-6,FALSE
Utf8Json,Serialize,5,50,Numeric,15,0.667077574827023,1.1288105896524762e-4,FALSE
Utf8Json,Serialize,5,50,Boolean,15,0.5806732860847774,1.7016921669336237e-5,FALSE
Utf8Json,Serialize,5,100,Textual,15,0.5107351643344292,4.299033368214349e-6,FALSE
Utf8Json,Serialize,5,100,Numeric,15,0.8565625772252153,0.021536915024407573,FALSE
Utf8Json,Serialize,5,100,Boolean,15,0.5135008357802608,4.529133055031872e-6,FALSE
Utf8Json,Serialize,10,5,Textual,15,0.4500685413776174,1.4280577714855648e-6,FALSE
Utf8Json,Serialize,10,5,Numeric,15,0.6303749824596407,4.9073315176803414e-5,FALSE
Utf8Json,Serialize,10,5,Boolean,15,0.532665218673645,6.5320834483705945e-6,FALSE
Utf8Json,Serialize,10,20,Textual,15,0.5248957491199496,5.625001864085257e-6,FALSE
Utf8Json,Serialize,10,20,Numeric,15,0.4669470690837574,1.9256293801328987e-6,FALSE
Utf8Json,Serialize,10,20,Boolean,15,0.5377584261706911,7.210390049225804e-6,FALSE
Utf8Json,Serialize,10,50,Textual,15,0.5569037126685148,1.051362683138917e-5,FALSE
Utf8Json,Serialize,10,50,Numeric,15,0.6407966652427923,6.187806034021997e-5,FALSE
Utf8Json,Serialize,10,50,Boolean,15,0.594998710713901,2.2918455862522274e-5,FALSE
Utf8Json,Serialize,10,100,Textual,15,0.5749687248828992,1.5138636012900464e-5,FALSE
Utf8Json,Serialize,10,100,Numeric,15,0.664500237723455,1.0630301470984578e-4,FALSE
Utf8Json,Serialize,10,100,Boolean,15,0.4082103918970642,6.965512014906292e-7,FALSE
Utf8Json,Serialize,20,5,Textual,15,0.4815936877385403,2.5076270490861633e-6,FALSE
Utf8Json,Serialize,20,5,Numeric,15,0.4758219071790618,2.258586755163445e-6,FALSE
Utf8Json,Serialize,20,5,Boolean,15,0.46196170769704403,1.761853011042825e-6,FALSE
Utf8Json,Serialize,20,20,Textual,15,0.7655425395793001,0.0013730365395628985,FALSE
Utf8Json,Serialize,20,20,Numeric,15,0.9507197618621496,0.5358585248043177,TRUE
Utf8Json,Serialize,20,20,Boolean,15,0.5375993788204856,7.1881101514647915e-6,FALSE
Utf8Json,Serialize,20,50,Textual,15,0.5709538649074635,1.3949863968886064e-5,FALSE
Utf8Json,Serialize,20,50,Numeric,15,0.6392786938353019,5.980990742626365e-5,FALSE
Utf8Json,Serialize,20,50,Boolean,15,0.5080527821994524,4.0877164967670675e-6,FALSE
Utf8Json,Serialize,20,100,Textual,15,0.6471570987004236,7.141097140030794e-5,FALSE
Utf8Json,Serialize,20,100,Numeric,15,0.4888134504434569,2.8609814018803302e-6,FALSE
Utf8Json,Serialize,20,100,Boolean,15,0.48586811904291616,2.7108196572402927e-6,FALSE
STJRefGen,Deserialize,2,5,Textual,15,0.8165090148837258,0.006035675925420493,FALSE
STJRefGen,Deserialize,2,5,Numeric,15,0.7134219386634668,3.471372617814464e-4,FALSE
STJRefGen,Deserialize,2,5,Boolean,15,0.42902719368326314,9.914176840312953e-7,FALSE
STJRefGen,Deserialize,2,20,Textual,15,0.6816704817644139,1.5932516059773434e-4,FALSE
STJRefGen,Deserialize,2,20,Numeric,15,0.6394648551361695,6.005952641231746e-5,FALSE
STJRefGen,Deserialize,2,20,Boolean,15,0.5509899156656921,9.348201697822365e-6,FALSE
STJRefGen,Deserialize,2,50,Textual,15,0.5076779411537296,4.059078492121354e-6,FALSE
STJRefGen,Deserialize,2,50,Numeric,15,0.6487478449809425,7.403243047188477e-5,FALSE
STJRefGen,Deserialize,2,50,Boolean,15,0.5574190734113357,1.0622278203326549e-5,FALSE
STJRefGen,Deserialize,2,100,Textual,15,0.6631632016112878,1.0305281899059914e-4,FALSE
STJRefGen,Deserialize,2,100,Numeric,15,0.7793305659772305,0.002020455872344346,FALSE
STJRefGen,Deserialize,2,100,Boolean,15,0.571323857577233,1.4055137603775852e-5,FALSE
STJRefGen,Deserialize,5,5,Textual,15,0.5350559275646991,6.841600972925326e-6,FALSE
STJRefGen,Deserialize,5,5,Numeric,15,0.49091865744430396,2.9737213926255466e-6,FALSE
STJRefGen,Deserialize,5,5,Boolean,15,0.5316502981635945,6.405224572529614e-6,FALSE
STJRefGen,Deserialize,5,20,Textual,15,0.5576215032112004,1.0665282257262587e-5,FALSE
STJRefGen,Deserialize,5,20,Numeric,15,0.5988543448896226,2.4855631042095536e-5,FALSE
STJRefGen,Deserialize,5,20,Boolean,15,0.7678582385856207,0.0014640438576101291,FALSE
STJRefGen,Deserialize,5,50,Textual,15,0.5911299097361973,2.1135578506420153e-5,FALSE
STJRefGen,Deserialize,5,50,Numeric,15,0.5540743280080954,9.937835055805162e-6,FALSE
STJRefGen,Deserialize,5,50,Boolean,15,0.6082734487758199,3.036098459918279e-5,FALSE
STJRefGen,Deserialize,5,100,Textual,15,0.631057498706781,4.981867991072789e-5,FALSE
STJRefGen,Deserialize,5,100,Numeric,15,0.5834918760805735,1.8035278219006674e-5,FALSE
STJRefGen,Deserialize,5,100,Boolean,15,0.6746239584427761,1.347663796707941e-4,FALSE
STJRefGen,Deserialize,10,5,Textual,15,0.5429628146569283,7.981566049856807e-6,FALSE
STJRefGen,Deserialize,10,5,Numeric,15,0.9302193995843387,0.27494425076279305,TRUE
STJRefGen,Deserialize,10,5,Boolean,15,0.5602143710293048,1.123281444324161e-5,FALSE
STJRefGen,Deserialize,10,20,Textual,15,0.687903544101494,1.8504900693095511e-4,FALSE
STJRefGen,Deserialize,10,20,Numeric,15,0.8405212637612666,0.012785688867439906,FALSE
STJRefGen,Deserialize,10,20,Boolean,15,0.6498933247570059,7.598361748667352e-5,FALSE
STJRefGen,Deserialize,10,50,Textual,15,0.6537837227948706,8.303076642236196e-5,FALSE
STJRefGen,Deserialize,10,50,Numeric,15,0.6127790533712376,3.344185857682069e-5,FALSE
STJRefGen,Deserialize,10,50,Boolean,15,0.8636792490906238,0.027280981073354287,FALSE
STJRefGen,Deserialize,10,100,Textual,15,0.7312053927115981,5.470737781426379e-4,FALSE
STJRefGen,Deserialize,10,100,Numeric,15,0.6382694422243566,5.8475754230426756e-5,FALSE
STJRefGen,Deserialize,10,100,Boolean,15,0.5447986921136438,8.274174674986666e-6,FALSE
STJRefGen,Deserialize,20,5,Textual,15,0.884843211262395,0.05606777718958559,TRUE
STJRefGen,Deserialize,20,5,Numeric,15,0.7992284436501254,0.0035934778136923317,FALSE
STJRefGen,Deserialize,20,5,Boolean,15,0.6181559839959823,3.756098775290065e-5,FALSE
STJRefGen,Deserialize,20,20,Textual,15,0.6632673649096558,1.0330217940657576e-4,FALSE
STJRefGen,Deserialize,20,20,Numeric,15,0.6441265613035704,6.668694117334402e-5,FALSE
STJRefGen,Deserialize,20,20,Boolean,15,0.6919027192407281,2.0386467204247424e-4,FALSE
STJRefGen,Deserialize,20,50,Textual,15,0.6175786261060427,3.709381726689024e-5,FALSE
STJRefGen,Deserialize,20,50,Numeric,15,0.5979519378977747,2.4387097078632722e-5,FALSE
STJRefGen,Deserialize,20,50,Boolean,15,0.5574110602935218,1.0620579706867325e-5,FALSE
STJRefGen,Deserialize,20,100,Textual,15,0.7020610790481665,2.614711824679041e-4,FALSE
STJRefGen,Deserialize,20,100,Numeric,15,0.8461155540835031,0.015307678331472573,FALSE
STJRefGen,Deserialize,20,100,Boolean,15,0.6181471922208737,3.755382700910195e-5,FALSE
STJRefGen,Serialize,2,5,Textual,15,0.930281700740919,0.27553395737034525,TRUE
STJRefGen,Serialize,2,5,Numeric,15,0.8364701243162899,0.011236630202710924,FALSE
STJRefGen,Serialize,2,5,Boolean,15,0.558160371355696,1.0780665516099222e-5,FALSE
STJRefGen,Serialize,2,20,Textual,15,0.802968669036469,0.00401431824295135,FALSE
STJRefGen,Serialize,2,20,Numeric,15,0.7906015475214172,0.002791973630848055,FALSE
STJRefGen,Serialize,2,20,Boolean,15,0.8736218086271375,0.038150109691557,FALSE
STJRefGen,Serialize,2,50,Textual,15,0.5513526929820585,9.415576524477728e-6,FALSE
STJRefGen,Serialize,2,50,Numeric,15,0.9168118685519345,0.1721974540789278,TRUE
STJRefGen,Serialize,2,50,Boolean,15,0.8085644695252485,0.004744974839667059,FALSE
STJRefGen,Serialize,2,100,Textual,15,0.7164547366081917,3.7476710613567845e-4,FALSE
STJRefGen,Serialize,2,100,Numeric,15,0.7690296446264847,0.0015125144275440442,FALSE
STJRefGen,Serialize,2,100,Boolean,15,0.7844726999605098,0.00233966500211819,FALSE
STJRefGen,Serialize,5,5,Textual,15,0.6782367687622626,1.4680952916433897e-4,FALSE
STJRefGen,Serialize,5,5,Numeric,15,0.699295086293847,2.4423811361063585e-4,FALSE
STJRefGen,Serialize,5,5,Boolean,15,0.5682234255367229,1.3198476986102296e-5,FALSE
STJRefGen,Serialize,5,20,Textual,15,0.7265881204706448,4.8547345364661126e-4,FALSE
STJRefGen,Serialize,5,20,Numeric,15,0.7239233564031,4.533300450440384e-4,FALSE
STJRefGen,Serialize,5,20,Boolean,15,0.956670036433808,0.6347656143702043,TRUE
STJRefGen,Serialize,5,50,Textual,17,0.5222566083783965,2.012486856210313e-6,FALSE
STJRefGen,Serialize,5,50,Numeric,15,0.9825825778283394,0.9841028313415728,TRUE
STJRefGen,Serialize,5,50,Boolean,15,0.8050952376125867,0.004276771894513126,FALSE
STJRefGen,Serialize,5,100,Textual,15,0.889591000856726,0.06611097452029316,TRUE
STJRefGen,Serialize,5,100,Numeric,15,0.9036421110391754,0.10819602740288646,TRUE
STJRefGen,Serialize,5,100,Boolean,15,0.9708956979584052,0.8710926239076162,TRUE
STJRefGen,Serialize,10,5,Textual,15,0.7542335570493671,0.0010075858756422795,FALSE
STJRefGen,Serialize,10,5,Numeric,15,0.811569669111331,0.005194782875293221,FALSE
STJRefGen,Serialize,10,5,Boolean,15,0.7725559911774429,0.001669058198409476,FALSE
STJRefGen,Serialize,10,20,Textual,15,0.6510422696970459,7.799592719246388e-5,FALSE
STJRefGen,Serialize,10,20,Numeric,15,0.8322834327223425,0.009843247896220073,FALSE
STJRefGen,Serialize,10,20,Boolean,15,0.918544433117795,0.18302657810265474,TRUE
STJRefGen,Serialize,10,50,Textual,15,0.7588857193827423,0.0011434803744127093,FALSE
STJRefGen,Serialize,10,50,Numeric,15,0.8084390837487679,0.004727133555728533,FALSE
STJRefGen,Serialize,10,50,Boolean,15,0.8853300218413261,0.057020384361010694,TRUE
STJRefGen,Serialize,10,100,Textual,15,0.7197447812345474,4.0741753688693365e-4,FALSE
STJRefGen,Serialize,10,100,Numeric,15,0.758905367520377,0.0011440941976687466,FALSE
STJRefGen,Serialize,10,100,Boolean,15,0.8498866823369912,0.017301873973623854,FALSE
STJRefGen,Serialize,20,5,Textual,15,0.8624871520681612,0.02621609666917555,FALSE
STJRefGen,Serialize,20,5,Numeric,15,0.8545966300957794,0.0201862903290302,FALSE
STJRefGen,Serialize,20,5,Boolean,15,0.7666510550436909,0.0014158237163933987,FALSE
STJRefGen,Serialize,20,20,Textual,15,0.967331615215189,0.816762519875786,TRUE
STJRefGen,Serialize,20,20,Numeric,15,0.8968039705960277,0.08506645393138731,TRUE
STJRefGen,Serialize,20,20,Boolean,15,0.6754671415063254,1.3747951741014953e-4,FALSE
STJRefGen,Serialize,20,50,Textual,15,0.6607867938574414,9.753490893800217e-5,FALSE
STJRefGen,Serialize,20,50,Numeric,15,0.8718827261043853,0.03596199157436012,FALSE
STJRefGen,Serialize,20,50,Boolean,15,0.8435949975690525,0.014111629044285513,FALSE
STJRefGen,Serialize,20,100,Textual,15,0.635126996391898,5.452112154708996e-5,FALSE
STJRefGen,Serialize,20,100,Numeric,15,0.8665868594266445,0.030073967600176468,FALSE
STJRefGen,Serialize,20,100,Boolean,15,0.9622797293744058,0.7319473066072741,TRUE
STJSrcGen,Deserialize,2,5,Textual,15,0.5923267120342652,2.1670763289033542e-5,FALSE
STJSrcGen,Deserialize,2,5,Numeric,15,0.722345157388447,4.353711993954844e-4,FALSE
STJSrcGen,Deserialize,2,5,Boolean,15,0.6029912196542101,2.7129755742996918e-5,FALSE
STJSrcGen,Deserialize,2,20,Textual,15,0.5583913881921497,1.0830537749194952e-5,FALSE
STJSrcGen,Deserialize,2,20,Numeric,15,0.8648162125560517,0.028339136158685167,FALSE
STJSrcGen,Deserialize,2,20,Boolean,15,0.9342571338601144,0.31559854069561366,TRUE
STJSrcGen,Deserialize,2,50,Textual,15,0.46998638069362564,2.0333596804131528e-6,FALSE
STJSrcGen,Deserialize,2,50,Numeric,15,0.7604598590272142,0.001193790858875872,FALSE
STJSrcGen,Deserialize,2,50,Boolean,15,0.6288522353319203,4.745288299206009e-5,FALSE
STJSrcGen,Deserialize,2,100,Textual,15,0.7775989986785683,0.0019237046383492626,FALSE
STJSrcGen,Deserialize,2,100,Numeric,15,0.5904730830854878,2.0847862507096515e-5,FALSE
STJSrcGen,Deserialize,2,100,Boolean,15,0.5775661457046575,1.5964901325029378e-05,FALSE
STJSrcGen,Deserialize,5,5,Textual,15,0.6489965919070526,7.445155015859061e-5,FALSE
STJSrcGen,Deserialize,5,5,Numeric,15,0.8082235691825597,0.004696634576749845,FALSE
STJSrcGen,Deserialize,5,5,Boolean,15,0.702426373519397,2.6384241959058767e-4,FALSE
STJSrcGen,Deserialize,5,20,Textual,15,0.7224132329657482,4.361299659496358e-4,FALSE
STJSrcGen,Deserialize,5,20,Numeric,15,0.7400640523164224,6.898892098534177e-4,FALSE
STJSrcGen,Deserialize,5,20,Boolean,15,0.5725803072527252,1.4418998440761864e-5,FALSE
STJSrcGen,Deserialize,5,50,Textual,15,0.5740639587342726,1.4861623627346395e-5,FALSE
STJSrcGen,Deserialize,5,50,Numeric,15,0.5964393365427674,2.3622736545070027e-5,FALSE
STJSrcGen,Deserialize,5,50,Boolean,15,0.808435274308526,0.00472659262643626,FALSE
STJSrcGen,Deserialize,5,100,Textual,15,0.642679919020456,6.455051279783358e-5,FALSE
STJSrcGen,Deserialize,5,100,Numeric,15,0.6819078203342666,1.602313454117687e-4,FALSE
STJSrcGen,Deserialize,5,100,Boolean,15,0.6043656981732058,2.7933622698892024e-5,FALSE
STJSrcGen,Deserialize,10,5,Textual,15,0.8210810379809443,0.006943996888897355,FALSE
STJSrcGen,Deserialize,10,5,Numeric,15,0.729498816426916,5.233851374042087e-4,FALSE
STJSrcGen,Deserialize,10,5,Boolean,15,0.49464415487468616,3.1849779508439136e-6,FALSE
STJSrcGen,Deserialize,10,20,Textual,15,0.7157156012937012,3.6782353677301994e-4,FALSE
STJSrcGen,Deserialize,10,20,Numeric,15,0.7538280937690688,9.96587516550472e-4,FALSE
STJSrcGen,Deserialize,10,20,Boolean,15,0.7155397470670296,3.6619184648266855e-4,FALSE
STJSrcGen,Deserialize,10,50,Textual,15,0.7417639168832897,7.21592358531107e-4,FALSE
STJSrcGen,Deserialize,10,50,Numeric,15,0.9350017308894047,0.32365052664355753,TRUE
STJSrcGen,Deserialize,10,50,Boolean,15,0.6050464324304848,2.834112046030941e-5,FALSE
STJSrcGen,Deserialize,10,100,Textual,15,0.5828786336597309,1.78083117808676e-5,FALSE
STJSrcGen,Deserialize,10,100,Numeric,15,0.7333107532612204,5.778867594514726e-4,FALSE
STJSrcGen,Deserialize,10,100,Boolean,15,0.6934562037175417,2.1171566882964446e-4,FALSE
STJSrcGen,Deserialize,20,5,Textual,15,0.6951682821020919,2.2074363846587384e-4,FALSE
STJSrcGen,Deserialize,20,5,Numeric,15,0.7221963691744688,4.337177180159479e-4,FALSE
STJSrcGen,Deserialize,20,5,Boolean,15,0.7652541657683934,0.0013621334824708213,FALSE
STJSrcGen,Deserialize,20,20,Textual,15,0.6504181455078932,7.689585006539579e-5,FALSE
STJSrcGen,Deserialize,20,20,Numeric,15,0.7681471515075387,0.0014758424190158442,FALSE
STJSrcGen,Deserialize,20,20,Boolean,15,0.6954710839420115,2.2238268596868198e-4,FALSE
STJSrcGen,Deserialize,20,50,Textual,15,0.6392979184439285,5.9835633896574194e-5,FALSE
STJSrcGen,Deserialize,20,50,Numeric,15,0.6012004146493024,2.6119207087998427e-5,FALSE
STJSrcGen,Deserialize,20,50,Boolean,15,0.6809165946143556,1.5648284414387134e-4,FALSE
STJSrcGen,Deserialize,20,100,Textual,15,0.6930809099070734,2.097898846582948e-4,FALSE
STJSrcGen,Deserialize,20,100,Numeric,15,0.6061772262704372,2.903210372567548e-5,FALSE
STJSrcGen,Deserialize,20,100,Boolean,15,0.6047174711853034,2.814341361609491e-5,FALSE
STJSrcGen,Serialize,2,5,Textual,15,0.53885144899844,7.365507669776362e-6,FALSE
STJSrcGen,Serialize,2,5,Numeric,15,0.5947026492901598,2.277651203188109e-5,FALSE
STJSrcGen,Serialize,2,5,Boolean,15,0.5330475544810366,6.580564468737222e-6,FALSE
STJSrcGen,Serialize,2,20,Textual,15,0.656343028694671,8.804495160606839e-5,FALSE
STJSrcGen,Serialize,2,20,Numeric,15,0.5829212363516358,1.782398060317466e-5,FALSE
STJSrcGen,Serialize,2,20,Boolean,15,0.7602729984957197,0.0011876969288571813,FALSE
STJSrcGen,Serialize,2,50,Textual,15,0.7022022482479575,2.6238484552006585e-4,FALSE
STJSrcGen,Serialize,2,50,Numeric,15,0.7004377588966862,2.512056128893381e-4,FALSE
STJSrcGen,Serialize,2,50,Boolean,15,0.5923690170651905,2.1689943560536458e-5,FALSE
STJSrcGen,Serialize,2,100,Textual,15,0.7702061199643512,0.0015629232057488651,FALSE
STJSrcGen,Serialize,2,100,Numeric,15,0.5269198521962946,5.847600006762546e-6,FALSE
STJSrcGen,Serialize,2,100,Boolean,15,0.7518223115113278,9.440339323854834e-4,FALSE
STJSrcGen,Serialize,5,5,Textual,15,0.607231512184131,2.969253211597539e-5,FALSE
STJSrcGen,Serialize,5,5,Numeric,15,0.5637479881322743,1.2058613987464532e-5,FALSE
STJSrcGen,Serialize,5,5,Boolean,15,0.5824526516191955,1.7652444821122454e-5,FALSE
STJSrcGen,Serialize,5,20,Textual,15,0.4925868237411398,3.0664113288167795e-6,FALSE
STJSrcGen,Serialize,5,20,Numeric,15,0.7165414440793427,3.755907798467223e-4,FALSE
STJSrcGen,Serialize,5,20,Boolean,15,0.513693975361184,4.545684330488436e-6,FALSE
STJSrcGen,Serialize,5,50,Textual,15,0.757646630254042,0.0011054717819805073,FALSE
STJSrcGen,Serialize,5,50,Numeric,15,0.5196132295005202,5.085483476711131e-6,FALSE
STJSrcGen,Serialize,5,50,Boolean,15,0.4658328002200557,1.8876684047788196e-6,FALSE
STJSrcGen,Serialize,5,100,Textual,15,0.660996897472446,9.8009812442199e-5,FALSE
STJSrcGen,Serialize,5,100,Numeric,15,0.6533891956663705,8.228531795056766e-5,FALSE
STJSrcGen,Serialize,5,100,Boolean,15,0.8167536380863031,0.006080923015411484,FALSE
STJSrcGen,Serialize,10,5,Textual,15,0.7930289758219762,0.0029961626415565177,FALSE
STJSrcGen,Serialize,10,5,Numeric,15,0.5307396140708802,6.2936263254254145e-6,FALSE
STJSrcGen,Serialize,10,5,Boolean,15,0.6998279846848632,2.474614556867e-4,FALSE
STJSrcGen,Serialize,10,20,Textual,15,0.6536975630587335,8.286735704321053e-5,FALSE
STJSrcGen,Serialize,10,20,Numeric,15,0.6495646403732399,7.541819082244411e-5,FALSE
STJSrcGen,Serialize,10,20,Boolean,15,0.691823304379665,2.0347176876317567e-4,FALSE
STJSrcGen,Serialize,10,50,Textual,15,0.8925444413928134,0.07328256279124194,TRUE
STJSrcGen,Serialize,10,50,Numeric,15,0.8106307689930066,0.005049559974682015,FALSE
STJSrcGen,Serialize,10,50,Boolean,15,0.6818910897652444,1.6016728633766448e-4,FALSE
STJSrcGen,Serialize,10,100,Textual,15,0.798227862780131,0.003489055263246502,FALSE
STJSrcGen,Serialize,10,100,Numeric,15,0.7128046190185733,3.417844735610118e-4,FALSE
STJSrcGen,Serialize,10,100,Boolean,15,0.6168030430616414,3.647598134649598e-5,FALSE
STJSrcGen,Serialize,20,5,Textual,15,0.6794907969266237,1.5125421218950511e-4,FALSE
STJSrcGen,Serialize,20,5,Numeric,15,0.46851355107465775,1.980375258241353e-6,FALSE
STJSrcGen,Serialize,20,5,Boolean,15,0.5066941760224745,3.984929198554915e-6,FALSE
STJSrcGen,Serialize,20,20,Textual,15,0.5691855119117876,1.3458190889323398e-5,FALSE
STJSrcGen,Serialize,20,20,Numeric,15,0.48799059673169143,2.8181590700215383e-6,FALSE
STJSrcGen,Serialize,20,20,Boolean,15,0.49582374363965764,3.255151212906264e-6,FALSE
STJSrcGen,Serialize,20,50,Textual,15,0.8540252255441454,0.01981074446232818,FALSE
STJSrcGen,Serialize,20,50,Numeric,15,0.623202661943975,4.192198896967699e-5,FALSE
STJSrcGen,Serialize,20,50,Boolean,15,0.6947832310708741,2.1867798790342456e-4,FALSE
STJSrcGen,Serialize,20,100,Textual,15,0.8763313788105899,0.04184160959885979,FALSE
STJSrcGen,Serialize,20,100,Numeric,15,0.6872563510355638,1.821825281240255e-4,FALSE
STJSrcGen,Serialize,20,100,Boolean,15,0.524337554521464,5.565214754357684e-6,FALSE
Newtonsoft,Deserialize,2,5,Textual,15,0.7555601848918596,0.0010444864209896414,FALSE
Newtonsoft,Deserialize,2,5,Numeric,15,0.8594335044323516,0.023683353562287842,FALSE
Newtonsoft,Deserialize,2,5,Boolean,15,0.7131196976461649,3.44505425327326e-4,FALSE
Newtonsoft,Deserialize,2,20,Textual,15,0.6942496523811861,2.1584959173054735e-4,FALSE
Newtonsoft,Deserialize,2,20,Numeric,15,0.6788983948227058,1.491369059103063e-4,FALSE
Newtonsoft,Deserialize,2,20,Boolean,15,0.5896320041902364,2.0485517979673105e-5,FALSE
Newtonsoft,Deserialize,2,50,Textual,15,0.6370860386676567,5.695170524435134e-5,FALSE
Newtonsoft,Deserialize,2,50,Numeric,15,0.5442923793978098,8.192352965901633e-6,FALSE
Newtonsoft,Deserialize,2,50,Boolean,15,0.733779269264708,5.849927163020687e-4,FALSE
Newtonsoft,Deserialize,2,100,Textual,15,0.5009374228429698,3.5789491323996323e-6,FALSE
Newtonsoft,Deserialize,2,100,Numeric,15,0.6495606786696065,7.541140305886414e-5,FALSE
Newtonsoft,Deserialize,2,100,Boolean,15,0.8478005491586824,0.0161668359437324,FALSE
Newtonsoft,Deserialize,5,5,Textual,15,0.824428364218347,0.007700793315148933,FALSE
Newtonsoft,Deserialize,5,5,Numeric,15,0.6932415107093719,2.1061169301627962e-4,FALSE
Newtonsoft,Deserialize,5,5,Boolean,15,0.5978556975188329,2.4337687081012315e-5,FALSE
Newtonsoft,Deserialize,5,20,Textual,15,0.7451133414340176,7.887057858604726e-4,FALSE
Newtonsoft,Deserialize,5,20,Numeric,15,0.434674203550497,1.0925349651811262e-6,FALSE
Newtonsoft,Deserialize,5,20,Boolean,15,0.7588694320169611,0.001142971810902388,FALSE
Newtonsoft,Deserialize,5,50,Textual,15,0.5738681909659338,1.4802399159430843e-5,FALSE
Newtonsoft,Deserialize,5,50,Numeric,15,0.5518135858850295,9.501920153679596e-6,FALSE
Newtonsoft,Deserialize,5,50,Boolean,15,0.5742754206032543,1.4925879708695128e-5,FALSE
Newtonsoft,Deserialize,5,100,Textual,15,0.7127523635991084,3.413354300485249e-4,FALSE
Newtonsoft,Deserialize,5,100,Numeric,15,0.463188674848669,1.8007368537399237e-6,FALSE
Newtonsoft,Deserialize,5,100,Boolean,15,0.6139581455520686,3.430200160872945e-5,FALSE
Newtonsoft,Deserialize,10,5,Textual,15,0.6989799464046668,2.4235304684627992e-4,FALSE
Newtonsoft,Deserialize,10,5,Numeric,15,0.6278706823284494,4.643868273100139e-5,FALSE
Newtonsoft,Deserialize,10,5,Boolean,15,0.5596581101255278,1.1108403429523215e-5,FALSE
Newtonsoft,Deserialize,10,20,Textual,15,0.6256527022726566,4.4231096808343355e-5,FALSE
Newtonsoft,Deserialize,10,20,Numeric,15,0.5869839305782285,1.938787668397308e-5,FALSE
Newtonsoft,Deserialize,10,20,Boolean,15,0.6538036141207026,8.306854087332533e-5,FALSE
Newtonsoft,Deserialize,10,50,Textual,15,0.5013274985692744,3.6050176808474607e-6,FALSE
Newtonsoft,Deserialize,10,50,Numeric,15,0.601077981860496,2.605159987152099e-5,FALSE
Newtonsoft,Deserialize,10,50,Boolean,15,0.6228948303697843,4.1641084570487816e-5,FALSE
Newtonsoft,Deserialize,10,100,Textual,15,0.667698198776532,1.1452909829671193e-4,FALSE
Newtonsoft,Deserialize,10,100,Numeric,15,0.599017288481926,2.4941250178142983e-5,FALSE
Newtonsoft,Deserialize,10,100,Boolean,15,0.49821209977325154,3.4023210464046013e-6,FALSE
Newtonsoft,Deserialize,20,5,Textual,15,0.7210158787937337,4.2083422511927205e-4,FALSE
Newtonsoft,Deserialize,20,5,Numeric,15,0.6160675480018889,3.590020972487732e-5,FALSE
Newtonsoft,Deserialize,20,5,Boolean,15,0.591572929241978,2.1332026677590226e-5,FALSE
Newtonsoft,Deserialize,20,20,Textual,15,0.6242390781469291,4.288269934624051e-5,FALSE
Newtonsoft,Deserialize,20,20,Numeric,15,0.5044983973193509,3.824576330294157e-6,FALSE
Newtonsoft,Deserialize,20,20,Boolean,15,0.5598651245884236,1.1154531078258629e-5,FALSE
Newtonsoft,Deserialize,20,50,Textual,15,0.562581984132464,1.1779191488415124e-5,FALSE
Newtonsoft,Deserialize,20,50,Numeric,15,0.5130666594076552,4.492159619779228e-6,FALSE
Newtonsoft,Deserialize,20,50,Boolean,15,0.5686124172928709,1.3302835914498124e-5,FALSE
Newtonsoft,Deserialize,20,100,Textual,15,0.7119924544503764,3.3487606255683375e-4,FALSE
Newtonsoft,Deserialize,20,100,Numeric,15,0.793417670832213,0.003030312126299438,FALSE
Newtonsoft,Deserialize,20,100,Boolean,15,0.5542077611562505,9.964220604182821e-6,FALSE
Newtonsoft,Serialize,2,5,Textual,15,0.7873106794992046,0.002538536636850901,FALSE
Newtonsoft,Serialize,2,5,Numeric,15,0.7898959494449571,0.0027354447757447233,FALSE
Newtonsoft,Serialize,2,5,Boolean,15,0.9343998586221115,0.31712827152873835,TRUE
Newtonsoft,Serialize,2,20,Textual,15,0.6153173594825214,3.532290808241344e-5,FALSE
Newtonsoft,Serialize,2,20,Numeric,15,0.9572962045447554,0.6455342796630819,TRUE
Newtonsoft,Serialize,2,20,Boolean,15,0.93185412906696,0.29080199580066923,TRUE
Newtonsoft,Serialize,2,50,Textual,15,0.6236624535039517,4.2345330993346936e-5,FALSE
Newtonsoft,Serialize,2,50,Numeric,15,0.6877859413827846,1.8452457471222446e-4,FALSE
Newtonsoft,Serialize,2,50,Boolean,15,0.5334738818154013,6.63507584624476e-6,FALSE
Newtonsoft,Serialize,2,100,Textual,15,0.5286038940806868,6.039947809156874e-6,FALSE
Newtonsoft,Serialize,2,100,Numeric,15,0.8345732844871342,0.010581012356741,FALSE
Newtonsoft,Serialize,2,100,Boolean,15,0.8335727710104498,0.010251678262988019,FALSE
Newtonsoft,Serialize,5,5,Textual,15,0.638629801165194,5.894844012157001e-5,FALSE
Newtonsoft,Serialize,5,5,Numeric,15,0.5272616461473516,5.886104906402915e-6,FALSE
Newtonsoft,Serialize,5,5,Boolean,15,0.6481204977261487,7.29865386245308e-5,FALSE
Newtonsoft,Serialize,5,20,Textual,15,0.5882272916064455,1.989523898411522e-5,FALSE
Newtonsoft,Serialize,5,20,Numeric,15,0.7230223513620421,4.429823571781176e-4,FALSE
Newtonsoft,Serialize,5,20,Boolean,15,0.8766683996703826,0.0423262551494224,FALSE
Newtonsoft,Serialize,5,50,Textual,15,0.7934197778243471,0.0030304983673188537,FALSE
Newtonsoft,Serialize,5,50,Numeric,15,0.6765543279070889,1.4106415605186847e-4,FALSE
Newtonsoft,Serialize,5,50,Boolean,15,0.6495806830384092,7.544568410206568e-5,FALSE
Newtonsoft,Serialize,5,100,Textual,15,0.4155017153543866,7.875259520879026e-7,FALSE
Newtonsoft,Serialize,5,100,Numeric,15,0.47304161081983964,2.1481381737933934e-6,FALSE
Newtonsoft,Serialize,5,100,Boolean,15,0.4359999189541661,1.1178275750876697e-6,FALSE
Newtonsoft,Serialize,10,5,Textual,15,0.7252068664971763,4.6851883920544116e-4,FALSE
Newtonsoft,Serialize,10,5,Numeric,15,0.6867748333584245,1.8008061135986366e-4,FALSE
Newtonsoft,Serialize,10,5,Boolean,15,0.7656637498019263,0.0013776471304523597,FALSE
Newtonsoft,Serialize,10,20,Textual,15,0.6719041626336125,1.2639740075442272e-4,FALSE
Newtonsoft,Serialize,10,20,Numeric,15,0.5533163634583064,9.789357691357452e-6,FALSE
Newtonsoft,Serialize,10,20,Boolean,15,0.8493635777554196,0.01700955138903265,FALSE
Newtonsoft,Serialize,10,50,Textual,15,0.657779899036875,9.100087318338941e-5,FALSE
Newtonsoft,Serialize,10,50,Numeric,15,0.4263187903382889,9.464941943652724e-7,FALSE
Newtonsoft,Serialize,10,50,Boolean,15,0.7454266937020475,7.95317161310354e-4,FALSE
Newtonsoft,Serialize,10,100,Textual,15,0.494382367204692,3.169623637618429e-6,FALSE
Newtonsoft,Serialize,10,100,Numeric,15,0.5844653624004181,1.840192852321187e-5,FALSE
Newtonsoft,Serialize,10,100,Boolean,15,0.749744845663764,8.927089721855877e-4,FALSE
Newtonsoft,Serialize,20,5,Textual,15,0.39287850105782507,5.397161300701096e-7,FALSE
Newtonsoft,Serialize,20,5,Numeric,15,0.5648620257746368,1.233218719120106e-5,FALSE
Newtonsoft,Serialize,20,5,Boolean,15,0.7077308877350088,3.0098961330383126e-4,FALSE
Newtonsoft,Serialize,20,20,Textual,15,0.41087725724081336,7.284586754565646e-7,FALSE
Newtonsoft,Serialize,20,20,Numeric,15,0.5923079093267893,2.1662244314166415e-5,FALSE
Newtonsoft,Serialize,20,20,Boolean,15,0.6119691798236324,3.286440038262518e-5,FALSE
Newtonsoft,Serialize,20,50,Textual,15,0.7598263647623656,0.001173265408960523,FALSE
Newtonsoft,Serialize,20,50,Numeric,15,0.4270209441714228,9.57928934901883e-7,FALSE
Newtonsoft,Serialize,20,50,Boolean,15,0.4546641090087582,1.5482871697109823e-6,FALSE
Newtonsoft,Serialize,20,100,Textual,15,0.5067245906961758,3.987199919511787e-6,FALSE
Newtonsoft,Serialize,20,100,Numeric,15,0.4490786328072709,1.4034832520220794e-6,FALSE
Newtonsoft,Serialize,20,100,Boolean,15,0.5512495271186502,9.396364142684694e-6,FALSE
