Method,Job,AnalyzeLaunchVariance,EvaluateOverhead,MaxAbsoluteError,MaxRelativeError,MinInvokeCount,MinIterationTime,OutlierMode,Affinity,EnvironmentVariables,Jit,LargeAddressAware,Platform,PowerPlanMode,Runtime,AllowVeryLargeObjects,Concurrent,CpuGroups,Force,HeapAffinitizeMask,HeapCount,NoAffinitize,RetainVm,Server,Arguments,BuildConfiguration,Clock,EngineFactory,NuGetReferences,Toolchain,IsMutator,InvocationCount,IterationCount,IterationTime,LaunchCount,MaxIterationCount,MaxWarmupIterationCount,MemoryRandomization,MinIterationCount,MinWarmupIterationCount,RunStrategy,UnrollFactor,WarmupCount,Mean,Error,StdDev,Operations,Median,Iterations,Gen0,PkgE0 (uJ/op),StdDev0 (uJ/op),CV0 (%),PkgE0 (uJ/iter),DRAM E0 (uJ/op),DRAM E0 (uJ/iter),Core E0 (uJ/op),Core E0 (uJ/iter),Avg Temp0 (degC),Gen1,Gen2,Allocated
STJRefGen_Deser_L10000,Energy,False,Default,Default,Default,Default,Default,DontRemove,00000100,Empty,RyuJit,Default,X64,8c5e7fda-e8bf-4a96-9a85-a6e23a8c635c,.NET 10.0,False,True,False,True,Default,Default,False,False,False,Default,Default,Default,Default,Default,Default,Default,Default,Default,1s,Default,Default,Default,Default,Default,Default,Default,16,Default,215.770 μs,3.0763 μs,2.8776 μs,"4,752",214.064 μs,15.00,227.0623,7682.61 uj,108.28 uj,1.41,36507764.00 uj,289.18 uj,1374190.80 uj,6278.44 uj,29835149.13 uj,49.97,136.1532,0.0000,1859.02 KB
STJSrcGen_Deser_L10000,Energy,False,Default,Default,Default,Default,Default,DontRemove,00000100,Empty,RyuJit,Default,X64,8c5e7fda-e8bf-4a96-9a85-a6e23a8c635c,.NET 10.0,False,True,False,True,Default,Default,False,False,False,Default,Default,Default,Default,Default,Default,Default,Default,Default,1s,Default,Default,Default,Default,Default,Default,Default,16,Default,215.984 μs,4.2847 μs,10.5907 μs,"1,680",212.026 μs,72.00,226.7857,7696.81 uj,371.59 uj,4.83,12930635.89 uj,291.40 uj,489550.75 uj,6290.31 uj,10567726.14 uj,49.97,135.7143,0.0000,1859.02 KB
SpanJson_Deser_L10000,Energy,False,Default,Default,Default,Default,Default,DontRemove,00000100,Empty,RyuJit,Default,X64,8c5e7fda-e8bf-4a96-9a85-a6e23a8c635c,.NET 10.0,False,True,False,True,Default,Default,False,False,False,Default,Default,Default,Default,Default,Default,Default,Default,Default,1s,Default,Default,Default,Default,Default,Default,Default,16,Default,"1,156.502 μs",22.6938 μs,38.5358 μs,486,"1,145.748 μs",37.00,226.3374,39798.18 uj,1363.63 uj,3.43,19341913.89 uj,1357.59 uj,659786.59 uj,32302.26 uj,15698898.14 uj,50.19,135.8025,0.0000,1858.55 KB
Utf8Json_Deser_L10000,Energy,False,Default,Default,Default,Default,Default,DontRemove,00000100,Empty,RyuJit,Default,X64,8c5e7fda-e8bf-4a96-9a85-a6e23a8c635c,.NET 10.0,False,True,False,True,Default,Default,False,False,False,Default,Default,Default,Default,Default,Default,Default,Default,Default,1s,Default,Default,Default,Default,Default,Default,Default,16,Default,"2,038.287 μs",39.8426 μs,64.3384 μs,295,"2,021.006 μs",34.00,227.1186,71956.91 uj,2232.56 uj,3.10,21227288.97 uj,2373.61 uj,700214.97 uj,58743.41 uj,17329306.74 uj,51.38,179.6610,0.0000,1858.55 KB
Newtonsoft_Deser_L10000,Energy,False,Default,Default,Default,Default,Default,DontRemove,00000100,Empty,RyuJit,Default,X64,8c5e7fda-e8bf-4a96-9a85-a6e23a8c635c,.NET 10.0,False,True,False,True,Default,Default,False,False,False,Default,Default,Default,Default,Default,Default,Default,Default,Default,1s,Default,Default,Default,Default,Default,Default,Default,16,Default,"3,230.050 μs",27.7344 μs,25.9427 μs,310,"3,223.247 μs",15.00,490.3226,109470.66 uj,872.16 uj,0.80,33935903.53 uj,4124.18 uj,1278496.33 uj,88448.21 uj,27418944.13 uj,48.93,441.9355,248.3871,3843.84 KB
SpanJson_Deser_L20,Energy,False,Default,Default,Default,Default,Default,DontRemove,00000100,Empty,RyuJit,Default,X64,8c5e7fda-e8bf-4a96-9a85-a6e23a8c635c,.NET 10.0,False,True,False,True,Default,Default,False,False,False,Default,Default,Default,Default,Default,Default,Default,Default,Default,1s,Default,Default,Default,Default,Default,Default,Default,16,Default,7.384 μs,0.0478 μs,0.0447 μs,"135,990",7.368 μs,15.00,0.8309,260.31 uj,1.52 uj,0.58,35399652.93 uj,8.37 uj,1138477.60 uj,212.57 uj,28907722.07 uj,50.70,0.0147,0.0000,6.8 KB
STJRefGen_Deser_L20,Energy,False,Default,Default,Default,Default,Default,DontRemove,00000100,Empty,RyuJit,Default,X64,8c5e7fda-e8bf-4a96-9a85-a6e23a8c635c,.NET 10.0,False,True,False,True,Default,Default,False,False,False,Default,Default,Default,Default,Default,Default,Default,Default,Default,1s,Default,Default,Default,Default,Default,Default,Default,16,Default,9.849 μs,0.0621 μs,0.0581 μs,"100,688",9.831 μs,15.00,0.8839,348.12 uj,1.92 uj,0.55,35051436.07 uj,11.23 uj,1130546.93 uj,284.33 uj,28628682.47 uj,51.20,0.0199,0.0000,7.26 KB
STJSrcGen_Deser_L20,Energy,False,Default,Default,Default,Default,Default,DontRemove,00000100,Empty,RyuJit,Default,X64,8c5e7fda-e8bf-4a96-9a85-a6e23a8c635c,.NET 10.0,False,True,False,True,Default,Default,False,False,False,Default,Default,Default,Default,Default,Default,Default,Default,Default,1s,Default,Default,Default,Default,Default,Default,Default,16,Default,10.060 μs,0.1986 μs,0.4682 μs,"41,056",9.966 μs,66.00,0.8769,355.08 uj,16.41 uj,4.62,14578304.08 uj,11.36 uj,466221.39 uj,290.05 uj,11908267.83 uj,51.39,0.0000,0.0000,7.26 KB
Utf8Json_Deser_L20,Energy,False,Default,Default,Default,Default,Default,DontRemove,00000100,Empty,RyuJit,Default,X64,8c5e7fda-e8bf-4a96-9a85-a6e23a8c635c,.NET 10.0,False,True,False,True,Default,Default,False,False,False,Default,Default,Default,Default,Default,Default,Default,Default,Default,1s,Default,Default,Default,Default,Default,Default,Default,16,Default,10.997 μs,0.0488 μs,0.0457 μs,"91,417",10.982 μs,15.00,0.8314,387.87 uj,1.62 uj,0.42,35458140.87 uj,12.34 uj,1128459.73 uj,316.73 uj,28954540.00 uj,51.40,0.0109,0.0000,6.8 KB
Newtonsoft_Deser_L20,Energy,False,Default,Default,Default,Default,Default,DontRemove,00000100,Empty,RyuJit,Default,X64,8c5e7fda-e8bf-4a96-9a85-a6e23a8c635c,.NET 10.0,False,True,False,True,Default,Default,False,False,False,Default,Default,Default,Default,Default,Default,Default,Default,Default,1s,Default,Default,Default,Default,Default,Default,Default,16,Default,19.887 μs,0.1586 μs,0.1484 μs,"50,496",19.829 μs,15.00,1.8813,701.27 uj,5.41 uj,0.77,35411209.13 uj,22.63 uj,1142896.60 uj,572.55 uj,28911722.13 uj,50.87,0.0396,0.0000,15.45 KB
STJSrcGen_Deser_L200,Energy,False,Default,Default,Default,Default,Default,DontRemove,00000100,Empty,RyuJit,Default,X64,8c5e7fda-e8bf-4a96-9a85-a6e23a8c635c,.NET 10.0,False,True,False,True,Default,Default,False,False,False,Default,Default,Default,Default,Default,Default,Default,Default,Default,1s,Default,Default,Default,Default,Default,Default,Default,16,Default,14.379 μs,0.0866 μs,0.0810 μs,"70,000",14.352 μs,15.00,4.9714,507.66 uj,3.15 uj,0.62,35536481.47 uj,16.84 uj,1178895.13 uj,414.58 uj,29020913.73 uj,50.83,0.6000,0.0000,40.66 KB
STJRefGen_Deser_L200,Energy,False,Default,Default,Default,Default,Default,DontRemove,00000100,Empty,RyuJit,Default,X64,8c5e7fda-e8bf-4a96-9a85-a6e23a8c635c,.NET 10.0,False,True,False,True,Default,Default,False,False,False,Default,Default,Default,Default,Default,Default,Default,Default,Default,1s,Default,Default,Default,Default,Default,Default,Default,16,Default,14.418 μs,0.0861 μs,0.0806 μs,"69,696",14.395 μs,15.00,4.9644,509.98 uj,2.94 uj,0.58,35543683.47 uj,17.00 uj,1184913.27 uj,416.48 uj,29027008.93 uj,50.87,0.5883,0.0000,40.66 KB
SpanJson_Deser_L200,Energy,False,Default,Default,Default,Default,Default,DontRemove,00000100,Empty,RyuJit,Default,X64,8c5e7fda-e8bf-4a96-9a85-a6e23a8c635c,.NET 10.0,False,True,False,True,Default,Default,False,False,False,Default,Default,Default,Default,Default,Default,Default,Default,Default,1s,Default,Default,Default,Default,Default,Default,Default,16,Default,24.499 μs,0.1606 μs,0.1503 μs,"41,047",24.457 μs,15.00,4.8968,843.75 uj,5.18 uj,0.61,34633472.47 uj,27.48 uj,1128134.47 uj,685.24 uj,28127084.60 uj,50.40,0.5603,0.0000,40.2 KB
Utf8Json_Deser_L200,Energy,False,Default,Default,Default,Default,Default,DontRemove,00000100,Empty,RyuJit,Default,X64,8c5e7fda-e8bf-4a96-9a85-a6e23a8c635c,.NET 10.0,False,True,False,True,Default,Default,False,False,False,Default,Default,Default,Default,Default,Default,Default,Default,Default,1s,Default,Default,Default,Default,Default,Default,Default,16,Default,54.053 μs,0.3295 μs,0.3082 μs,"18,559",53.901 μs,15.00,4.9033,1906.73 uj,10.36 uj,0.54,35386998.33 uj,60.77 uj,1127886.13 uj,1557.02 uj,28896691.27 uj,50.87,0.3233,0.0000,40.2 KB
Newtonsoft_Deser_L200,Energy,False,Default,Default,Default,Default,Default,DontRemove,00000100,Empty,RyuJit,Default,X64,8c5e7fda-e8bf-4a96-9a85-a6e23a8c635c,.NET 10.0,False,True,False,True,Default,Default,False,False,False,Default,Default,Default,Default,Default,Default,Default,Default,Default,1s,Default,Default,Default,Default,Default,Default,Default,16,Default,55.560 μs,0.2390 μs,0.2236 μs,"18,064",55.505 μs,15.00,10.5182,1953.23 uj,5.90 uj,0.30,35283129.13 uj,64.41 uj,1163457.27 uj,1593.47 uj,28784399.07 uj,50.43,1.3286,0.0000,86.27 KB
STJSrcGen_Deser_L2000,Energy,False,Default,Default,Default,Default,Default,DontRemove,00000100,Empty,RyuJit,Default,X64,8c5e7fda-e8bf-4a96-9a85-a6e23a8c635c,.NET 10.0,False,True,False,True,Default,Default,False,False,False,Default,Default,Default,Default,Default,Default,Default,Default,Default,1s,Default,Default,Default,Default,Default,Default,Default,16,Default,49.835 μs,0.3894 μs,0.3642 μs,"20,416",49.770 μs,15.00,45.8464,1785.28 uj,14.03 uj,0.79,36448360.40 uj,64.08 uj,1308183.53 uj,1461.52 uj,29838428.87 uj,50.17,17.8781,0.0000,374.64 KB
STJRefGen_Deser_L2000,Energy,False,Default,Default,Default,Default,Default,DontRemove,00000100,Empty,RyuJit,Default,X64,8c5e7fda-e8bf-4a96-9a85-a6e23a8c635c,.NET 10.0,False,True,False,True,Default,Default,False,False,False,Default,Default,Default,Default,Default,Default,Default,Default,Default,1s,Default,Default,Default,Default,Default,Default,Default,16,Default,50.542 μs,0.9964 μs,2.3485 μs,"7,168",49.866 μs,66.00,45.7589,1792.82 uj,81.88 uj,4.57,12850935.00 uj,59.45 uj,426160.27 uj,1465.43 uj,10504177.12 uj,50.24,17.8571,0.0000,374.64 KB
SpanJson_Deser_L2000,Energy,False,Default,Default,Default,Default,Default,DontRemove,00000100,Empty,RyuJit,Default,X64,8c5e7fda-e8bf-4a96-9a85-a6e23a8c635c,.NET 10.0,False,True,False,True,Default,Default,False,False,False,Default,Default,Default,Default,Default,Default,Default,Default,Default,1s,Default,Default,Default,Default,Default,Default,Default,16,Default,234.740 μs,2.0756 μs,1.9416 μs,"4,218",234.489 μs,15.00,45.7563,8075.05 uj,65.32 uj,0.81,34060549.27 uj,269.29 uj,1135885.80 uj,6554.66 uj,27647540.67 uj,49.93,16.5955,0.0000,374.18 KB
Utf8Json_Deser_L2000,Energy,False,Default,Default,Default,Default,Default,DontRemove,00000100,Empty,RyuJit,Default,X64,8c5e7fda-e8bf-4a96-9a85-a6e23a8c635c,.NET 10.0,False,True,False,True,Default,Default,False,False,False,Default,Default,Default,Default,Default,Default,Default,Default,Default,1s,Default,Default,Default,Default,Default,Default,Default,16,Default,411.298 μs,3.2627 μs,3.0519 μs,"2,417",410.508 μs,15.00,45.5110,14545.59 uj,99.85 uj,0.69,35156684.87 uj,464.73 uj,1123263.60 uj,11885.49 uj,28727229.40 uj,51.33,16.1357,0.0000,374.18 KB
Newtonsoft_Deser_L2000,Energy,False,Default,Default,Default,Default,Default,DontRemove,00000100,Empty,RyuJit,Default,X64,8c5e7fda-e8bf-4a96-9a85-a6e23a8c635c,.NET 10.0,False,True,False,True,Default,Default,False,False,False,Default,Default,Default,Default,Default,Default,Default,Default,Default,1s,Default,Default,Default,Default,Default,Default,Default,16,Default,583.412 μs,2.4924 μs,2.3314 μs,"1,714",582.572 μs,15.00,129.5216,19760.63 uj,85.23 uj,0.43,33869721.20 uj,678.98 uj,1163770.60 uj,15984.41 uj,27397284.93 uj,49.20,98.5998,82.8471,754.42 KB
SpanJson_Deser_L5,Energy,False,Default,Default,Default,Default,Default,DontRemove,00000100,Empty,RyuJit,Default,X64,8c5e7fda-e8bf-4a96-9a85-a6e23a8c635c,.NET 10.0,False,True,False,True,Default,Default,False,False,False,Default,Default,Default,Default,Default,Default,Default,Default,Default,1s,Default,Default,Default,Default,Default,Default,Default,16,Default,5.689 μs,0.0424 μs,0.0397 μs,"176,525",5.677 μs,15.00,0.4645,200.62 uj,1.39 uj,0.69,35414895.53 uj,6.44 uj,1137354.73 uj,163.82 uj,28918305.67 uj,50.70,0.0057,0.0000,3.83 KB
Utf8Json_Deser_L5,Energy,False,Default,Default,Default,Default,Default,DontRemove,00000100,Empty,RyuJit,Default,X64,8c5e7fda-e8bf-4a96-9a85-a6e23a8c635c,.NET 10.0,False,True,False,True,Default,Default,False,False,False,Default,Default,Default,Default,Default,Default,Default,Default,Default,1s,Default,Default,Default,Default,Default,Default,Default,16,Default,7.329 μs,0.0680 μs,0.0636 μs,"133,906",7.314 μs,15.00,0.4630,258.62 uj,2.21 uj,0.86,34630111.60 uj,8.24 uj,1103626.60 uj,211.16 uj,28274960.40 uj,51.03,0.0000,0.0000,3.83 KB
STJSrcGen_Deser_L5,Energy,False,Default,Default,Default,Default,Default,DontRemove,00000100,Empty,RyuJit,Default,X64,8c5e7fda-e8bf-4a96-9a85-a6e23a8c635c,.NET 10.0,False,True,False,True,Default,Default,False,False,False,Default,Default,Default,Default,Default,Default,Default,Default,Default,1s,Default,Default,Default,Default,Default,Default,Default,16,Default,9.123 μs,0.0591 μs,0.0553 μs,"109,344",9.098 μs,15.00,0.5213,322.46 uj,2.00 uj,0.62,35259223.73 uj,10.34 uj,1130164.80 uj,263.39 uj,28799905.93 uj,50.87,0.0000,0.0000,4.29 KB
STJRefGen_Deser_L5,Energy,False,Default,Default,Default,Default,Default,DontRemove,00000100,Empty,RyuJit,Default,X64,8c5e7fda-e8bf-4a96-9a85-a6e23a8c635c,.NET 10.0,False,True,False,True,Default,Default,False,False,False,Default,Default,Default,Default,Default,Default,Default,Default,Default,1s,Default,Default,Default,Default,Default,Default,Default,16,Default,9.629 μs,0.0519 μs,0.0485 μs,"103,120",9.604 μs,15.00,0.5237,339.91 uj,1.73 uj,0.51,35051187.93 uj,10.88 uj,1121969.60 uj,277.55 uj,28621455.87 uj,50.73,0.0000,0.0000,4.29 KB
Newtonsoft_Deser_L5,Energy,False,Default,Default,Default,Default,Default,DontRemove,00000100,Empty,RyuJit,Default,X64,8c5e7fda-e8bf-4a96-9a85-a6e23a8c635c,.NET 10.0,False,True,False,True,Default,Default,False,False,False,Default,Default,Default,Default,Default,Default,Default,Default,Default,1s,Default,Default,Default,Default,Default,Default,Default,16,Default,15.933 μs,0.0970 μs,0.0907 μs,"62,736",15.903 μs,15.00,1.1795,562.23 uj,3.19 uj,0.57,35271898.67 uj,18.00 uj,1129314.27 uj,459.02 uj,28797220.33 uj,50.57,0.0159,0.0000,9.7 KB
STJSrcGen_Deser_L50,Energy,False,Default,Default,Default,Default,Default,DontRemove,00000100,Empty,RyuJit,Default,X64,8c5e7fda-e8bf-4a96-9a85-a6e23a8c635c,.NET 10.0,False,True,False,True,Default,Default,False,False,False,Default,Default,Default,Default,Default,Default,Default,Default,Default,1s,Default,Default,Default,Default,Default,Default,Default,16,Default,11.415 μs,0.0739 μs,0.0691 μs,"87,488",11.380 μs,15.00,1.6116,403.07 uj,2.53 uj,0.63,35263903.13 uj,13.11 uj,1147169.13 uj,329.12 uj,28794473.87 uj,50.80,0.0686,0.0000,13.2 KB
STJRefGen_Deser_L50,Energy,False,Default,Default,Default,Default,Default,DontRemove,00000100,Empty,RyuJit,Default,X64,8c5e7fda-e8bf-4a96-9a85-a6e23a8c635c,.NET 10.0,False,True,False,True,Default,Default,False,False,False,Default,Default,Default,Default,Default,Default,Default,Default,Default,1s,Default,Default,Default,Default,Default,Default,Default,16,Default,11.467 μs,0.0874 μs,0.0818 μs,"86,208",11.429 μs,15.00,1.6124,404.92 uj,2.76 uj,0.68,34907474.87 uj,12.98 uj,1118580.33 uj,330.64 uj,28503414.13 uj,51.03,0.0696,0.0000,13.2 KB
SpanJson_Deser_L50,Energy,False,Default,Default,Default,Default,Default,DontRemove,00000100,Empty,RyuJit,Default,X64,8c5e7fda-e8bf-4a96-9a85-a6e23a8c635c,.NET 10.0,False,True,False,True,Default,Default,False,False,False,Default,Default,Default,Default,Default,Default,Default,Default,Default,1s,Default,Default,Default,Default,Default,Default,Default,16,Default,11.678 μs,0.1233 μs,0.1153 μs,"85,532",11.659 μs,15.00,1.5550,408.15 uj,4.44 uj,1.09,34909668.13 uj,13.29 uj,1137004.67 uj,332.57 uj,28444962.93 uj,50.53,0.0585,0.0000,12.73 KB
Utf8Json_Deser_L50,Energy,False,Default,Default,Default,Default,Default,DontRemove,00000100,Empty,RyuJit,Default,X64,8c5e7fda-e8bf-4a96-9a85-a6e23a8c635c,.NET 10.0,False,True,False,True,Default,Default,False,False,False,Default,Default,Default,Default,Default,Default,Default,Default,Default,1s,Default,Default,Default,Default,Default,Default,Default,16,Default,20.542 μs,0.1009 μs,0.0944 μs,"48,864",20.518 μs,15.00,1.5553,724.45 uj,3.30 uj,0.45,35399575.73 uj,23.25 uj,1136130.00 uj,591.53 uj,28904662.33 uj,50.70,0.0205,0.0000,12.73 KB
Newtonsoft_Deser_L50,Energy,False,Default,Default,Default,Default,Default,DontRemove,00000100,Empty,RyuJit,Default,X64,8c5e7fda-e8bf-4a96-9a85-a6e23a8c635c,.NET 10.0,False,True,False,True,Default,Default,False,False,False,Default,Default,Default,Default,Default,Default,Default,Default,Default,1s,Default,Default,Default,Default,Default,Default,Default,16,Default,24.861 μs,0.1462 μs,0.1368 μs,"38,560",24.815 μs,15.00,3.2936,877.16 uj,4.88 uj,0.56,33823106.73 uj,28.63 uj,1103842.40 uj,716.11 uj,27613263.47 uj,50.67,0.2593,0.0000,26.95 KB
STJSrcGen_Deser_L500,Energy,False,Default,Default,Default,Default,Default,DontRemove,00000100,Empty,RyuJit,Default,X64,8c5e7fda-e8bf-4a96-9a85-a6e23a8c635c,.NET 10.0,False,True,False,True,Default,Default,False,False,False,Default,Default,Default,Default,Default,Default,Default,Default,Default,1s,Default,Default,Default,Default,Default,Default,Default,16,Default,19.386 μs,0.1282 μs,0.1199 μs,"52,272",19.358 μs,15.00,11.7845,687.60 uj,4.61 uj,0.67,35942209.53 uj,23.69 uj,1238493.73 uj,561.95 uj,29374371.33 uj,50.67,2.3531,0.0000,96.32 KB
STJRefGen_Deser_L500,Energy,False,Default,Default,Default,Default,Default,DontRemove,00000100,Empty,RyuJit,Default,X64,8c5e7fda-e8bf-4a96-9a85-a6e23a8c635c,.NET 10.0,False,True,False,True,Default,Default,False,False,False,Default,Default,Default,Default,Default,Default,Default,Default,Default,1s,Default,Default,Default,Default,Default,Default,Default,16,Default,19.467 μs,0.1262 μs,0.1181 μs,"52,080",19.443 μs,15.00,11.7896,687.46 uj,4.10 uj,0.60,35802789.27 uj,23.75 uj,1237097.93 uj,561.16 uj,29225006.53 uj,50.63,2.3425,0.0000,96.32 KB
SpanJson_Deser_L500,Energy,False,Default,Default,Default,Default,Default,DontRemove,00000100,Empty,RyuJit,Default,X64,8c5e7fda-e8bf-4a96-9a85-a6e23a8c635c,.NET 10.0,False,True,False,True,Default,Default,False,False,False,Default,Default,Default,Default,Default,Default,Default,Default,Default,1s,Default,Default,Default,Default,Default,Default,Default,16,Default,48.913 μs,0.4915 μs,0.4597 μs,"20,112",48.818 μs,15.00,11.7343,1680.04 uj,16.10 uj,0.96,33788866.00 uj,55.00 uj,1106145.33 uj,1363.16 uj,27415929.27 uj,50.30,2.4364,0.0000,95.86 KB
Utf8Json_Deser_L500,Energy,False,Default,Default,Default,Default,Default,DontRemove,00000100,Empty,RyuJit,Default,X64,8c5e7fda-e8bf-4a96-9a85-a6e23a8c635c,.NET 10.0,False,True,False,True,Default,Default,False,False,False,Default,Default,Default,Default,Default,Default,Default,Default,Default,1s,Default,Default,Default,Default,Default,Default,Default,16,Default,121.468 μs,0.9876 μs,0.9238 μs,"7,934",121.201 μs,15.00,11.7217,4284.61 uj,32.31 uj,0.75,33994086.20 uj,137.48 uj,1090764.67 uj,3498.29 uj,27755401.67 uj,51.27,1.7646,0.0000,95.86 KB
Newtonsoft_Deser_L500,Energy,False,Default,Default,Default,Default,Default,DontRemove,00000100,Empty,RyuJit,Default,X64,8c5e7fda-e8bf-4a96-9a85-a6e23a8c635c,.NET 10.0,False,True,False,True,Default,Default,False,False,False,Default,Default,Default,Default,Default,Default,Default,Default,Default,1s,Default,Default,Default,Default,Default,Default,Default,16,Default,167.191 μs,0.9974 μs,0.9330 μs,"5,088",167.089 μs,15.00,38.7186,5675.50 uj,36.69 uj,0.65,28876940.13 uj,191.34 uj,973561.20 uj,4592.82 uj,23368262.87 uj,49.03,25.5503,23.1918,221.69 KB
STJSrcGen_Ser_L10000,Energy,False,Default,Default,Default,Default,Default,DontRemove,00000100,Empty,RyuJit,Default,X64,8c5e7fda-e8bf-4a96-9a85-a6e23a8c635c,.NET 10.0,False,True,False,True,Default,Default,False,False,False,Default,Default,Default,Default,Default,Default,Default,Default,Default,1s,Default,Default,Default,Default,Default,Default,Default,16,Default,427.831 μs,8.4063 μs,10.6312 μs,"2,272",428.248 μs,23.00,56.7782,14808.51 uj,351.54 uj,2.37,33644941.22 uj,629.11 uj,1429346.78 uj,12004.91 uj,27275159.00 uj,48.70,56.7782,56.7782,928.93 KB
STJRefGen_Ser_L10000,Energy,False,Default,Default,Default,Default,Default,DontRemove,00000100,Empty,RyuJit,Default,X64,8c5e7fda-e8bf-4a96-9a85-a6e23a8c635c,.NET 10.0,False,True,False,True,Default,Default,False,False,False,Default,Default,Default,Default,Default,Default,Default,Default,Default,1s,Default,Default,Default,Default,Default,Default,Default,16,Default,447.367 μs,8.8871 μs,20.9479 μs,944,448.199 μs,66.00,56.1441,15398.52 uj,705.99 uj,4.58,14536201.02 uj,650.96 uj,614505.95 uj,12474.79 uj,11776203.85 uj,48.73,56.1441,56.1441,929.58 KB
Newtonsoft_Ser_L10000,Energy,False,Default,Default,Default,Default,Default,DontRemove,00000100,Empty,RyuJit,Default,X64,8c5e7fda-e8bf-4a96-9a85-a6e23a8c635c,.NET 10.0,False,True,False,True,Default,Default,False,False,False,Default,Default,Default,Default,Default,Default,Default,Default,Default,1s,Default,Default,Default,Default,Default,Default,Default,16,Default,"2,670.778 μs",14.6863 μs,13.7376 μs,304,"2,667.001 μs",15.00,730.2632,89739.61 uj,573.77 uj,0.64,27280842.40 uj,3602.82 uj,1095256.80 uj,72409.02 uj,22012342.00 uj,48.43,667.7632,500.0000,4665.65 KB
SpanJson_Ser_L10000,Energy,False,Default,Default,Default,Default,Default,DontRemove,00000100,Empty,RyuJit,Default,X64,8c5e7fda-e8bf-4a96-9a85-a6e23a8c635c,.NET 10.0,False,True,False,True,Default,Default,False,False,False,Default,Default,Default,Default,Default,Default,Default,Default,Default,1s,Default,Default,Default,Default,Default,Default,Default,16,Default,"5,426.689 μs",77.6622 μs,72.6452 μs,178,"5,406.513 μs",15.00,168.5393,183923.74 uj,2238.46 uj,1.22,32738425.40 uj,6122.91 uj,1089877.53 uj,148803.40 uj,26487004.80 uj,49.13,168.5393,168.5393,929.08 KB
Utf8Json_Ser_L10000,Energy,False,Default,Default,Default,Default,Default,DontRemove,00000100,Empty,RyuJit,Default,X64,8c5e7fda-e8bf-4a96-9a85-a6e23a8c635c,.NET 10.0,False,True,False,True,Default,Default,False,False,False,Default,Default,Default,Default,Default,Default,Default,Default,Default,1s,Default,Default,Default,Default,Default,Default,Default,16,Default,"5,884.040 μs",114.8055 μs,145.1922 μs,166,"5,905.470 μs",23.00,433.7349,200160.41 uj,4564.03 uj,2.28,33226628.65 uj,6797.35 uj,1128359.30 uj,162047.48 uj,26899881.26 uj,49.46,433.7349,433.7349,2849.37 KB
STJSrcGen_Ser_L20,Energy,False,Default,Default,Default,Default,Default,DontRemove,00000100,Empty,RyuJit,Default,X64,8c5e7fda-e8bf-4a96-9a85-a6e23a8c635c,.NET 10.0,False,True,False,True,Default,Default,False,False,False,Default,Default,Default,Default,Default,Default,Default,Default,Default,1s,Default,Default,Default,Default,Default,Default,Default,16,Default,3.642 μs,0.0240 μs,0.0225 μs,"273,808",3.630 μs,15.00,0.3652,129.39 uj,0.82 uj,0.63,35426756.47 uj,4.10 uj,1122535.40 uj,105.77 uj,28961144.00 uj,51.53,0.0000,0.0000,3.01 KB
STJRefGen_Ser_L20,Energy,False,Default,Default,Default,Default,Default,DontRemove,00000100,Empty,RyuJit,Default,X64,8c5e7fda-e8bf-4a96-9a85-a6e23a8c635c,.NET 10.0,False,True,False,True,Default,Default,False,False,False,Default,Default,Default,Default,Default,Default,Default,Default,Default,1s,Default,Default,Default,Default,Default,Default,Default,16,Default,4.730 μs,0.0317 μs,0.0297 μs,"210,528",4.717 μs,15.00,0.4037,170.46 uj,1.00 uj,0.59,35886976.87 uj,5.39 uj,1134014.00 uj,139.80 uj,29431475.80 uj,51.43,0.0000,0.0000,3.31 KB
Utf8Json_Ser_L20,Energy,False,Default,Default,Default,Default,Default,DontRemove,00000100,Empty,RyuJit,Default,X64,8c5e7fda-e8bf-4a96-9a85-a6e23a8c635c,.NET 10.0,False,True,False,True,Default,Default,False,False,False,Default,Default,Default,Default,Default,Default,Default,Default,Default,1s,Default,Default,Default,Default,Default,Default,Default,16,Default,6.837 μs,0.0618 μs,0.0578 μs,"142,604",6.825 μs,15.00,0.3646,239.87 uj,1.62 uj,0.67,34206561.00 uj,7.69 uj,1096070.73 uj,195.61 uj,27895180.07 uj,50.70,0.0000,0.0000,3.01 KB
SpanJson_Ser_L20,Energy,False,Default,Default,Default,Default,Default,DontRemove,00000100,Empty,RyuJit,Default,X64,8c5e7fda-e8bf-4a96-9a85-a6e23a8c635c,.NET 10.0,False,True,False,True,Default,Default,False,False,False,Default,Default,Default,Default,Default,Default,Default,Default,Default,1s,Default,Default,Default,Default,Default,Default,Default,16,Default,6.944 μs,0.0567 μs,0.0530 μs,"144,379",6.936 μs,15.00,0.3602,243.81 uj,2.08 uj,0.85,35201041.13 uj,7.79 uj,1124814.20 uj,198.87 uj,28713130.33 uj,50.83,0.0000,0.0000,2.99 KB
Newtonsoft_Ser_L20,Energy,False,Default,Default,Default,Default,Default,DontRemove,00000100,Empty,RyuJit,Default,X64,8c5e7fda-e8bf-4a96-9a85-a6e23a8c635c,.NET 10.0,False,True,False,True,Default,Default,False,False,False,Default,Default,Default,Default,Default,Default,Default,Default,Default,1s,Default,Default,Default,Default,Default,Default,Default,16,Default,11.573 μs,0.0678 μs,0.0634 μs,"85,856",11.542 μs,15.00,2.2247,408.37 uj,2.25 uj,0.55,35061258.87 uj,13.36 uj,1146815.13 uj,333.41 uj,28625463.93 uj,50.73,0.0699,0.0000,18.27 KB
STJSrcGen_Ser_L200,Energy,False,Default,Default,Default,Default,Default,DontRemove,00000100,Empty,RyuJit,Default,X64,8c5e7fda-e8bf-4a96-9a85-a6e23a8c635c,.NET 10.0,False,True,False,True,Default,Default,False,False,False,Default,Default,Default,Default,Default,Default,Default,Default,Default,1s,Default,Default,Default,Default,Default,Default,Default,16,Default,6.715 μs,0.0491 μs,0.0459 μs,"150,128",6.710 μs,15.00,2.3980,242.98 uj,1.56 uj,0.64,36478051.93 uj,7.74 uj,1162668.00 uj,199.44 uj,29941573.73 uj,51.13,0.0000,0.0000,19.7 KB
STJRefGen_Ser_L200,Energy,False,Default,Default,Default,Default,Default,DontRemove,00000100,Empty,RyuJit,Default,X64,8c5e7fda-e8bf-4a96-9a85-a6e23a8c635c,.NET 10.0,False,True,False,True,Default,Default,False,False,False,Default,Default,Default,Default,Default,Default,Default,Default,Default,1s,Default,Default,Default,Default,Default,Default,Default,16,Default,9.170 μs,0.0525 μs,0.0491 μs,"109,968",9.150 μs,15.00,2.4371,329.25 uj,2.02 uj,0.61,36207109.40 uj,10.68 uj,1174773.27 uj,269.73 uj,29661296.87 uj,51.13,0.0000,0.0000,20.01 KB
Newtonsoft_Ser_L200,Energy,False,Default,Default,Default,Default,Default,DontRemove,00000100,Empty,RyuJit,Default,X64,8c5e7fda-e8bf-4a96-9a85-a6e23a8c635c,.NET 10.0,False,True,False,True,Default,Default,False,False,False,Default,Default,Default,Default,Default,Default,Default,Default,Default,1s,Default,Default,Default,Default,Default,Default,Default,16,Default,38.935 μs,0.2275 μs,0.2128 μs,"25,792",38.848 μs,15.00,13.1436,1379.13 uj,7.10 uj,0.51,35570575.47 uj,45.24 uj,1166956.60 uj,1127.06 uj,29069249.13 uj,50.87,1.6284,0.0000,107.82 KB
Utf8Json_Ser_L200,Energy,False,Default,Default,Default,Default,Default,DontRemove,00000100,Empty,RyuJit,Default,X64,8c5e7fda-e8bf-4a96-9a85-a6e23a8c635c,.NET 10.0,False,True,False,True,Default,Default,False,False,False,Default,Default,Default,Default,Default,Default,Default,Default,Default,1s,Default,Default,Default,Default,Default,Default,Default,16,Default,100.186 μs,0.8647 μs,0.8089 μs,"9,703",99.866 μs,15.00,2.3704,3451.89 uj,28.86 uj,0.84,33493725.33 uj,112.57 uj,1092233.47 uj,2802.79 uj,27195515.53 uj,49.83,0.0000,0.0000,19.7 KB
SpanJson_Ser_L200,Energy,False,Default,Default,Default,Default,Default,DontRemove,00000100,Empty,RyuJit,Default,X64,8c5e7fda-e8bf-4a96-9a85-a6e23a8c635c,.NET 10.0,False,True,False,True,Default,Default,False,False,False,Default,Default,Default,Default,Default,Default,Default,Default,Default,1s,Default,Default,Default,Default,Default,Default,Default,16,Default,123.918 μs,0.9358 μs,0.8754 μs,"8,108",123.683 μs,15.00,2.3434,4250.98 uj,30.56 uj,0.72,34466960.87 uj,138.89 uj,1126124.33 uj,3447.82 uj,27954929.13 uj,49.10,0.0000,0.0000,19.69 KB
STJSrcGen_Ser_L2000,Energy,False,Default,Default,Default,Default,Default,DontRemove,00000100,Empty,RyuJit,Default,X64,8c5e7fda-e8bf-4a96-9a85-a6e23a8c635c,.NET 10.0,False,True,False,True,Default,Default,False,False,False,Default,Default,Default,Default,Default,Default,Default,Default,Default,1s,Default,Default,Default,Default,Default,Default,Default,16,Default,98.108 μs,1.9576 μs,3.5299 μs,"10,928",97.763 μs,41.00,10.7064,3386.69 uj,117.41 uj,3.47,37009795.93 uj,134.52 uj,1470001.10 uj,2745.54 uj,30003216.15 uj,48.33,10.7064,10.7064,186.7 KB
STJRefGen_Ser_L2000,Energy,False,Default,Default,Default,Default,Default,DontRemove,00000100,Empty,RyuJit,Default,X64,8c5e7fda-e8bf-4a96-9a85-a6e23a8c635c,.NET 10.0,False,True,False,True,Default,Default,False,False,False,Default,Default,Default,Default,Default,Default,Default,Default,Default,1s,Default,Default,Default,Default,Default,Default,Default,16,Default,108.380 μs,2.1362 μs,4.0644 μs,"8,416",107.875 μs,45.00,12.8327,3745.11 uj,134.75 uj,3.60,31518826.64 uj,144.92 uj,1219661.00 uj,3038.40 uj,25571167.96 uj,48.64,12.8327,12.8327,187.06 KB
Newtonsoft_Ser_L2000,Energy,False,Default,Default,Default,Default,Default,DontRemove,00000100,Empty,RyuJit,Default,X64,8c5e7fda-e8bf-4a96-9a85-a6e23a8c635c,.NET 10.0,False,True,False,True,Default,Default,False,False,False,Default,Default,Default,Default,Default,Default,Default,Default,Default,1s,Default,Default,Default,Default,Default,Default,Default,16,Default,691.293 μs,3.4823 μs,3.2573 μs,"1,392",690.692 μs,15.00,161.6379,23425.70 uj,119.05 uj,0.51,32608579.40 uj,793.61 uj,1104709.07 uj,18951.43 uj,26380389.07 uj,48.73,135.0575,115.6609,938.82 KB
SpanJson_Ser_L2000,Energy,False,Default,Default,Default,Default,Default,DontRemove,00000100,Empty,RyuJit,Default,X64,8c5e7fda-e8bf-4a96-9a85-a6e23a8c635c,.NET 10.0,False,True,False,True,Default,Default,False,False,False,Default,Default,Default,Default,Default,Default,Default,Default,Default,1s,Default,Default,Default,Default,Default,Default,Default,16,Default,"1,031.391 μs",19.2505 μs,18.0070 μs,992,"1,032.155 μs",15.00,43.3468,35089.90 uj,579.13 uj,1.65,34809180.13 uj,1155.38 uj,1146135.47 uj,28414.06 uj,28186744.27 uj,49.30,43.3468,43.3468,186.73 KB
Utf8Json_Ser_L2000,Energy,False,Default,Default,Default,Default,Default,DontRemove,00000100,Empty,RyuJit,Default,X64,8c5e7fda-e8bf-4a96-9a85-a6e23a8c635c,.NET 10.0,False,True,False,True,Default,Default,False,False,False,Default,Default,Default,Default,Default,Default,Default,Default,Default,1s,Default,Default,Default,Default,Default,Default,Default,16,Default,"1,215.914 μs",23.6683 μs,26.3072 μs,833,"1,210.678 μs",19.00,96.0384,41113.53 uj,867.62 uj,2.11,34247573.74 uj,1375.04 uj,1145408.42 uj,33245.38 uj,27693401.05 uj,49.08,96.0384,96.0384,570.83 KB
SpanJson_Ser_L5,Energy,False,Default,Default,Default,Default,Default,DontRemove,00000100,Empty,RyuJit,Default,X64,8c5e7fda-e8bf-4a96-9a85-a6e23a8c635c,.NET 10.0,False,True,False,True,Default,Default,False,False,False,Default,Default,Default,Default,Default,Default,Default,Default,Default,1s,Default,Default,Default,Default,Default,Default,Default,16,Default,2.706 μs,0.0251 μs,0.0234 μs,"358,610",2.699 μs,15.00,0.1952,95.49 uj,0.79 uj,0.83,34245416.20 uj,3.06 uj,1095867.07 uj,77.98 uj,27964906.33 uj,51.40,0.0000,0.0000,1.6 KB
Utf8Json_Ser_L5,Energy,False,Default,Default,Default,Default,Default,DontRemove,00000100,Empty,RyuJit,Default,X64,8c5e7fda-e8bf-4a96-9a85-a6e23a8c635c,.NET 10.0,False,True,False,True,Default,Default,False,False,False,Default,Default,Default,Default,Default,Default,Default,Default,Default,1s,Default,Default,Default,Default,Default,Default,Default,16,Default,3.055 μs,0.0346 μs,0.0324 μs,"319,092",3.043 μs,15.00,0.1943,107.61 uj,1.15 uj,1.07,34337147.60 uj,3.43 uj,1093804.07 uj,87.85 uj,28030779.53 uj,50.60,0.0000,0.0000,1.61 KB
STJSrcGen_Ser_L5,Energy,False,Default,Default,Default,Default,Default,DontRemove,00000100,Empty,RyuJit,Default,X64,8c5e7fda-e8bf-4a96-9a85-a6e23a8c635c,.NET 10.0,False,True,False,True,Default,Default,False,False,False,Default,Default,Default,Default,Default,Default,Default,Default,Default,1s,Default,Default,Default,Default,Default,Default,Default,16,Default,3.316 μs,0.0217 μs,0.0203 μs,"301,120",3.307 μs,15.00,0.1959,117.12 uj,0.72 uj,0.61,35266177.67 uj,3.75 uj,1130115.93 uj,95.64 uj,28800341.47 uj,51.33,0.0000,0.0000,1.61 KB
STJRefGen_Ser_L5,Energy,False,Default,Default,Default,Default,Default,DontRemove,00000100,Empty,RyuJit,Default,X64,8c5e7fda-e8bf-4a96-9a85-a6e23a8c635c,.NET 10.0,False,True,False,True,Default,Default,False,False,False,Default,Default,Default,Default,Default,Default,Default,Default,Default,1s,Default,Default,Default,Default,Default,Default,Default,16,Default,4.423 μs,0.0250 μs,0.0234 μs,"225,856",4.412 μs,15.00,0.2302,156.29 uj,0.84 uj,0.54,35299348.07 uj,4.98 uj,1124651.27 uj,127.63 uj,28826740.93 uj,51.30,0.0000,0.0000,1.91 KB
Newtonsoft_Ser_L5,Energy,False,Default,Default,Default,Default,Default,DontRemove,00000100,Empty,RyuJit,Default,X64,8c5e7fda-e8bf-4a96-9a85-a6e23a8c635c,.NET 10.0,False,True,False,True,Default,Default,False,False,False,Default,Default,Default,Default,Default,Default,Default,Default,Default,1s,Default,Default,Default,Default,Default,Default,Default,16,Default,7.743 μs,0.0428 μs,0.0400 μs,"128,608",7.726 μs,15.00,1.2208,273.41 uj,1.43 uj,0.52,35163097.53 uj,8.88 uj,1141749.27 uj,223.25 uj,28711514.80 uj,50.93,0.0156,0.0000,10.02 KB
STJSrcGen_Ser_L50,Energy,False,Default,Default,Default,Default,Default,DontRemove,00000100,Empty,RyuJit,Default,X64,8c5e7fda-e8bf-4a96-9a85-a6e23a8c635c,.NET 10.0,False,True,False,True,Default,Default,False,False,False,Default,Default,Default,Default,Default,Default,Default,Default,Default,1s,Default,Default,Default,Default,Default,Default,Default,16,Default,4.132 μs,0.0249 μs,0.0233 μs,"242,864",4.123 μs,15.00,0.7082,147.01 uj,0.71 uj,0.48,35703794.47 uj,4.67 uj,1133774.00 uj,120.24 uj,29201528.47 uj,51.50,0.0000,0.0000,5.79 KB
STJRefGen_Ser_L50,Energy,False,Default,Default,Default,Default,Default,DontRemove,00000100,Empty,RyuJit,Default,X64,8c5e7fda-e8bf-4a96-9a85-a6e23a8c635c,.NET 10.0,False,True,False,True,Default,Default,False,False,False,Default,Default,Default,Default,Default,Default,Default,Default,Default,1s,Default,Default,Default,Default,Default,Default,Default,16,Default,5.634 μs,0.0326 μs,0.0305 μs,"175,568",5.621 μs,15.00,0.7405,201.29 uj,1.34 uj,0.67,35339578.40 uj,6.33 uj,1110955.07 uj,164.76 uj,28926810.00 uj,51.33,0.0000,0.0000,6.09 KB
Newtonsoft_Ser_L50,Energy,False,Default,Default,Default,Default,Default,DontRemove,00000100,Empty,RyuJit,Default,X64,8c5e7fda-e8bf-4a96-9a85-a6e23a8c635c,.NET 10.0,False,True,False,True,Default,Default,False,False,False,Default,Default,Default,Default,Default,Default,Default,Default,Default,1s,Default,Default,Default,Default,Default,Default,Default,16,Default,15.875 μs,0.1439 μs,0.1346 μs,"59,952",15.827 μs,15.00,4.2367,560.54 uj,5.04 uj,0.90,33605480.53 uj,18.09 uj,1084656.93 uj,457.69 uj,27439651.53 uj,51.07,0.1334,0.0000,34.69 KB
Utf8Json_Ser_L50,Energy,False,Default,Default,Default,Default,Default,DontRemove,00000100,Empty,RyuJit,Default,X64,8c5e7fda-e8bf-4a96-9a85-a6e23a8c635c,.NET 10.0,False,True,False,True,Default,Default,False,False,False,Default,Default,Default,Default,Default,Default,Default,Default,Default,1s,Default,Default,Default,Default,Default,Default,Default,16,Default,21.514 μs,0.2251 μs,0.2105 μs,"46,545",21.435 μs,15.00,0.6875,738.55 uj,7.07 uj,0.96,34375636.27 uj,24.12 uj,1122820.40 uj,599.16 uj,27887924.87 uj,49.33,0.0000,0.0000,5.79 KB
SpanJson_Ser_L50,Energy,False,Default,Default,Default,Default,Default,DontRemove,00000100,Empty,RyuJit,Default,X64,8c5e7fda-e8bf-4a96-9a85-a6e23a8c635c,.NET 10.0,False,True,False,True,Default,Default,False,False,False,Default,Default,Default,Default,Default,Default,Default,Default,Default,1s,Default,Default,Default,Default,Default,Default,Default,16,Default,21.662 μs,0.1843 μs,0.1724 μs,"44,730",21.630 μs,15.00,0.6930,743.17 uj,6.01 uj,0.81,33242081.87 uj,24.32 uj,1087835.07 uj,603.01 uj,26972457.13 uj,49.67,0.0000,0.0000,5.77 KB
STJSrcGen_Ser_L500,Energy,False,Default,Default,Default,Default,Default,DontRemove,00000100,Empty,RyuJit,Default,X64,8c5e7fda-e8bf-4a96-9a85-a6e23a8c635c,.NET 10.0,False,True,False,True,Default,Default,False,False,False,Default,Default,Default,Default,Default,Default,Default,Default,Default,1s,Default,Default,Default,Default,Default,Default,Default,16,Default,11.626 μs,0.1010 μs,0.0945 μs,"86,064",11.597 μs,15.00,5.7748,417.56 uj,3.28 uj,0.79,35936850.47 uj,13.53 uj,1164840.80 uj,342.13 uj,29445428.13 uj,50.27,0.0000,0.0000,47.54 KB
STJRefGen_Ser_L500,Energy,False,Default,Default,Default,Default,Default,DontRemove,00000100,Empty,RyuJit,Default,X64,8c5e7fda-e8bf-4a96-9a85-a6e23a8c635c,.NET 10.0,False,True,False,True,Default,Default,False,False,False,Default,Default,Default,Default,Default,Default,Default,Default,Default,1s,Default,Default,Default,Default,Default,Default,Default,16,Default,13.974 μs,0.0849 μs,0.0794 μs,"71,968",13.965 μs,15.00,5.8359,504.03 uj,2.88 uj,0.57,36274268.27 uj,16.04 uj,1154025.33 uj,413.56 uj,29763380.00 uj,50.37,0.0000,0.0000,47.84 KB
Newtonsoft_Ser_L500,Energy,False,Default,Default,Default,Default,Default,DontRemove,00000100,Empty,RyuJit,Default,X64,8c5e7fda-e8bf-4a96-9a85-a6e23a8c635c,.NET 10.0,False,True,False,True,Default,Default,False,False,False,Default,Default,Default,Default,Default,Default,Default,Default,Default,1s,Default,Default,Default,Default,Default,Default,Default,16,Default,179.656 μs,1.9875 μs,1.8591 μs,"5,360",179.110 μs,15.00,43.2836,6121.72 uj,63.83 uj,1.04,32812412.00 uj,211.54 uj,1133871.53 uj,4957.87 uj,26574207.60 uj,49.07,27.6119,23.8806,254.13 KB
Utf8Json_Ser_L500,Energy,False,Default,Default,Default,Default,Default,DontRemove,00000100,Empty,RyuJit,Default,X64,8c5e7fda-e8bf-4a96-9a85-a6e23a8c635c,.NET 10.0,False,True,False,True,Default,Default,False,False,False,Default,Default,Default,Default,Default,Default,Default,Default,Default,1s,Default,Default,Default,Default,Default,Default,Default,16,Default,254.788 μs,1.9277 μs,1.8031 μs,"3,861",254.205 μs,15.00,5.6980,8734.67 uj,62.48 uj,0.72,33724555.53 uj,285.50 uj,1102296.33 uj,7085.50 uj,27357123.93 uj,49.23,0.0000,0.0000,47.54 KB
SpanJson_Ser_L500,Energy,False,Default,Default,Default,Default,Default,DontRemove,00000100,Empty,RyuJit,Default,X64,8c5e7fda-e8bf-4a96-9a85-a6e23a8c635c,.NET 10.0,False,True,False,True,Default,Default,False,False,False,Default,Default,Default,Default,Default,Default,Default,Default,Default,1s,Default,Default,Default,Default,Default,Default,Default,16,Default,312.254 μs,2.7705 μs,2.5915 μs,"3,098",311.433 μs,15.00,5.4874,10709.90 uj,88.98 uj,0.83,33179273.13 uj,350.57 uj,1086081.13 uj,8687.76 uj,26914681.13 uj,48.93,0.0000,0.0000,47.52 KB
