Method,Job,AnalyzeLaunchVariance,EvaluateOverhead,MaxAbsoluteError,MaxRelativeError,MinInvokeCount,MinIterationTime,OutlierMode,Affinity,EnvironmentVariables,Jit,LargeAddressAware,Platform,PowerPlanMode,Runtime,AllowVeryLargeObjects,Concurrent,CpuGroups,Force,HeapAffinitizeMask,HeapCount,NoAffinitize,RetainVm,Server,Arguments,BuildConfiguration,Clock,EngineFactory,NuGetReferences,Toolchain,IsMutator,InvocationCount,IterationCount,IterationTime,LaunchCount,MaxIterationCount,MaxWarmupIterationCount,MemoryRandomization,MinIterationCount,MinWarmupIterationCount,RunStrategy,UnrollFactor,WarmupCount,Mean,Error,StdDev,Operations,Iterations,PkgE0 (uJ/op),StdDev0 (uJ/op),CV0 (%),PkgE0 (uJ/iter),DRAM E0 (uJ/op),DRAM E0 (uJ/iter),Core E0 (uJ/op),Core E0 (uJ/iter),Avg Temp0 (degC),Gen0,Gen1,Allocated
SpanJson_Deser_A0,Energy,False,Default,Default,Default,Default,Default,DontRemove,00000100,Empty,RyuJit,Default,X64,8c5e7fda-e8bf-4a96-9a85-a6e23a8c635c,.NET 10.0,False,True,False,True,Default,Default,False,False,False,Default,Default,Default,Default,Default,Default,Default,Default,Default,1s,Default,Default,Default,Default,Default,Default,Default,16,Default,7.373 μs,0.0471 μs,0.0441 μs,"136,323",15.00,252.95 uj,1.51 uj,0.60,34482398.53 uj,8.33 uj,1135271.13 uj,205.20 uj,27972841.20 uj,50.27,0.8289,0.0147,6.8 KB
STJRefGen_Deser_A0,Energy,False,Default,Default,Default,Default,Default,DontRemove,00000100,Empty,RyuJit,Default,X64,8c5e7fda-e8bf-4a96-9a85-a6e23a8c635c,.NET 10.0,False,True,False,True,Default,Default,False,False,False,Default,Default,Default,Default,Default,Default,Default,Default,Default,1s,Default,Default,Default,Default,Default,Default,Default,16,Default,9.738 μs,0.0708 μs,0.0662 μs,"101,584",15.00,334.96 uj,2.34 uj,0.70,34026459.07 uj,10.98 uj,1115728.00 uj,271.88 uj,27618606.07 uj,50.57,0.8860,0.0197,7.26 KB
STJSrcGen_Deser_A0,Energy,False,Default,Default,Default,Default,Default,DontRemove,00000100,Empty,RyuJit,Default,X64,8c5e7fda-e8bf-4a96-9a85-a6e23a8c635c,.NET 10.0,False,True,False,True,Default,Default,False,False,False,Default,Default,Default,Default,Default,Default,Default,Default,Default,1s,Default,Default,Default,Default,Default,Default,Default,16,Default,9.841 μs,0.1863 μs,0.1830 μs,"35,648",16.00,338.50 uj,6.18 uj,1.82,12066837.13 uj,11.15 uj,397623.75 uj,274.76 uj,9794622.19 uj,50.53,0.8696,0.0000,7.26 KB
Utf8Json_Deser_A0,Energy,False,Default,Default,Default,Default,Default,DontRemove,00000100,Empty,RyuJit,Default,X64,8c5e7fda-e8bf-4a96-9a85-a6e23a8c635c,.NET 10.0,False,True,False,True,Default,Default,False,False,False,Default,Default,Default,Default,Default,Default,Default,Default,Default,1s,Default,Default,Default,Default,Default,Default,Default,16,Default,10.825 μs,0.1156 μs,0.1081 μs,"92,889",15.00,371.53 uj,3.66 uj,0.99,34511402.60 uj,12.20 uj,1133114.93 uj,301.46 uj,28002036.07 uj,50.83,0.8289,0.0108,6.8 KB
Newtonsoft_Deser_A0,Energy,False,Default,Default,Default,Default,Default,DontRemove,00000100,Empty,RyuJit,Default,X64,8c5e7fda-e8bf-4a96-9a85-a6e23a8c635c,.NET 10.0,False,True,False,True,Default,Default,False,False,False,Default,Default,Default,Default,Default,Default,Default,Default,Default,1s,Default,Default,Default,Default,Default,Default,Default,16,Default,19.775 μs,0.1467 μs,0.1372 μs,"50,832",15.00,678.92 uj,4.87 uj,0.72,34511060.67 uj,22.52 uj,1144520.27 uj,550.88 uj,28002447.00 uj,50.17,1.8886,0.0393,15.45 KB
SpanJson_Deser_E10,Energy,False,Default,Default,Default,Default,Default,DontRemove,00000100,Empty,RyuJit,Default,X64,8c5e7fda-e8bf-4a96-9a85-a6e23a8c635c,.NET 10.0,False,True,False,True,Default,Default,False,False,False,Default,Default,Default,Default,Default,Default,Default,Default,Default,1s,Default,Default,Default,Default,Default,Default,Default,16,Default,10.980 μs,0.0932 μs,0.0872 μs,"87,868",15.00,376.14 uj,3.09 uj,0.82,33050562.33 uj,12.37 uj,1086870.47 uj,305.04 uj,26803662.67 uj,50.50,0.8308,0.0114,6.8 KB
Utf8Json_Deser_E10,Energy,False,Default,Default,Default,Default,Default,DontRemove,00000100,Empty,RyuJit,Default,X64,8c5e7fda-e8bf-4a96-9a85-a6e23a8c635c,.NET 10.0,False,True,False,True,Default,Default,False,False,False,Default,Default,Default,Default,Default,Default,Default,Default,Default,1s,Default,Default,Default,Default,Default,Default,Default,16,Default,15.891 μs,0.1660 μs,0.1553 μs,"60,617",15.00,545.48 uj,5.26 uj,0.96,33065597.27 uj,17.87 uj,1082943.73 uj,442.57 uj,26827401.47 uj,50.47,0.8249,0.0000,6.8 KB
STJSrcGen_Deser_E10,Energy,False,Default,Default,Default,Default,Default,DontRemove,00000100,Empty,RyuJit,Default,X64,8c5e7fda-e8bf-4a96-9a85-a6e23a8c635c,.NET 10.0,False,True,False,True,Default,Default,False,False,False,Default,Default,Default,Default,Default,Default,Default,Default,Default,1s,Default,Default,Default,Default,Default,Default,Default,16,Default,17.593 μs,0.1290 μs,0.1207 μs,"56,608",15.00,603.94 uj,4.13 uj,0.68,34188051.33 uj,19.87 uj,1124805.87 uj,489.91 uj,27732582.80 uj,50.37,0.8833,0.0177,7.26 KB
STJRefGen_Deser_E10,Energy,False,Default,Default,Default,Default,Default,DontRemove,00000100,Empty,RyuJit,Default,X64,8c5e7fda-e8bf-4a96-9a85-a6e23a8c635c,.NET 10.0,False,True,False,True,Default,Default,False,False,False,Default,Default,Default,Default,Default,Default,Default,Default,Default,1s,Default,Default,Default,Default,Default,Default,Default,16,Default,17.857 μs,0.1112 μs,0.1040 μs,"55,504",15.00,613.00 uj,3.48 uj,0.57,34024029.80 uj,20.12 uj,1116936.40 uj,497.39 uj,27606993.27 uj,50.63,0.8828,0.0180,7.26 KB
Newtonsoft_Deser_E10,Energy,False,Default,Default,Default,Default,Default,DontRemove,00000100,Empty,RyuJit,Default,X64,8c5e7fda-e8bf-4a96-9a85-a6e23a8c635c,.NET 10.0,False,True,False,True,Default,Default,False,False,False,Default,Default,Default,Default,Default,Default,Default,Default,Default,1s,Default,Default,Default,Default,Default,Default,Default,16,Default,21.885 μs,0.1621 μs,0.1517 μs,"45,904",15.00,751.08 uj,5.06 uj,0.67,34477788.67 uj,24.57 uj,1127967.40 uj,609.16 uj,27962774.13 uj,50.40,2.2002,0.1307,18.1 KB
Newtonsoft_Deser_E100,Energy,False,Default,Default,Default,Default,Default,DontRemove,00000100,Empty,RyuJit,Default,X64,8c5e7fda-e8bf-4a96-9a85-a6e23a8c635c,.NET 10.0,False,True,False,True,Default,Default,False,False,False,Default,Default,Default,Default,Default,Default,Default,Default,Default,1s,Default,Default,Default,Default,Default,Default,Default,16,Default,30.662 μs,0.2699 μs,0.2524 μs,"32,752",15.00,1052.09 uj,8.45 uj,0.80,34458196.40 uj,34.64 uj,1134514.53 uj,853.51 uj,27954119.47 uj,50.47,2.8395,0.1832,23.36 KB
SpanJson_Deser_E100,Energy,False,Default,Default,Default,Default,Default,DontRemove,00000100,Empty,RyuJit,Default,X64,8c5e7fda-e8bf-4a96-9a85-a6e23a8c635c,.NET 10.0,False,True,False,True,Default,Default,False,False,False,Default,Default,Default,Default,Default,Default,Default,Default,Default,1s,Default,Default,Default,Default,Default,Default,Default,16,Default,36.925 μs,0.3197 μs,0.2990 μs,"26,424",15.00,1241.82 uj,10.80 uj,0.87,32813970.27 uj,41.41 uj,1094145.87 uj,1002.59 uj,26492380.07 uj,49.90,0.7947,0.0000,6.8 KB
STJSrcGen_Deser_E100,Energy,False,Default,Default,Default,Default,Default,DontRemove,00000100,Empty,RyuJit,Default,X64,8c5e7fda-e8bf-4a96-9a85-a6e23a8c635c,.NET 10.0,False,True,False,True,Default,Default,False,False,False,Default,Default,Default,Default,Default,Default,Default,Default,Default,1s,Default,Default,Default,Default,Default,Default,Default,16,Default,47.622 μs,0.3586 μs,0.3355 μs,"20,592",15.00,1617.45 uj,12.95 uj,0.80,33306441.40 uj,53.50 uj,1101657.33 uj,1309.20 uj,26959106.60 uj,49.70,0.8741,0.0000,7.26 KB
STJRefGen_Deser_E100,Energy,False,Default,Default,Default,Default,Default,DontRemove,00000100,Empty,RyuJit,Default,X64,8c5e7fda-e8bf-4a96-9a85-a6e23a8c635c,.NET 10.0,False,True,False,True,Default,Default,False,False,False,Default,Default,Default,Default,Default,Default,Default,Default,Default,1s,Default,Default,Default,Default,Default,Default,Default,16,Default,48.092 μs,0.3721 μs,0.3481 μs,"20,400",15.00,1641.17 uj,14.22 uj,0.87,33479801.27 uj,54.10 uj,1103728.27 uj,1329.69 uj,27125662.93 uj,50.03,0.8824,0.0000,7.26 KB
Utf8Json_Deser_E100,Energy,False,Default,Default,Default,Default,Default,DontRemove,00000100,Empty,RyuJit,Default,X64,8c5e7fda-e8bf-4a96-9a85-a6e23a8c635c,.NET 10.0,False,True,False,True,Default,Default,False,False,False,Default,Default,Default,Default,Default,Default,Default,Default,Default,1s,Default,Default,Default,Default,Default,Default,Default,16,Default,50.347 μs,0.9925 μs,1.4548 μs,"6,577",29.00,1724.26 uj,49.13 uj,2.85,11340448.07 uj,56.67 uj,372692.31 uj,1397.85 uj,9193676.90 uj,50.16,0.7602,0.0000,6.8 KB
SpanJson_Deser_E25,Energy,False,Default,Default,Default,Default,Default,DontRemove,00000100,Empty,RyuJit,Default,X64,8c5e7fda-e8bf-4a96-9a85-a6e23a8c635c,.NET 10.0,False,True,False,True,Default,Default,False,False,False,Default,Default,Default,Default,Default,Default,Default,Default,Default,1s,Default,Default,Default,Default,Default,Default,Default,16,Default,14.922 μs,0.1519 μs,0.1421 μs,"64,032",15.00,512.08 uj,4.96 uj,0.97,32789804.60 uj,16.79 uj,1074879.07 uj,415.50 uj,26605327.40 uj,50.43,0.8277,0.0156,6.8 KB
Utf8Json_Deser_E25,Energy,False,Default,Default,Default,Default,Default,DontRemove,00000100,Empty,RyuJit,Default,X64,8c5e7fda-e8bf-4a96-9a85-a6e23a8c635c,.NET 10.0,False,True,False,True,Default,Default,False,False,False,Default,Default,Default,Default,Default,Default,Default,Default,Default,1s,Default,Default,Default,Default,Default,Default,Default,16,Default,21.979 μs,0.2013 μs,0.1883 μs,"44,143",15.00,754.67 uj,6.44 uj,0.85,33313318.00 uj,24.76 uj,1093194.07 uj,612.25 uj,27026558.07 uj,50.47,0.8155,0.0000,6.8 KB
STJSrcGen_Deser_E25,Energy,False,Default,Default,Default,Default,Default,DontRemove,00000100,Empty,RyuJit,Default,X64,8c5e7fda-e8bf-4a96-9a85-a6e23a8c635c,.NET 10.0,False,True,False,True,Default,Default,False,False,False,Default,Default,Default,Default,Default,Default,Default,Default,Default,1s,Default,Default,Default,Default,Default,Default,Default,16,Default,23.145 μs,0.1826 μs,0.1708 μs,"42,672",15.00,794.34 uj,5.88 uj,0.74,33895978.40 uj,26.15 uj,1116065.67 uj,644.38 uj,27496776.33 uj,50.23,0.8671,0.0000,7.26 KB
STJRefGen_Deser_E25,Energy,False,Default,Default,Default,Default,Default,DontRemove,00000100,Empty,RyuJit,Default,X64,8c5e7fda-e8bf-4a96-9a85-a6e23a8c635c,.NET 10.0,False,True,False,True,Default,Default,False,False,False,Default,Default,Default,Default,Default,Default,Default,Default,Default,1s,Default,Default,Default,Default,Default,Default,Default,16,Default,23.493 μs,0.1778 μs,0.1663 μs,"42,048",15.00,806.15 uj,5.89 uj,0.73,33896853.20 uj,26.52 uj,1115040.33 uj,654.03 uj,27500588.73 uj,50.37,0.8799,0.0000,7.26 KB
Newtonsoft_Deser_E25,Energy,False,Default,Default,Default,Default,Default,DontRemove,00000100,Empty,RyuJit,Default,X64,8c5e7fda-e8bf-4a96-9a85-a6e23a8c635c,.NET 10.0,False,True,False,True,Default,Default,False,False,False,Default,Default,Default,Default,Default,Default,Default,Default,Default,1s,Default,Default,Default,Default,Default,Default,Default,16,Default,24.530 μs,0.1622 μs,0.1518 μs,"40,976",15.00,842.02 uj,5.22 uj,0.62,34502764.07 uj,27.88 uj,1142229.20 uj,683.25 uj,27996721.93 uj,50.53,2.3184,0.1220,19.01 KB
SpanJson_Deser_E5,Energy,False,Default,Default,Default,Default,Default,DontRemove,00000100,Empty,RyuJit,Default,X64,8c5e7fda-e8bf-4a96-9a85-a6e23a8c635c,.NET 10.0,False,True,False,True,Default,Default,False,False,False,Default,Default,Default,Default,Default,Default,Default,Default,Default,1s,Default,Default,Default,Default,Default,Default,Default,16,Default,11.191 μs,0.0659 μs,0.0617 μs,"89,762",15.00,381.22 uj,2.77 uj,0.73,34218861.67 uj,12.62 uj,1133216.40 uj,308.79 uj,27717401.33 uj,50.10,0.8244,0.0111,6.8 KB
STJRefGen_Deser_E5,Energy,False,Default,Default,Default,Default,Default,DontRemove,00000100,Empty,RyuJit,Default,X64,8c5e7fda-e8bf-4a96-9a85-a6e23a8c635c,.NET 10.0,False,True,False,True,Default,Default,False,False,False,Default,Default,Default,Default,Default,Default,Default,Default,Default,1s,Default,Default,Default,Default,Default,Default,Default,16,Default,14.902 μs,0.1219 μs,0.1140 μs,"66,656",15.00,512.05 uj,3.97 uj,0.78,34131085.27 uj,16.89 uj,1125859.67 uj,415.45 uj,27692417.73 uj,50.60,0.8851,0.0150,7.26 KB
Utf8Json_Deser_E5,Energy,False,Default,Default,Default,Default,Default,DontRemove,00000100,Empty,RyuJit,Default,X64,8c5e7fda-e8bf-4a96-9a85-a6e23a8c635c,.NET 10.0,False,True,False,True,Default,Default,False,False,False,Default,Default,Default,Default,Default,Default,Default,Default,Default,1s,Default,Default,Default,Default,Default,Default,Default,16,Default,14.952 μs,0.1286 μs,0.1203 μs,"64,609",15.00,513.15 uj,4.12 uj,0.80,33154350.33 uj,16.88 uj,1090614.00 uj,416.27 uj,26894592.67 uj,50.40,0.8203,0.0000,6.8 KB
STJSrcGen_Deser_E5,Energy,False,Default,Default,Default,Default,Default,DontRemove,00000100,Empty,RyuJit,Default,X64,8c5e7fda-e8bf-4a96-9a85-a6e23a8c635c,.NET 10.0,False,True,False,True,Default,Default,False,False,False,Default,Default,Default,Default,Default,Default,Default,Default,Default,1s,Default,Default,Default,Default,Default,Default,Default,16,Default,14.982 μs,0.1172 μs,0.1096 μs,"66,640",15.00,514.69 uj,3.72 uj,0.72,34298850.27 uj,16.97 uj,1130889.20 uj,417.63 uj,27831105.40 uj,50.53,0.8854,0.0150,7.26 KB
Newtonsoft_Deser_E5,Energy,False,Default,Default,Default,Default,Default,DontRemove,00000100,Empty,RyuJit,Default,X64,8c5e7fda-e8bf-4a96-9a85-a6e23a8c635c,.NET 10.0,False,True,False,True,Default,Default,False,False,False,Default,Default,Default,Default,Default,Default,Default,Default,Default,1s,Default,Default,Default,Default,Default,Default,Default,16,Default,20.481 μs,0.1940 μs,0.1814 μs,"49,056",15.00,703.42 uj,6.25 uj,0.89,34506841.40 uj,23.43 uj,1149313.53 uj,570.54 uj,27988632.93 uj,50.43,2.1608,0.0815,17.82 KB
SpanJson_Deser_E50,Energy,False,Default,Default,Default,Default,Default,DontRemove,00000100,Empty,RyuJit,Default,X64,8c5e7fda-e8bf-4a96-9a85-a6e23a8c635c,.NET 10.0,False,True,False,True,Default,Default,False,False,False,Default,Default,Default,Default,Default,Default,Default,Default,Default,1s,Default,Default,Default,Default,Default,Default,Default,16,Default,20.893 μs,0.2018 μs,0.1888 μs,"45,717",15.00,716.51 uj,6.22 uj,0.87,32756654.33 uj,23.44 uj,1071819.40 uj,581.19 uj,26570293.40 uj,50.37,0.8312,0.0000,6.8 KB
Newtonsoft_Deser_E50,Energy,False,Default,Default,Default,Default,Default,DontRemove,00000100,Empty,RyuJit,Default,X64,8c5e7fda-e8bf-4a96-9a85-a6e23a8c635c,.NET 10.0,False,True,False,True,Default,Default,False,False,False,Default,Default,Default,Default,Default,Default,Default,Default,Default,1s,Default,Default,Default,Default,Default,Default,Default,16,Default,27.355 μs,0.2295 μs,0.2147 μs,"36,736",15.00,938.69 uj,7.43 uj,0.79,34483830.93 uj,31.17 uj,1145122.53 uj,761.53 uj,27975567.33 uj,50.50,2.4771,0.0817,20.4 KB
Utf8Json_Deser_E50,Energy,False,Default,Default,Default,Default,Default,DontRemove,00000100,Empty,RyuJit,Default,X64,8c5e7fda-e8bf-4a96-9a85-a6e23a8c635c,.NET 10.0,False,True,False,True,Default,Default,False,False,False,Default,Default,Default,Default,Default,Default,Default,Default,Default,1s,Default,Default,Default,Default,Default,Default,Default,16,Default,35.271 μs,0.3285 μs,0.3073 μs,"27,530",15.00,1209.72 uj,10.30 uj,0.85,33303479.20 uj,39.57 uj,1089498.93 uj,981.26 uj,27014196.87 uj,50.03,0.7991,0.0000,6.8 KB
STJRefGen_Deser_E50,Energy,False,Default,Default,Default,Default,Default,DontRemove,00000100,Empty,RyuJit,Default,X64,8c5e7fda-e8bf-4a96-9a85-a6e23a8c635c,.NET 10.0,False,True,False,True,Default,Default,False,False,False,Default,Default,Default,Default,Default,Default,Default,Default,Default,1s,Default,Default,Default,Default,Default,Default,Default,16,Default,38.653 μs,0.3724 μs,0.3483 μs,"25,520",15.00,1315.73 uj,11.82 uj,0.90,33577322.93 uj,43.37 uj,1106820.93 uj,1065.27 uj,27185782.33 uj,49.83,0.8621,0.0000,7.26 KB
STJSrcGen_Deser_E50,Energy,False,Default,Default,Default,Default,Default,DontRemove,00000100,Empty,RyuJit,Default,X64,8c5e7fda-e8bf-4a96-9a85-a6e23a8c635c,.NET 10.0,False,True,False,True,Default,Default,False,False,False,Default,Default,Default,Default,Default,Default,Default,Default,Default,1s,Default,Default,Default,Default,Default,Default,Default,16,Default,43.470 μs,0.2831 μs,0.2649 μs,"22,944",15.00,1471.82 uj,12.96 uj,0.88,33769473.27 uj,48.92 uj,1122368.53 uj,1190.26 uj,27309435.13 uj,49.77,0.8717,0.0000,7.26 KB
SpanJson_Deser_U10,Energy,False,Default,Default,Default,Default,Default,DontRemove,00000100,Empty,RyuJit,Default,X64,8c5e7fda-e8bf-4a96-9a85-a6e23a8c635c,.NET 10.0,False,True,False,True,Default,Default,False,False,False,Default,Default,Default,Default,Default,Default,Default,Default,Default,1s,Default,Default,Default,Default,Default,Default,Default,16,Default,11.717 μs,0.1276 μs,0.1193 μs,"82,820",15.00,401.94 uj,4.10 uj,1.02,33288590.87 uj,13.18 uj,1091598.93 uj,326.00 uj,26998978.80 uj,50.40,0.8211,0.0121,6.8 KB
STJSrcGen_Deser_U10,Energy,False,Default,Default,Default,Default,Default,DontRemove,00000100,Empty,RyuJit,Default,X64,8c5e7fda-e8bf-4a96-9a85-a6e23a8c635c,.NET 10.0,False,True,False,True,Default,Default,False,False,False,Default,Default,Default,Default,Default,Default,Default,Default,Default,1s,Default,Default,Default,Default,Default,Default,Default,16,Default,20.310 μs,0.1571 μs,0.1470 μs,"49,088",15.00,697.18 uj,5.03 uj,0.72,34223386.47 uj,22.79 uj,1118645.40 uj,565.64 uj,27766119.60 uj,50.73,0.8760,0.0204,7.26 KB
STJRefGen_Deser_U10,Energy,False,Default,Default,Default,Default,Default,DontRemove,00000100,Empty,RyuJit,Default,X64,8c5e7fda-e8bf-4a96-9a85-a6e23a8c635c,.NET 10.0,False,True,False,True,Default,Default,False,False,False,Default,Default,Default,Default,Default,Default,Default,Default,Default,1s,Default,Default,Default,Default,Default,Default,Default,16,Default,20.681 μs,0.1563 μs,0.1462 μs,"48,240",15.00,709.85 uj,5.00 uj,0.70,34243353.00 uj,23.22 uj,1120370.47 uj,575.83 uj,27778265.53 uj,50.47,0.8706,0.0207,7.26 KB
Utf8Json_Deser_U10,Energy,False,Default,Default,Default,Default,Default,DontRemove,00000100,Empty,RyuJit,Default,X64,8c5e7fda-e8bf-4a96-9a85-a6e23a8c635c,.NET 10.0,False,True,False,True,Default,Default,False,False,False,Default,Default,Default,Default,Default,Default,Default,Default,Default,1s,Default,Default,Default,Default,Default,Default,Default,16,Default,21.462 μs,0.2509 μs,0.2347 μs,"45,336",15.00,736.47 uj,7.85 uj,1.07,33388765.40 uj,24.15 uj,1094805.20 uj,597.45 uj,27085981.93 uj,50.40,0.8161,0.0000,6.8 KB
Newtonsoft_Deser_U10,Energy,False,Default,Default,Default,Default,Default,DontRemove,00000100,Empty,RyuJit,Default,X64,8c5e7fda-e8bf-4a96-9a85-a6e23a8c635c,.NET 10.0,False,True,False,True,Default,Default,False,False,False,Default,Default,Default,Default,Default,Default,Default,Default,Default,1s,Default,Default,Default,Default,Default,Default,Default,16,Default,22.733 μs,0.1863 μs,0.1743 μs,"44,240",15.00,780.17 uj,5.97 uj,0.76,34514621.20 uj,25.61 uj,1132809.73 uj,633.07 uj,28006975.80 uj,50.80,2.3508,0.0678,19.32 KB
SpanJson_Deser_U100,Energy,False,Default,Default,Default,Default,Default,DontRemove,00000100,Empty,RyuJit,Default,X64,8c5e7fda-e8bf-4a96-9a85-a6e23a8c635c,.NET 10.0,False,True,False,True,Default,Default,False,False,False,Default,Default,Default,Default,Default,Default,Default,Default,Default,1s,Default,Default,Default,Default,Default,Default,Default,16,Default,36.393 μs,0.2799 μs,0.2618 μs,"27,173",15.00,1239.68 uj,11.91 uj,0.96,33685786.20 uj,40.79 uj,1108497.33 uj,1004.14 uj,27285538.00 uj,50.23,0.8096,0.0000,6.8 KB
Newtonsoft_Deser_U100,Energy,False,Default,Default,Default,Default,Default,DontRemove,00000100,Empty,RyuJit,Default,X64,8c5e7fda-e8bf-4a96-9a85-a6e23a8c635c,.NET 10.0,False,True,False,True,Default,Default,False,False,False,Default,Default,Default,Default,Default,Default,Default,Default,Default,1s,Default,Default,Default,Default,Default,Default,Default,16,Default,54.630 μs,0.3719 μs,0.3479 μs,"17,504",15.00,1872.64 uj,12.44 uj,0.66,32778769.33 uj,62.19 uj,1088514.40 uj,1518.85 uj,26585877.40 uj,50.27,4.8560,0.5142,40.05 KB
STJRefGen_Deser_U100,Energy,False,Default,Default,Default,Default,Default,DontRemove,00000100,Empty,RyuJit,Default,X64,8c5e7fda-e8bf-4a96-9a85-a6e23a8c635c,.NET 10.0,False,True,False,True,Default,Default,False,False,False,Default,Default,Default,Default,Default,Default,Default,Default,Default,1s,Default,Default,Default,Default,Default,Default,Default,16,Default,62.537 μs,0.5087 μs,0.4759 μs,"15,984",15.00,2130.67 uj,18.18 uj,0.85,34056610.40 uj,70.30 uj,1123605.67 uj,1725.93 uj,27587201.53 uj,50.30,0.8759,0.0000,7.26 KB
STJSrcGen_Deser_U100,Energy,False,Default,Default,Default,Default,Default,DontRemove,00000100,Empty,RyuJit,Default,X64,8c5e7fda-e8bf-4a96-9a85-a6e23a8c635c,.NET 10.0,False,True,False,True,Default,Default,False,False,False,Default,Default,Default,Default,Default,Default,Default,Default,Default,1s,Default,Default,Default,Default,Default,Default,Default,16,Default,64.264 μs,0.5292 μs,0.4950 μs,"15,568",15.00,2198.56 uj,16.53 uj,0.75,34227178.73 uj,72.05 uj,1121672.80 uj,1782.13 uj,27744171.27 uj,50.23,0.8350,0.0000,7.26 KB
Utf8Json_Deser_U100,Energy,False,Default,Default,Default,Default,Default,DontRemove,00000100,Empty,RyuJit,Default,X64,8c5e7fda-e8bf-4a96-9a85-a6e23a8c635c,.NET 10.0,False,True,False,True,Default,Default,False,False,False,Default,Default,Default,Default,Default,Default,Default,Default,Default,1s,Default,Default,Default,Default,Default,Default,Default,16,Default,69.324 μs,0.5600 μs,0.5238 μs,"14,353",15.00,2316.08 uj,17.55 uj,0.76,33242627.27 uj,77.82 uj,1116997.47 uj,1867.01 uj,26797176.60 uj,49.53,0.7664,0.0000,6.8 KB
SpanJson_Deser_U25,Energy,False,Default,Default,Default,Default,Default,DontRemove,00000100,Empty,RyuJit,Default,X64,8c5e7fda-e8bf-4a96-9a85-a6e23a8c635c,.NET 10.0,False,True,False,True,Default,Default,False,False,False,Default,Default,Default,Default,Default,Default,Default,Default,Default,1s,Default,Default,Default,Default,Default,Default,Default,16,Default,17.026 μs,0.1627 μs,0.1522 μs,"57,048",15.00,584.21 uj,5.23 uj,0.90,33327750.87 uj,19.17 uj,1093726.87 uj,473.95 uj,27038098.07 uj,50.37,0.8239,0.0175,6.8 KB
Newtonsoft_Deser_U25,Energy,False,Default,Default,Default,Default,Default,DontRemove,00000100,Empty,RyuJit,Default,X64,8c5e7fda-e8bf-4a96-9a85-a6e23a8c635c,.NET 10.0,False,True,False,True,Default,Default,False,False,False,Default,Default,Default,Default,Default,Default,Default,Default,Default,1s,Default,Default,Default,Default,Default,Default,Default,16,Default,28.353 μs,0.2226 μs,0.2082 μs,"35,408",15.00,972.73 uj,7.06 uj,0.73,34442498.07 uj,31.89 uj,1128992.80 uj,789.22 uj,27944695.73 uj,50.33,2.6830,0.1695,22.1 KB
STJSrcGen_Deser_U25,Energy,False,Default,Default,Default,Default,Default,DontRemove,00000100,Empty,RyuJit,Default,X64,8c5e7fda-e8bf-4a96-9a85-a6e23a8c635c,.NET 10.0,False,True,False,True,Default,Default,False,False,False,Default,Default,Default,Default,Default,Default,Default,Default,Default,1s,Default,Default,Default,Default,Default,Default,Default,16,Default,34.899 μs,0.2628 μs,0.2458 μs,"28,512",15.00,1197.12 uj,8.32 uj,0.69,34132354.87 uj,39.32 uj,1121119.40 uj,971.25 uj,27692165.53 uj,50.23,0.8768,0.0000,7.26 KB
Utf8Json_Deser_U25,Energy,False,Default,Default,Default,Default,Default,DontRemove,00000100,Empty,RyuJit,Default,X64,8c5e7fda-e8bf-4a96-9a85-a6e23a8c635c,.NET 10.0,False,True,False,True,Default,Default,False,False,False,Default,Default,Default,Default,Default,Default,Default,Default,Default,1s,Default,Default,Default,Default,Default,Default,Default,16,Default,35.591 μs,0.2754 μs,0.2576 μs,"27,183",15.00,1221.31 uj,8.46 uj,0.69,33198987.27 uj,39.94 uj,1085714.87 uj,990.73 uj,26930998.00 uj,50.33,0.8093,0.0000,6.8 KB
STJRefGen_Deser_U25,Energy,False,Default,Default,Default,Default,Default,DontRemove,00000100,Empty,RyuJit,Default,X64,8c5e7fda-e8bf-4a96-9a85-a6e23a8c635c,.NET 10.0,False,True,False,True,Default,Default,False,False,False,Default,Default,Default,Default,Default,Default,Default,Default,Default,1s,Default,Default,Default,Default,Default,Default,Default,16,Default,36.049 μs,0.3173 μs,0.2968 μs,"27,552",15.00,1235.62 uj,10.54 uj,0.85,34043874.47 uj,40.47 uj,1115068.87 uj,1002.24 uj,27613641.87 uj,50.13,0.8711,0.0000,7.26 KB
SpanJson_Deser_U5,Energy,False,Default,Default,Default,Default,Default,DontRemove,00000100,Empty,RyuJit,Default,X64,8c5e7fda-e8bf-4a96-9a85-a6e23a8c635c,.NET 10.0,False,True,False,True,Default,Default,False,False,False,Default,Default,Default,Default,Default,Default,Default,Default,Default,1s,Default,Default,Default,Default,Default,Default,Default,16,Default,10.211 μs,0.0557 μs,0.0521 μs,"98,363",15.00,350.33 uj,1.80 uj,0.51,34459494.27 uj,11.46 uj,1127719.27 uj,284.27 uj,27962005.07 uj,50.60,0.8235,0.0203,6.8 KB
Utf8Json_Deser_U5,Energy,False,Default,Default,Default,Default,Default,DontRemove,00000100,Empty,RyuJit,Default,X64,8c5e7fda-e8bf-4a96-9a85-a6e23a8c635c,.NET 10.0,False,True,False,True,Default,Default,False,False,False,Default,Default,Default,Default,Default,Default,Default,Default,Default,1s,Default,Default,Default,Default,Default,Default,Default,16,Default,16.979 μs,0.1372 μs,0.1283 μs,"56,680",15.00,582.74 uj,4.42 uj,0.76,33029826.60 uj,19.12 uj,1083493.47 uj,472.83 uj,26800146.93 uj,51.10,0.8292,0.0000,6.8 KB
STJSrcGen_Deser_U5,Energy,False,Default,Default,Default,Default,Default,DontRemove,00000100,Empty,RyuJit,Default,X64,8c5e7fda-e8bf-4a96-9a85-a6e23a8c635c,.NET 10.0,False,True,False,True,Default,Default,False,False,False,Default,Default,Default,Default,Default,Default,Default,Default,Default,1s,Default,Default,Default,Default,Default,Default,Default,16,Default,17.051 μs,0.1118 μs,0.1046 μs,"58,128",15.00,585.68 uj,3.91 uj,0.67,34044415.67 uj,19.17 uj,1114523.47 uj,475.11 uj,27617104.53 uj,50.70,0.8774,0.0172,7.26 KB
STJRefGen_Deser_U5,Energy,False,Default,Default,Default,Default,Default,DontRemove,00000100,Empty,RyuJit,Default,X64,8c5e7fda-e8bf-4a96-9a85-a6e23a8c635c,.NET 10.0,False,True,False,True,Default,Default,False,False,False,Default,Default,Default,Default,Default,Default,Default,Default,Default,1s,Default,Default,Default,Default,Default,Default,Default,16,Default,17.266 μs,0.1312 μs,0.1228 μs,"57,440",15.00,592.87 uj,4.24 uj,0.71,34054563.60 uj,19.53 uj,1121819.33 uj,481.01 uj,27629344.20 uj,50.67,0.8879,0.0174,7.26 KB
Newtonsoft_Deser_U5,Energy,False,Default,Default,Default,Default,Default,DontRemove,00000100,Empty,RyuJit,Default,X64,8c5e7fda-e8bf-4a96-9a85-a6e23a8c635c,.NET 10.0,False,True,False,True,Default,Default,False,False,False,Default,Default,Default,Default,Default,Default,Default,Default,Default,1s,Default,Default,Default,Default,Default,Default,Default,16,Default,21.551 μs,0.1687 μs,0.1578 μs,"46,528",15.00,739.77 uj,5.35 uj,0.72,34420195.80 uj,24.55 uj,1142152.07 uj,600.27 uj,27929209.00 uj,50.87,2.2567,0.0860,18.46 KB
SpanJson_Deser_U50,Energy,False,Default,Default,Default,Default,Default,DontRemove,00000100,Empty,RyuJit,Default,X64,8c5e7fda-e8bf-4a96-9a85-a6e23a8c635c,.NET 10.0,False,True,False,True,Default,Default,False,False,False,Default,Default,Default,Default,Default,Default,Default,Default,Default,1s,Default,Default,Default,Default,Default,Default,Default,16,Default,28.006 μs,0.2598 μs,0.2430 μs,"34,687",15.00,949.92 uj,8.78 uj,0.92,32949826.07 uj,31.46 uj,1091102.13 uj,768.60 uj,26660389.13 uj,50.37,0.8072,0.0000,6.8 KB
Newtonsoft_Deser_U50,Energy,False,Default,Default,Default,Default,Default,DontRemove,00000100,Empty,RyuJit,Default,X64,8c5e7fda-e8bf-4a96-9a85-a6e23a8c635c,.NET 10.0,False,True,False,True,Default,Default,False,False,False,Default,Default,Default,Default,Default,Default,Default,Default,Default,1s,Default,Default,Default,Default,Default,Default,Default,16,Default,42.093 μs,0.2948 μs,0.2757 μs,"22,720",15.00,1443.11 uj,9.39 uj,0.65,32787517.80 uj,47.23 uj,1073133.67 uj,1170.73 uj,26598955.53 uj,50.30,3.2130,0.1761,26.59 KB
STJRefGen_Deser_U50,Energy,False,Default,Default,Default,Default,Default,DontRemove,00000100,Empty,RyuJit,Default,X64,8c5e7fda-e8bf-4a96-9a85-a6e23a8c635c,.NET 10.0,False,True,False,True,Default,Default,False,False,False,Default,Default,Default,Default,Default,Default,Default,Default,Default,1s,Default,Default,Default,Default,Default,Default,Default,16,Default,63.982 μs,0.4514 μs,0.4223 μs,"15,424",15.00,2163.61 uj,14.75 uj,0.68,33371520.87 uj,71.93 uj,1109441.40 uj,1749.46 uj,26983614.13 uj,49.77,0.8428,0.0000,7.26 KB
STJSrcGen_Deser_U50,Energy,False,Default,Default,Default,Default,Default,DontRemove,00000100,Empty,RyuJit,Default,X64,8c5e7fda-e8bf-4a96-9a85-a6e23a8c635c,.NET 10.0,False,True,False,True,Default,Default,False,False,False,Default,Default,Default,Default,Default,Default,Default,Default,Default,1s,Default,Default,Default,Default,Default,Default,Default,16,Default,64.389 μs,0.5111 μs,0.4780 μs,"15,488",15.00,2172.40 uj,19.65 uj,0.90,33646133.87 uj,72.20 uj,1118218.07 uj,1755.59 uj,27190644.87 uj,49.73,0.8394,0.0000,7.26 KB
Utf8Json_Deser_U50,Energy,False,Default,Default,Default,Default,Default,DontRemove,00000100,Empty,RyuJit,Default,X64,8c5e7fda-e8bf-4a96-9a85-a6e23a8c635c,.NET 10.0,False,True,False,True,Default,Default,False,False,False,Default,Default,Default,Default,Default,Default,Default,Default,Default,1s,Default,Default,Default,Default,Default,Default,Default,16,Default,68.044 μs,0.5490 μs,0.5135 μs,"14,435",15.00,2277.87 uj,16.25 uj,0.71,32881076.40 uj,76.29 uj,1101278.87 uj,1836.89 uj,26515573.40 uj,49.97,0.8313,0.0000,6.8 KB
SpanJson_Deser_UE10,Energy,False,Default,Default,Default,Default,Default,DontRemove,00000100,Empty,RyuJit,Default,X64,8c5e7fda-e8bf-4a96-9a85-a6e23a8c635c,.NET 10.0,False,True,False,True,Default,Default,False,False,False,Default,Default,Default,Default,Default,Default,Default,Default,Default,1s,Default,Default,Default,Default,Default,Default,Default,16,Default,11.494 μs,0.1308 μs,0.1224 μs,"84,131",15.00,394.52 uj,4.16 uj,1.06,33191492.20 uj,12.96 uj,1090606.07 uj,319.98 uj,26920402.27 uj,50.93,0.8320,0.0119,6.8 KB
Utf8Json_Deser_UE10,Energy,False,Default,Default,Default,Default,Default,DontRemove,00000100,Empty,RyuJit,Default,X64,8c5e7fda-e8bf-4a96-9a85-a6e23a8c635c,.NET 10.0,False,True,False,True,Default,Default,False,False,False,Default,Default,Default,Default,Default,Default,Default,Default,Default,1s,Default,Default,Default,Default,Default,Default,Default,16,Default,19.471 μs,0.1739 μs,0.1627 μs,"49,503",15.00,668.10 uj,5.48 uj,0.82,33072917.33 uj,21.92 uj,1085218.60 uj,541.91 uj,26826225.27 uj,50.73,0.8282,0.0000,6.8 KB
STJSrcGen_Deser_UE10,Energy,False,Default,Default,Default,Default,Default,DontRemove,00000100,Empty,RyuJit,Default,X64,8c5e7fda-e8bf-4a96-9a85-a6e23a8c635c,.NET 10.0,False,True,False,True,Default,Default,False,False,False,Default,Default,Default,Default,Default,Default,Default,Default,Default,1s,Default,Default,Default,Default,Default,Default,Default,16,Default,20.475 μs,0.1793 μs,0.1677 μs,"48,352",15.00,702.83 uj,5.62 uj,0.80,33983046.93 uj,23.02 uj,1112879.60 uj,570.27 uj,27573590.80 uj,50.50,0.8686,0.0207,7.26 KB
STJRefGen_Deser_UE10,Energy,False,Default,Default,Default,Default,Default,DontRemove,00000100,Empty,RyuJit,Default,X64,8c5e7fda-e8bf-4a96-9a85-a6e23a8c635c,.NET 10.0,False,True,False,True,Default,Default,False,False,False,Default,Default,Default,Default,Default,Default,Default,Default,Default,1s,Default,Default,Default,Default,Default,Default,Default,16,Default,20.692 μs,0.1629 μs,0.1524 μs,"47,776",15.00,710.32 uj,5.28 uj,0.74,33936037.80 uj,23.26 uj,1111419.07 uj,576.20 uj,27528616.00 uj,50.70,0.8791,0.0209,7.26 KB
Newtonsoft_Deser_UE10,Energy,False,Default,Default,Default,Default,Default,DontRemove,00000100,Empty,RyuJit,Default,X64,8c5e7fda-e8bf-4a96-9a85-a6e23a8c635c,.NET 10.0,False,True,False,True,Default,Default,False,False,False,Default,Default,Default,Default,Default,Default,Default,Default,Default,1s,Default,Default,Default,Default,Default,Default,Default,16,Default,23.268 μs,0.1940 μs,0.1814 μs,"43,120",15.00,798.83 uj,6.15 uj,0.77,34445639.27 uj,26.15 uj,1127519.87 uj,648.11 uj,27946669.33 uj,50.50,2.3423,0.0464,19.32 KB
SpanJson_Deser_UE100,Energy,False,Default,Default,Default,Default,Default,DontRemove,00000100,Empty,RyuJit,Default,X64,8c5e7fda-e8bf-4a96-9a85-a6e23a8c635c,.NET 10.0,False,True,False,True,Default,Default,False,False,False,Default,Default,Default,Default,Default,Default,Default,Default,Default,1s,Default,Default,Default,Default,Default,Default,Default,16,Default,35.970 μs,0.2862 μs,0.2677 μs,"27,460",15.00,1213.14 uj,10.60 uj,0.87,33312870.47 uj,40.34 uj,1107756.73 uj,980.33 uj,26919958.87 uj,50.60,0.8012,0.0000,6.8 KB
Newtonsoft_Deser_UE100,Energy,False,Default,Default,Default,Default,Default,DontRemove,00000100,Empty,RyuJit,Default,X64,8c5e7fda-e8bf-4a96-9a85-a6e23a8c635c,.NET 10.0,False,True,False,True,Default,Default,False,False,False,Default,Default,Default,Default,Default,Default,Default,Default,Default,1s,Default,Default,Default,Default,Default,Default,Default,16,Default,52.388 μs,0.4476 μs,0.4187 μs,"19,200",15.00,1788.16 uj,13.39 uj,0.75,34332728.53 uj,59.51 uj,1142514.13 uj,1448.89 uj,27818654.47 uj,50.50,4.8438,0.5208,40.05 KB
STJRefGen_Deser_UE100,Energy,False,Default,Default,Default,Default,Default,DontRemove,00000100,Empty,RyuJit,Default,X64,8c5e7fda-e8bf-4a96-9a85-a6e23a8c635c,.NET 10.0,False,True,False,True,Default,Default,False,False,False,Default,Default,Default,Default,Default,Default,Default,Default,Default,1s,Default,Default,Default,Default,Default,Default,Default,16,Default,63.884 μs,0.5221 μs,0.4884 μs,"15,600",15.00,2177.35 uj,16.73 uj,0.77,33966726.20 uj,71.62 uj,1117331.00 uj,1763.53 uj,27511115.13 uj,50.40,0.8333,0.0000,7.26 KB
STJSrcGen_Deser_UE100,Energy,False,Default,Default,Default,Default,Default,DontRemove,00000100,Empty,RyuJit,Default,X64,8c5e7fda-e8bf-4a96-9a85-a6e23a8c635c,.NET 10.0,False,True,False,True,Default,Default,False,False,False,Default,Default,Default,Default,Default,Default,Default,Default,Default,1s,Default,Default,Default,Default,Default,Default,Default,16,Default,65.558 μs,0.4338 μs,0.4057 μs,"15,168",15.00,2235.23 uj,16.87 uj,0.75,33903933.40 uj,73.45 uj,1114149.27 uj,1810.70 uj,27464708.47 uj,50.40,0.8571,0.0000,7.26 KB
Utf8Json_Deser_UE100,Energy,False,Default,Default,Default,Default,Default,DontRemove,00000100,Empty,RyuJit,Default,X64,8c5e7fda-e8bf-4a96-9a85-a6e23a8c635c,.NET 10.0,False,True,False,True,Default,Default,False,False,False,Default,Default,Default,Default,Default,Default,Default,Default,Default,1s,Default,Default,Default,Default,Default,Default,Default,16,Default,68.759 μs,0.5429 μs,0.5078 μs,"14,424",15.00,2294.58 uj,17.04 uj,0.74,33097067.00 uj,77.10 uj,1112057.73 uj,1849.32 uj,26674638.80 uj,49.97,0.8319,0.0000,6.8 KB
SpanJson_Deser_UE25,Energy,False,Default,Default,Default,Default,Default,DontRemove,00000100,Empty,RyuJit,Default,X64,8c5e7fda-e8bf-4a96-9a85-a6e23a8c635c,.NET 10.0,False,True,False,True,Default,Default,False,False,False,Default,Default,Default,Default,Default,Default,Default,Default,Default,1s,Default,Default,Default,Default,Default,Default,Default,16,Default,17.742 μs,0.1537 μs,0.1438 μs,"54,642",15.00,606.29 uj,5.56 uj,0.92,33128792.93 uj,19.98 uj,1091692.47 uj,491.33 uj,26847457.27 uj,50.50,0.8235,0.0183,6.8 KB
Newtonsoft_Deser_UE25,Energy,False,Default,Default,Default,Default,Default,DontRemove,00000100,Empty,RyuJit,Default,X64,8c5e7fda-e8bf-4a96-9a85-a6e23a8c635c,.NET 10.0,False,True,False,True,Default,Default,False,False,False,Default,Default,Default,Default,Default,Default,Default,Default,Default,1s,Default,Default,Default,Default,Default,Default,Default,16,Default,29.601 μs,0.8901 μs,2.6245 μs,"5,472",100.00,1014.54 uj,88.62 uj,8.73,5551538.51 uj,33.45 uj,183013.37 uj,823.00 uj,4503440.09 uj,50.58,2.5585,0.0000,22.1 KB
STJSrcGen_Deser_UE25,Energy,False,Default,Default,Default,Default,Default,DontRemove,00000100,Empty,RyuJit,Default,X64,8c5e7fda-e8bf-4a96-9a85-a6e23a8c635c,.NET 10.0,False,True,False,True,Default,Default,False,False,False,Default,Default,Default,Default,Default,Default,Default,Default,Default,1s,Default,Default,Default,Default,Default,Default,Default,16,Default,33.897 μs,0.2569 μs,0.2403 μs,"29,328",15.00,1154.34 uj,8.43 uj,0.73,33854503.07 uj,38.18 uj,1119670.73 uj,934.65 uj,27411379.80 uj,50.63,0.8865,0.0000,7.26 KB
Utf8Json_Deser_UE25,Energy,False,Default,Default,Default,Default,Default,DontRemove,00000100,Empty,RyuJit,Default,X64,8c5e7fda-e8bf-4a96-9a85-a6e23a8c635c,.NET 10.0,False,True,False,True,Default,Default,False,False,False,Default,Default,Default,Default,Default,Default,Default,Default,Default,1s,Default,Default,Default,Default,Default,Default,Default,16,Default,34.166 μs,0.3708 μs,0.3469 μs,"28,275",15.00,1171.49 uj,11.75 uj,1.00,33123779.93 uj,38.31 uj,1083216.47 uj,950.44 uj,26873730.73 uj,50.50,0.8134,0.0000,6.8 KB
STJRefGen_Deser_UE25,Energy,False,Default,Default,Default,Default,Default,DontRemove,00000100,Empty,RyuJit,Default,X64,8c5e7fda-e8bf-4a96-9a85-a6e23a8c635c,.NET 10.0,False,True,False,True,Default,Default,False,False,False,Default,Default,Default,Default,Default,Default,Default,Default,Default,1s,Default,Default,Default,Default,Default,Default,Default,16,Default,35.091 μs,0.2870 μs,0.2685 μs,"28,352",15.00,1198.67 uj,8.72 uj,0.73,33984829.07 uj,39.55 uj,1121196.87 uj,971.56 uj,27545693.60 uj,50.77,0.8818,0.0000,7.26 KB
SpanJson_Deser_UE5,Energy,False,Default,Default,Default,Default,Default,DontRemove,00000100,Empty,RyuJit,Default,X64,8c5e7fda-e8bf-4a96-9a85-a6e23a8c635c,.NET 10.0,False,True,False,True,Default,Default,False,False,False,Default,Default,Default,Default,Default,Default,Default,Default,Default,1s,Default,Default,Default,Default,Default,Default,Default,16,Default,10.473 μs,0.0695 μs,0.0650 μs,"96,186",15.00,359.18 uj,2.29 uj,0.64,34547917.67 uj,11.86 uj,1140752.47 uj,291.39 uj,28027247.27 uj,50.70,0.8317,0.0208,6.8 KB
STJSrcGen_Deser_UE5,Energy,False,Default,Default,Default,Default,Default,DontRemove,00000100,Empty,RyuJit,Default,X64,8c5e7fda-e8bf-4a96-9a85-a6e23a8c635c,.NET 10.0,False,True,False,True,Default,Default,False,False,False,Default,Default,Default,Default,Default,Default,Default,Default,Default,1s,Default,Default,Default,Default,Default,Default,Default,16,Default,16.643 μs,0.1365 μs,0.1277 μs,"59,264",15.00,571.31 uj,4.26 uj,0.75,33858116.40 uj,18.67 uj,1106487.33 uj,463.51 uj,27469603.20 uj,50.77,0.8774,0.0169,7.26 KB
Utf8Json_Deser_UE5,Energy,False,Default,Default,Default,Default,Default,DontRemove,00000100,Empty,RyuJit,Default,X64,8c5e7fda-e8bf-4a96-9a85-a6e23a8c635c,.NET 10.0,False,True,False,True,Default,Default,False,False,False,Default,Default,Default,Default,Default,Default,Default,Default,Default,1s,Default,Default,Default,Default,Default,Default,Default,16,Default,16.867 μs,0.1401 μs,0.1310 μs,"57,498",15.00,578.96 uj,4.36 uj,0.75,33288904.20 uj,18.99 uj,1092115.40 uj,469.69 uj,27006181.00 uj,51.07,0.8174,0.0000,6.8 KB
STJRefGen_Deser_UE5,Energy,False,Default,Default,Default,Default,Default,DontRemove,00000100,Empty,RyuJit,Default,X64,8c5e7fda-e8bf-4a96-9a85-a6e23a8c635c,.NET 10.0,False,True,False,True,Default,Default,False,False,False,Default,Default,Default,Default,Default,Default,Default,Default,Default,1s,Default,Default,Default,Default,Default,Default,Default,16,Default,17.024 μs,0.1252 μs,0.1171 μs,"58,432",15.00,584.44 uj,4.02 uj,0.69,34150059.07 uj,19.24 uj,1124309.47 uj,474.11 uj,27702911.60 uj,50.57,0.8728,0.0171,7.26 KB
Newtonsoft_Deser_UE5,Energy,False,Default,Default,Default,Default,Default,DontRemove,00000100,Empty,RyuJit,Default,X64,8c5e7fda-e8bf-4a96-9a85-a6e23a8c635c,.NET 10.0,False,True,False,True,Default,Default,False,False,False,Default,Default,Default,Default,Default,Default,Default,Default,Default,1s,Default,Default,Default,Default,Default,Default,Default,16,Default,21.396 μs,0.1431 μs,0.1338 μs,"46,816",15.00,734.41 uj,4.59 uj,0.62,34382366.40 uj,24.09 uj,1127930.80 uj,595.76 uj,27891078.53 uj,50.70,2.2428,0.0854,18.46 KB
SpanJson_Deser_UE50,Energy,False,Default,Default,Default,Default,Default,DontRemove,00000100,Empty,RyuJit,Default,X64,8c5e7fda-e8bf-4a96-9a85-a6e23a8c635c,.NET 10.0,False,True,False,True,Default,Default,False,False,False,Default,Default,Default,Default,Default,Default,Default,Default,Default,1s,Default,Default,Default,Default,Default,Default,Default,16,Default,24.660 μs,0.2473 μs,0.2313 μs,"39,448",15.00,840.69 uj,8.02 uj,0.95,33163420.20 uj,27.66 uj,1091078.00 uj,681.04 uj,26865698.60 uj,50.60,0.8112,0.0000,6.8 KB
Newtonsoft_Deser_UE50,Energy,False,Default,Default,Default,Default,Default,DontRemove,00000100,Empty,RyuJit,Default,X64,8c5e7fda-e8bf-4a96-9a85-a6e23a8c635c,.NET 10.0,False,True,False,True,Default,Default,False,False,False,Default,Default,Default,Default,Default,Default,Default,Default,Default,1s,Default,Default,Default,Default,Default,Default,Default,16,Default,41.729 μs,0.3048 μs,0.2851 μs,"24,048",15.00,1429.13 uj,9.73 uj,0.68,34367705.73 uj,47.37 uj,1139263.00 uj,1158.67 uj,27863600.60 uj,50.53,3.2435,0.1663,26.59 KB
STJRefGen_Deser_UE50,Energy,False,Default,Default,Default,Default,Default,DontRemove,00000100,Empty,RyuJit,Default,X64,8c5e7fda-e8bf-4a96-9a85-a6e23a8c635c,.NET 10.0,False,True,False,True,Default,Default,False,False,False,Default,Default,Default,Default,Default,Default,Default,Default,Default,1s,Default,Default,Default,Default,Default,Default,Default,16,Default,63.719 μs,0.4591 μs,0.4295 μs,"15,648",15.00,2157.23 uj,17.53 uj,0.81,33756346.47 uj,71.46 uj,1118202.00 uj,1744.94 uj,27304821.00 uj,50.03,0.8308,0.0000,7.26 KB
STJSrcGen_Deser_UE50,Energy,False,Default,Default,Default,Default,Default,DontRemove,00000100,Empty,RyuJit,Default,X64,8c5e7fda-e8bf-4a96-9a85-a6e23a8c635c,.NET 10.0,False,True,False,True,Default,Default,False,False,False,Default,Default,Default,Default,Default,Default,Default,Default,Default,1s,Default,Default,Default,Default,Default,Default,Default,16,Default,64.080 μs,0.4096 μs,0.3831 μs,"15,456",15.00,2159.31 uj,13.81 uj,0.64,33374283.87 uj,71.84 uj,1110360.73 uj,1744.31 uj,26960018.13 uj,49.87,0.8411,0.0000,7.26 KB
Utf8Json_Deser_UE50,Energy,False,Default,Default,Default,Default,Default,DontRemove,00000100,Empty,RyuJit,Default,X64,8c5e7fda-e8bf-4a96-9a85-a6e23a8c635c,.NET 10.0,False,True,False,True,Default,Default,False,False,False,Default,Default,Default,Default,Default,Default,Default,Default,Default,1s,Default,Default,Default,Default,Default,Default,Default,16,Default,67.184 μs,0.4906 μs,0.4589 μs,"14,716",15.00,2253.04 uj,19.00 uj,0.84,33155697.27 uj,75.33 uj,1108530.00 uj,1817.76 uj,26750175.60 uj,50.17,0.8154,0.0000,6.8 KB
STJSrcGen_Ser_A0,Energy,False,Default,Default,Default,Default,Default,DontRemove,00000100,Empty,RyuJit,Default,X64,8c5e7fda-e8bf-4a96-9a85-a6e23a8c635c,.NET 10.0,False,True,False,True,Default,Default,False,False,False,Default,Default,Default,Default,Default,Default,Default,Default,Default,1s,Default,Default,Default,Default,Default,Default,Default,16,Default,3.590 μs,0.0262 μs,0.0245 μs,"277,968",15.00,125.14 uj,0.92 uj,0.73,34784241.27 uj,4.04 uj,1123361.33 uj,101.86 uj,28314466.00 uj,51.67,0.3669,0.0000,3.01 KB
STJRefGen_Ser_A0,Energy,False,Default,Default,Default,Default,Default,DontRemove,00000100,Empty,RyuJit,Default,X64,8c5e7fda-e8bf-4a96-9a85-a6e23a8c635c,.NET 10.0,False,True,False,True,Default,Default,False,False,False,Default,Default,Default,Default,Default,Default,Default,Default,Default,1s,Default,Default,Default,Default,Default,Default,Default,16,Default,4.947 μs,0.0355 μs,0.0332 μs,"199,632",15.00,173.41 uj,1.37 uj,0.79,34618531.33 uj,5.61 uj,1119174.33 uj,141.36 uj,28220635.00 uj,51.77,0.4007,0.0000,3.31 KB
SpanJson_Ser_A0,Energy,False,Default,Default,Default,Default,Default,DontRemove,00000100,Empty,RyuJit,Default,X64,8c5e7fda-e8bf-4a96-9a85-a6e23a8c635c,.NET 10.0,False,True,False,True,Default,Default,False,False,False,Default,Default,Default,Default,Default,Default,Default,Default,Default,1s,Default,Default,Default,Default,Default,Default,Default,16,Default,6.152 μs,0.1100 μs,0.1029 μs,"156,923",15.00,211.07 uj,3.46 uj,1.64,33122001.80 uj,6.94 uj,1088957.93 uj,171.27 uj,26876017.47 uj,51.10,0.3632,0.0000,2.99 KB
Utf8Json_Ser_A0,Energy,False,Default,Default,Default,Default,Default,DontRemove,00000100,Empty,RyuJit,Default,X64,8c5e7fda-e8bf-4a96-9a85-a6e23a8c635c,.NET 10.0,False,True,False,True,Default,Default,False,False,False,Default,Default,Default,Default,Default,Default,Default,Default,Default,1s,Default,Default,Default,Default,Default,Default,Default,16,Default,6.816 μs,0.0999 μs,0.0934 μs,"146,371",15.00,233.61 uj,3.28 uj,1.40,34193906.73 uj,7.67 uj,1122641.27 uj,189.49 uj,27735231.67 uj,50.67,0.3621,0.0000,3.01 KB
Newtonsoft_Ser_A0,Energy,False,Default,Default,Default,Default,Default,DontRemove,00000100,Empty,RyuJit,Default,X64,8c5e7fda-e8bf-4a96-9a85-a6e23a8c635c,.NET 10.0,False,True,False,True,Default,Default,False,False,False,Default,Default,Default,Default,Default,Default,Default,Default,Default,1s,Default,Default,Default,Default,Default,Default,Default,16,Default,12.007 μs,0.0847 μs,0.0793 μs,"83,808",15.00,412.51 uj,2.71 uj,0.66,34571652.27 uj,13.81 uj,1157211.40 uj,334.56 uj,28038408.73 uj,50.70,2.2313,0.0716,18.27 KB
SpanJson_Ser_E10,Energy,False,Default,Default,Default,Default,Default,DontRemove,00000100,Empty,RyuJit,Default,X64,8c5e7fda-e8bf-4a96-9a85-a6e23a8c635c,.NET 10.0,False,True,False,True,Default,Default,False,False,False,Default,Default,Default,Default,Default,Default,Default,Default,Default,1s,Default,Default,Default,Default,Default,Default,Default,16,Default,7.023 μs,0.0953 μs,0.0892 μs,"143,293",15.00,240.96 uj,3.05 uj,1.26,34527735.47 uj,7.87 uj,1128077.27 uj,195.53 uj,28018076.00 uj,51.13,0.3838,0.0000,3.19 KB
Utf8Json_Ser_E10,Energy,False,Default,Default,Default,Default,Default,DontRemove,00000100,Empty,RyuJit,Default,X64,8c5e7fda-e8bf-4a96-9a85-a6e23a8c635c,.NET 10.0,False,True,False,True,Default,Default,False,False,False,Default,Default,Default,Default,Default,Default,Default,Default,Default,1s,Default,Default,Default,Default,Default,Default,Default,16,Default,8.350 μs,0.0376 μs,0.0352 μs,"120,740",15.00,286.90 uj,1.27 uj,0.44,34640821.27 uj,9.39 uj,1133574.67 uj,232.80 uj,28108367.13 uj,50.83,0.3893,0.0000,3.2 KB
STJSrcGen_Ser_E10,Energy,False,Default,Default,Default,Default,Default,DontRemove,00000100,Empty,RyuJit,Default,X64,8c5e7fda-e8bf-4a96-9a85-a6e23a8c635c,.NET 10.0,False,True,False,True,Default,Default,False,False,False,Default,Default,Default,Default,Default,Default,Default,Default,Default,1s,Default,Default,Default,Default,Default,Default,Default,16,Default,8.642 μs,0.0856 μs,0.0800 μs,"115,344",15.00,297.80 uj,2.66 uj,0.89,34349663.93 uj,9.70 uj,1119028.00 uj,241.79 uj,27889418.53 uj,51.60,0.3988,0.0000,3.32 KB
STJRefGen_Ser_E10,Energy,False,Default,Default,Default,Default,Default,DontRemove,00000100,Empty,RyuJit,Default,X64,8c5e7fda-e8bf-4a96-9a85-a6e23a8c635c,.NET 10.0,False,True,False,True,Default,Default,False,False,False,Default,Default,Default,Default,Default,Default,Default,Default,Default,1s,Default,Default,Default,Default,Default,Default,Default,16,Default,10.885 μs,0.0889 μs,0.0831 μs,"90,656",15.00,375.34 uj,2.88 uj,0.77,34026866.13 uj,12.21 uj,1106727.40 uj,304.82 uj,27633954.27 uj,51.03,0.4412,0.0000,3.63 KB
Newtonsoft_Ser_E10,Energy,False,Default,Default,Default,Default,Default,DontRemove,00000100,Empty,RyuJit,Default,X64,8c5e7fda-e8bf-4a96-9a85-a6e23a8c635c,.NET 10.0,False,True,False,True,Default,Default,False,False,False,Default,Default,Default,Default,Default,Default,Default,Default,Default,1s,Default,Default,Default,Default,Default,Default,Default,16,Default,16.399 μs,0.1339 μs,0.1252 μs,"61,296",15.00,562.96 uj,4.34 uj,0.77,34507170.87 uj,18.82 uj,1153602.40 uj,456.68 uj,27992400.60 uj,50.83,2.3003,0.0653,18.86 KB
STJSrcGen_Ser_E100,Energy,False,Default,Default,Default,Default,Default,DontRemove,00000100,Empty,RyuJit,Default,X64,8c5e7fda-e8bf-4a96-9a85-a6e23a8c635c,.NET 10.0,False,True,False,True,Default,Default,False,False,False,Default,Default,Default,Default,Default,Default,Default,Default,Default,1s,Default,Default,Default,Default,Default,Default,Default,16,Default,25.504 μs,0.2040 μs,0.1909 μs,"39,200",15.00,874.87 uj,6.26 uj,0.72,34294781.20 uj,28.74 uj,1126612.60 uj,709.42 uj,27809458.53 uj,50.47,0.7143,0.0000,5.95 KB
STJRefGen_Ser_E100,Energy,False,Default,Default,Default,Default,Default,DontRemove,00000100,Empty,RyuJit,Default,X64,8c5e7fda-e8bf-4a96-9a85-a6e23a8c635c,.NET 10.0,False,True,False,True,Default,Default,False,False,False,Default,Default,Default,Default,Default,Default,Default,Default,Default,1s,Default,Default,Default,Default,Default,Default,Default,16,Default,28.786 μs,0.2230 μs,0.2086 μs,"34,320",15.00,987.50 uj,7.15 uj,0.72,33890900.33 uj,32.41 uj,1112143.40 uj,801.21 uj,27497532.87 uj,50.47,0.7576,0.0000,6.26 KB
SpanJson_Ser_E100,Energy,False,Default,Default,Default,Default,Default,DontRemove,00000100,Empty,RyuJit,Default,X64,8c5e7fda-e8bf-4a96-9a85-a6e23a8c635c,.NET 10.0,False,True,False,True,Default,Default,False,False,False,Default,Default,Default,Default,Default,Default,Default,Default,Default,1s,Default,Default,Default,Default,Default,Default,Default,16,Default,28.998 μs,0.1909 μs,0.1786 μs,"34,669",15.00,995.33 uj,6.11 uj,0.61,34507138.13 uj,32.57 uj,1129183.93 uj,807.68 uj,28001466.40 uj,50.83,0.5769,0.0000,4.84 KB
Newtonsoft_Ser_E100,Energy,False,Default,Default,Default,Default,Default,DontRemove,00000100,Empty,RyuJit,Default,X64,8c5e7fda-e8bf-4a96-9a85-a6e23a8c635c,.NET 10.0,False,True,False,True,Default,Default,False,False,False,Default,Default,Default,Default,Default,Default,Default,Default,Default,1s,Default,Default,Default,Default,Default,Default,Default,16,Default,34.823 μs,0.2509 μs,0.2347 μs,"28,880",15.00,1194.61 uj,7.69 uj,0.64,34500302.33 uj,39.56 uj,1142567.13 uj,969.13 uj,27988462.00 uj,50.27,3.8781,0.2078,31.9 KB
Utf8Json_Ser_E100,Energy,False,Default,Default,Default,Default,Default,DontRemove,00000100,Empty,RyuJit,Default,X64,8c5e7fda-e8bf-4a96-9a85-a6e23a8c635c,.NET 10.0,False,True,False,True,Default,Default,False,False,False,Default,Default,Default,Default,Default,Default,Default,Default,Default,1s,Default,Default,Default,Default,Default,Default,Default,16,Default,45.448 μs,0.3819 μs,0.3573 μs,"22,086",15.00,1554.92 uj,13.26 uj,0.85,34342030.47 uj,51.04 uj,1127251.40 uj,1260.76 uj,27845066.47 uj,50.37,0.5886,0.0000,4.86 KB
SpanJson_Ser_E25,Energy,False,Default,Default,Default,Default,Default,DontRemove,00000100,Empty,RyuJit,Default,X64,8c5e7fda-e8bf-4a96-9a85-a6e23a8c635c,.NET 10.0,False,True,False,True,Default,Default,False,False,False,Default,Default,Default,Default,Default,Default,Default,Default,Default,1s,Default,Default,Default,Default,Default,Default,Default,16,Default,10.828 μs,0.0741 μs,0.0693 μs,"87,877",15.00,371.71 uj,2.34 uj,0.63,32664918.80 uj,12.20 uj,1072157.00 uj,301.57 uj,26500904.67 uj,50.50,0.4210,0.0000,3.46 KB
STJSrcGen_Ser_E25,Energy,False,Default,Default,Default,Default,Default,DontRemove,00000100,Empty,RyuJit,Default,X64,8c5e7fda-e8bf-4a96-9a85-a6e23a8c635c,.NET 10.0,False,True,False,True,Default,Default,False,False,False,Default,Default,Default,Default,Default,Default,Default,Default,Default,1s,Default,Default,Default,Default,Default,Default,Default,16,Default,10.860 μs,0.0943 μs,0.0882 μs,"91,936",15.00,374.74 uj,3.00 uj,0.80,34451746.93 uj,12.18 uj,1119569.00 uj,304.36 uj,27981979.80 uj,51.40,0.4568,0.0000,3.77 KB
Utf8Json_Ser_E25,Energy,False,Default,Default,Default,Default,Default,DontRemove,00000100,Empty,RyuJit,Default,X64,8c5e7fda-e8bf-4a96-9a85-a6e23a8c635c,.NET 10.0,False,True,False,True,Default,Default,False,False,False,Default,Default,Default,Default,Default,Default,Default,Default,Default,1s,Default,Default,Default,Default,Default,Default,Default,16,Default,14.015 μs,0.1110 μs,0.1038 μs,"71,795",15.00,481.08 uj,3.44 uj,0.71,34539315.93 uj,15.72 uj,1128537.27 uj,390.33 uj,28023951.73 uj,50.63,0.4179,0.0000,3.48 KB
STJRefGen_Ser_E25,Energy,False,Default,Default,Default,Default,Default,DontRemove,00000100,Empty,RyuJit,Default,X64,8c5e7fda-e8bf-4a96-9a85-a6e23a8c635c,.NET 10.0,False,True,False,True,Default,Default,False,False,False,Default,Default,Default,Default,Default,Default,Default,Default,Default,1s,Default,Default,Default,Default,Default,Default,Default,16,Default,14.110 μs,0.1190 μs,0.1113 μs,"69,744",15.00,485.07 uj,3.86 uj,0.80,33830382.07 uj,15.83 uj,1104070.13 uj,393.62 uj,27452668.20 uj,50.97,0.4875,0.0000,4.08 KB
Newtonsoft_Ser_E25,Energy,False,Default,Default,Default,Default,Default,DontRemove,00000100,Empty,RyuJit,Default,X64,8c5e7fda-e8bf-4a96-9a85-a6e23a8c635c,.NET 10.0,False,True,False,True,Default,Default,False,False,False,Default,Default,Default,Default,Default,Default,Default,Default,Default,1s,Default,Default,Default,Default,Default,Default,Default,16,Default,20.182 μs,0.1536 μs,0.1436 μs,"49,696",15.00,694.02 uj,4.76 uj,0.69,34490198.73 uj,22.94 uj,1140109.33 uj,563.34 uj,27995765.67 uj,50.73,2.3946,0.0604,19.67 KB
Utf8Json_Ser_E5,Energy,False,Default,Default,Default,Default,Default,DontRemove,00000100,Empty,RyuJit,Default,X64,8c5e7fda-e8bf-4a96-9a85-a6e23a8c635c,.NET 10.0,False,True,False,True,Default,Default,False,False,False,Default,Default,Default,Default,Default,Default,Default,Default,Default,1s,Default,Default,Default,Default,Default,Default,Default,16,Default,6.072 μs,0.0764 μs,0.0714 μs,"160,767",15.00,208.57 uj,2.45 uj,1.17,33530810.20 uj,6.88 uj,1106161.87 uj,169.23 uj,27206168.07 uj,51.23,0.3794,0.0000,3.1 KB
STJSrcGen_Ser_E5,Energy,False,Default,Default,Default,Default,Default,DontRemove,00000100,Empty,RyuJit,Default,X64,8c5e7fda-e8bf-4a96-9a85-a6e23a8c635c,.NET 10.0,False,True,False,True,Default,Default,False,False,False,Default,Default,Default,Default,Default,Default,Default,Default,Default,1s,Default,Default,Default,Default,Default,Default,Default,16,Default,7.101 μs,0.0493 μs,0.0462 μs,"140,448",15.00,244.52 uj,1.57 uj,0.64,34342917.27 uj,7.99 uj,1122519.13 uj,198.47 uj,27874184.20 uj,51.27,0.3845,0.0000,3.18 KB
SpanJson_Ser_E5,Energy,False,Default,Default,Default,Default,Default,DontRemove,00000100,Empty,RyuJit,Default,X64,8c5e7fda-e8bf-4a96-9a85-a6e23a8c635c,.NET 10.0,False,True,False,True,Default,Default,False,False,False,Default,Default,Default,Default,Default,Default,Default,Default,Default,1s,Default,Default,Default,Default,Default,Default,Default,16,Default,8.293 μs,0.1223 μs,0.1144 μs,"121,736",15.00,283.88 uj,3.71 uj,1.31,34558610.93 uj,9.31 uj,1133603.13 uj,230.15 uj,28018124.87 uj,50.03,0.3697,0.0000,3.09 KB
STJRefGen_Ser_E5,Energy,False,Default,Default,Default,Default,Default,DontRemove,00000100,Empty,RyuJit,Default,X64,8c5e7fda-e8bf-4a96-9a85-a6e23a8c635c,.NET 10.0,False,True,False,True,Default,Default,False,False,False,Default,Default,Default,Default,Default,Default,Default,Default,Default,1s,Default,Default,Default,Default,Default,Default,Default,16,Default,8.775 μs,0.0756 μs,0.0707 μs,"112,560",15.00,303.35 uj,2.49 uj,0.82,34145440.87 uj,9.84 uj,1108147.40 uj,246.46 uj,27741709.47 uj,51.37,0.4264,0.0000,3.48 KB
Newtonsoft_Ser_E5,Energy,False,Default,Default,Default,Default,Default,DontRemove,00000100,Empty,RyuJit,Default,X64,8c5e7fda-e8bf-4a96-9a85-a6e23a8c635c,.NET 10.0,False,True,False,True,Default,Default,False,False,False,Default,Default,Default,Default,Default,Default,Default,Default,Default,1s,Default,Default,Default,Default,Default,Default,Default,16,Default,14.304 μs,0.1099 μs,0.1028 μs,"70,256",15.00,491.22 uj,3.49 uj,0.71,34511247.87 uj,16.46 uj,1156714.87 uj,398.60 uj,28003708.33 uj,50.83,2.2632,0.0569,18.55 KB
STJSrcGen_Ser_E50,Energy,False,Default,Default,Default,Default,Default,DontRemove,00000100,Empty,RyuJit,Default,X64,8c5e7fda-e8bf-4a96-9a85-a6e23a8c635c,.NET 10.0,False,True,False,True,Default,Default,False,False,False,Default,Default,Default,Default,Default,Default,Default,Default,Default,1s,Default,Default,Default,Default,Default,Default,Default,16,Default,15.420 μs,0.1250 μs,0.1169 μs,"64,336",15.00,529.42 uj,3.91 uj,0.74,34060764.87 uj,17.40 uj,1119129.60 uj,429.63 uj,27640648.07 uj,50.80,0.5440,0.0000,4.47 KB
SpanJson_Ser_E50,Energy,False,Default,Default,Default,Default,Default,DontRemove,00000100,Empty,RyuJit,Default,X64,8c5e7fda-e8bf-4a96-9a85-a6e23a8c635c,.NET 10.0,False,True,False,True,Default,Default,False,False,False,Default,Default,Default,Default,Default,Default,Default,Default,Default,1s,Default,Default,Default,Default,Default,Default,Default,16,Default,16.569 μs,0.1704 μs,0.1594 μs,"58,145",15.00,568.64 uj,5.32 uj,0.94,33063338.93 uj,18.61 uj,1082284.87 uj,461.38 uj,26826693.40 uj,51.00,0.4644,0.0000,3.91 KB
STJRefGen_Ser_E50,Energy,False,Default,Default,Default,Default,Default,DontRemove,00000100,Empty,RyuJit,Default,X64,8c5e7fda-e8bf-4a96-9a85-a6e23a8c635c,.NET 10.0,False,True,False,True,Default,Default,False,False,False,Default,Default,Default,Default,Default,Default,Default,Default,Default,1s,Default,Default,Default,Default,Default,Default,Default,16,Default,18.409 μs,0.1627 μs,0.1522 μs,"53,232",15.00,631.93 uj,5.10 uj,0.81,33638683.67 uj,20.75 uj,1104631.87 uj,512.74 uj,27294030.20 uj,50.80,0.5824,0.0000,4.77 KB
Utf8Json_Ser_E50,Energy,False,Default,Default,Default,Default,Default,DontRemove,00000100,Empty,RyuJit,Default,X64,8c5e7fda-e8bf-4a96-9a85-a6e23a8c635c,.NET 10.0,False,True,False,True,Default,Default,False,False,False,Default,Default,Default,Default,Default,Default,Default,Default,Default,1s,Default,Default,Default,Default,Default,Default,Default,16,Default,26.160 μs,0.0953 μs,0.0891 μs,"38,285",15.00,897.54 uj,3.56 uj,0.40,34362395.80 uj,29.38 uj,1124740.80 uj,727.99 uj,27871067.13 uj,50.73,0.4702,0.0000,3.92 KB
Newtonsoft_Ser_E50,Energy,False,Default,Default,Default,Default,Default,DontRemove,00000100,Empty,RyuJit,Default,X64,8c5e7fda-e8bf-4a96-9a85-a6e23a8c635c,.NET 10.0,False,True,False,True,Default,Default,False,False,False,Default,Default,Default,Default,Default,Default,Default,Default,Default,1s,Default,Default,Default,Default,Default,Default,Default,16,Default,29.296 μs,0.2403 μs,0.2248 μs,"34,336",15.00,1005.54 uj,7.74 uj,0.77,34526356.13 uj,33.25 uj,1141562.07 uj,815.94 uj,28016233.00 uj,50.60,2.5629,0.0582,21.02 KB
SpanJson_Ser_U10,Energy,False,Default,Default,Default,Default,Default,DontRemove,00000100,Empty,RyuJit,Default,X64,8c5e7fda-e8bf-4a96-9a85-a6e23a8c635c,.NET 10.0,False,True,False,True,Default,Default,False,False,False,Default,Default,Default,Default,Default,Default,Default,Default,Default,1s,Default,Default,Default,Default,Default,Default,Default,16,Default,7.607 μs,0.1073 μs,0.1003 μs,"125,409",15.00,260.88 uj,3.43 uj,1.31,32717010.20 uj,8.54 uj,1070472.27 uj,211.66 uj,26544475.47 uj,50.70,0.3907,0.0000,3.21 KB
Utf8Json_Ser_U10,Energy,False,Default,Default,Default,Default,Default,DontRemove,00000100,Empty,RyuJit,Default,X64,8c5e7fda-e8bf-4a96-9a85-a6e23a8c635c,.NET 10.0,False,True,False,True,Default,Default,False,False,False,Default,Default,Default,Default,Default,Default,Default,Default,Default,1s,Default,Default,Default,Default,Default,Default,Default,16,Default,7.645 μs,0.1037 μs,0.0970 μs,"125,859",15.00,261.87 uj,3.17 uj,1.21,32958741.20 uj,8.61 uj,1083452.73 uj,212.39 uj,26730896.73 uj,50.73,0.3893,0.0000,3.23 KB
STJSrcGen_Ser_U10,Energy,False,Default,Default,Default,Default,Default,DontRemove,00000100,Empty,RyuJit,Default,X64,8c5e7fda-e8bf-4a96-9a85-a6e23a8c635c,.NET 10.0,False,True,False,True,Default,Default,False,False,False,Default,Default,Default,Default,Default,Default,Default,Default,Default,1s,Default,Default,Default,Default,Default,Default,Default,16,Default,10.702 μs,0.0681 μs,0.0637 μs,"93,424",15.00,368.24 uj,2.22 uj,0.60,34402719.60 uj,12.09 uj,1129261.47 uj,298.92 uj,27926584.67 uj,51.57,0.4710,0.0000,3.93 KB
STJRefGen_Ser_U10,Energy,False,Default,Default,Default,Default,Default,DontRemove,00000100,Empty,RyuJit,Default,X64,8c5e7fda-e8bf-4a96-9a85-a6e23a8c635c,.NET 10.0,False,True,False,True,Default,Default,False,False,False,Default,Default,Default,Default,Default,Default,Default,Default,Default,1s,Default,Default,Default,Default,Default,Default,Default,16,Default,11.960 μs,0.1012 μs,0.0947 μs,"77,744",15.00,411.69 uj,3.27 uj,0.80,32006290.13 uj,13.49 uj,1049028.80 uj,334.19 uj,25981439.80 uj,51.43,0.5145,0.0000,4.23 KB
Newtonsoft_Ser_U10,Energy,False,Default,Default,Default,Default,Default,DontRemove,00000100,Empty,RyuJit,Default,X64,8c5e7fda-e8bf-4a96-9a85-a6e23a8c635c,.NET 10.0,False,True,False,True,Default,Default,False,False,False,Default,Default,Default,Default,Default,Default,Default,Default,Default,1s,Default,Default,Default,Default,Default,Default,Default,16,Default,13.251 μs,0.1193 μs,0.1116 μs,"70,128",15.00,454.73 uj,3.77 uj,0.83,31889159.80 uj,15.11 uj,1059311.47 uj,368.96 uj,25874697.87 uj,50.67,2.2530,0.0713,18.48 KB
SpanJson_Ser_U100,Energy,False,Default,Default,Default,Default,Default,DontRemove,00000100,Empty,RyuJit,Default,X64,8c5e7fda-e8bf-4a96-9a85-a6e23a8c635c,.NET 10.0,False,True,False,True,Default,Default,False,False,False,Default,Default,Default,Default,Default,Default,Default,Default,Default,1s,Default,Default,Default,Default,Default,Default,Default,16,Default,7.926 μs,0.0447 μs,0.0418 μs,"126,562",15.00,271.58 uj,1.48 uj,0.54,34372194.07 uj,8.91 uj,1127178.20 uj,220.36 uj,27889153.67 uj,50.70,0.6400,0.0000,5.26 KB
Utf8Json_Ser_U100,Energy,False,Default,Default,Default,Default,Default,DontRemove,00000100,Empty,RyuJit,Default,X64,8c5e7fda-e8bf-4a96-9a85-a6e23a8c635c,.NET 10.0,False,True,False,True,Default,Default,False,False,False,Default,Default,Default,Default,Default,Default,Default,Default,Default,1s,Default,Default,Default,Default,Default,Default,Default,16,Default,9.241 μs,0.0466 μs,0.0436 μs,"108,552",15.00,309.94 uj,1.52 uj,0.49,33644188.67 uj,10.36 uj,1124378.53 uj,250.11 uj,27149902.00 uj,50.40,0.6356,0.0000,5.27 KB
Newtonsoft_Ser_U100,Energy,False,Default,Default,Default,Default,Default,DontRemove,00000100,Empty,RyuJit,Default,X64,8c5e7fda-e8bf-4a96-9a85-a6e23a8c635c,.NET 10.0,False,True,False,True,Default,Default,False,False,False,Default,Default,Default,Default,Default,Default,Default,Default,Default,1s,Default,Default,Default,Default,Default,Default,Default,16,Default,16.877 μs,0.1549 μs,0.1449 μs,"58,464",15.00,578.72 uj,4.94 uj,0.85,33834349.60 uj,19.39 uj,1133891.80 uj,469.29 uj,27436664.73 uj,50.37,2.4973,0.0513,20.52 KB
STJSrcGen_Ser_U100,Energy,False,Default,Default,Default,Default,Default,DontRemove,00000100,Empty,RyuJit,Default,X64,8c5e7fda-e8bf-4a96-9a85-a6e23a8c635c,.NET 10.0,False,True,False,True,Default,Default,False,False,False,Default,Default,Default,Default,Default,Default,Default,Default,Default,1s,Default,Default,Default,Default,Default,Default,Default,16,Default,24.882 μs,0.1725 μs,0.1613 μs,"40,368",15.00,863.21 uj,7.19 uj,0.83,34845898.87 uj,27.91 uj,1126746.73 uj,701.96 uj,28336646.33 uj,51.77,1.4863,0.0000,12.28 KB
STJRefGen_Ser_U100,Energy,False,Default,Default,Default,Default,Default,DontRemove,00000100,Empty,RyuJit,Default,X64,8c5e7fda-e8bf-4a96-9a85-a6e23a8c635c,.NET 10.0,False,True,False,True,Default,Default,False,False,False,Default,Default,Default,Default,Default,Default,Default,Default,Default,1s,Default,Default,Default,Default,Default,Default,Default,16,Default,28.350 μs,0.2196 μs,0.2054 μs,"35,456",15.00,975.65 uj,7.37 uj,0.76,34592644.20 uj,31.84 uj,1128911.53 uj,792.13 uj,28085621.33 uj,51.67,1.5230,0.0000,12.59 KB
Utf8Json_Ser_U25,Energy,False,Default,Default,Default,Default,Default,DontRemove,00000100,Empty,RyuJit,Default,X64,8c5e7fda-e8bf-4a96-9a85-a6e23a8c635c,.NET 10.0,False,True,False,True,Default,Default,False,False,False,Default,Default,Default,Default,Default,Default,Default,Default,Default,1s,Default,Default,Default,Default,Default,Default,Default,16,Default,8.834 μs,0.1037 μs,0.0970 μs,"110,931",15.00,296.78 uj,3.57 uj,1.20,32922421.33 uj,9.95 uj,1103687.93 uj,239.62 uj,26580978.60 uj,50.53,0.4327,0.0000,3.57 KB
SpanJson_Ser_U25,Energy,False,Default,Default,Default,Default,Default,DontRemove,00000100,Empty,RyuJit,Default,X64,8c5e7fda-e8bf-4a96-9a85-a6e23a8c635c,.NET 10.0,False,True,False,True,Default,Default,False,False,False,Default,Default,Default,Default,Default,Default,Default,Default,Default,1s,Default,Default,Default,Default,Default,Default,Default,16,Default,8.893 μs,0.1181 μs,0.1105 μs,"113,058",15.00,298.02 uj,3.62 uj,1.22,33693618.80 uj,10.02 uj,1133139.13 uj,240.47 uj,27186665.40 uj,50.50,0.4334,0.0000,3.55 KB
Newtonsoft_Ser_U25,Energy,False,Default,Default,Default,Default,Default,DontRemove,00000100,Empty,RyuJit,Default,X64,8c5e7fda-e8bf-4a96-9a85-a6e23a8c635c,.NET 10.0,False,True,False,True,Default,Default,False,False,False,Default,Default,Default,Default,Default,Default,Default,Default,Default,1s,Default,Default,Default,Default,Default,Default,Default,16,Default,13.952 μs,0.1138 μs,0.1064 μs,"71,888",15.00,478.67 uj,3.50 uj,0.73,34410890.07 uj,15.74 uj,1131633.60 uj,388.33 uj,27915993.00 uj,50.70,2.2952,0.0278,18.83 KB
STJSrcGen_Ser_U25,Energy,False,Default,Default,Default,Default,Default,DontRemove,00000100,Empty,RyuJit,Default,X64,8c5e7fda-e8bf-4a96-9a85-a6e23a8c635c,.NET 10.0,False,True,False,True,Default,Default,False,False,False,Default,Default,Default,Default,Default,Default,Default,Default,Default,1s,Default,Default,Default,Default,Default,Default,Default,16,Default,14.804 μs,0.1336 μs,0.1250 μs,"67,408",15.00,508.54 uj,4.26 uj,0.84,34279904.87 uj,16.60 uj,1119125.33 uj,412.60 uj,27812502.07 uj,51.50,0.6379,0.0000,5.32 KB
STJRefGen_Ser_U25,Energy,False,Default,Default,Default,Default,Default,DontRemove,00000100,Empty,RyuJit,Default,X64,8c5e7fda-e8bf-4a96-9a85-a6e23a8c635c,.NET 10.0,False,True,False,True,Default,Default,False,False,False,Default,Default,Default,Default,Default,Default,Default,Default,Default,1s,Default,Default,Default,Default,Default,Default,Default,16,Default,16.428 μs,0.1147 μs,0.1073 μs,"61,184",15.00,564.02 uj,3.76 uj,0.67,34508794.47 uj,18.53 uj,1133741.40 uj,457.67 uj,28001893.53 uj,51.27,0.6865,0.0000,5.63 KB
Utf8Json_Ser_U5,Energy,False,Default,Default,Default,Default,Default,DontRemove,00000100,Empty,RyuJit,Default,X64,8c5e7fda-e8bf-4a96-9a85-a6e23a8c635c,.NET 10.0,False,True,False,True,Default,Default,False,False,False,Default,Default,Default,Default,Default,Default,Default,Default,Default,1s,Default,Default,Default,Default,Default,Default,Default,16,Default,7.240 μs,0.0528 μs,0.0494 μs,"139,437",15.00,244.23 uj,1.89 uj,0.78,34054697.87 uj,8.15 uj,1136064.73 uj,197.37 uj,27520429.13 uj,50.47,0.3801,0.0000,3.13 KB
SpanJson_Ser_U5,Energy,False,Default,Default,Default,Default,Default,DontRemove,00000100,Empty,RyuJit,Default,X64,8c5e7fda-e8bf-4a96-9a85-a6e23a8c635c,.NET 10.0,False,True,False,True,Default,Default,False,False,False,Default,Default,Default,Default,Default,Default,Default,Default,Default,1s,Default,Default,Default,Default,Default,Default,Default,16,Default,7.706 μs,0.0786 μs,0.0735 μs,"130,379",15.00,259.50 uj,2.71 uj,1.04,33833612.80 uj,8.66 uj,1128886.93 uj,209.58 uj,27325247.47 uj,50.40,0.3758,0.0000,3.12 KB
STJSrcGen_Ser_U5,Energy,False,Default,Default,Default,Default,Default,DontRemove,00000100,Empty,RyuJit,Default,X64,8c5e7fda-e8bf-4a96-9a85-a6e23a8c635c,.NET 10.0,False,True,False,True,Default,Default,False,False,False,Default,Default,Default,Default,Default,Default,Default,Default,Default,1s,Default,Default,Default,Default,Default,Default,Default,16,Default,8.603 μs,0.0608 μs,0.0569 μs,"116,064",15.00,295.42 uj,1.94 uj,0.66,34287725.53 uj,9.69 uj,1125233.13 uj,239.75 uj,27826658.07 uj,51.57,0.4222,0.0000,3.5 KB
STJRefGen_Ser_U5,Energy,False,Default,Default,Default,Default,Default,DontRemove,00000100,Empty,RyuJit,Default,X64,8c5e7fda-e8bf-4a96-9a85-a6e23a8c635c,.NET 10.0,False,True,False,True,Default,Default,False,False,False,Default,Default,Default,Default,Default,Default,Default,Default,Default,1s,Default,Default,Default,Default,Default,Default,Default,16,Default,10.558 μs,0.0874 μs,0.0817 μs,"91,344",15.00,362.75 uj,2.75 uj,0.76,33134880.13 uj,11.84 uj,1081662.33 uj,294.43 uj,26894230.40 uj,51.53,0.4598,0.0000,3.8 KB
Newtonsoft_Ser_U5,Energy,False,Default,Default,Default,Default,Default,DontRemove,00000100,Empty,RyuJit,Default,X64,8c5e7fda-e8bf-4a96-9a85-a6e23a8c635c,.NET 10.0,False,True,False,True,Default,Default,False,False,False,Default,Default,Default,Default,Default,Default,Default,Default,Default,1s,Default,Default,Default,Default,Default,Default,Default,16,Default,13.048 μs,0.1056 μs,0.0988 μs,"74,848",15.00,447.65 uj,3.35 uj,0.75,33505932.20 uj,14.91 uj,1115996.53 uj,363.15 uj,27180932.13 uj,50.63,2.2445,0.0668,18.39 KB
SpanJson_Ser_U50,Energy,False,Default,Default,Default,Default,Default,DontRemove,00000100,Empty,RyuJit,Default,X64,8c5e7fda-e8bf-4a96-9a85-a6e23a8c635c,.NET 10.0,False,True,False,True,Default,Default,False,False,False,Default,Default,Default,Default,Default,Default,Default,Default,Default,1s,Default,Default,Default,Default,Default,Default,Default,16,Default,8.300 μs,0.1005 μs,0.0940 μs,"121,171",15.00,284.06 uj,3.32 uj,1.17,34419846.00 uj,9.30 uj,1127491.33 uj,230.32 uj,27908416.53 uj,50.63,0.5034,0.0000,4.13 KB
Utf8Json_Ser_U50,Energy,False,Default,Default,Default,Default,Default,DontRemove,00000100,Empty,RyuJit,Default,X64,8c5e7fda-e8bf-4a96-9a85-a6e23a8c635c,.NET 10.0,False,True,False,True,Default,Default,False,False,False,Default,Default,Default,Default,Default,Default,Default,Default,Default,1s,Default,Default,Default,Default,Default,Default,Default,16,Default,9.154 μs,0.0659 μs,0.0616 μs,"110,033",15.00,308.80 uj,3.40 uj,1.10,33977720.60 uj,10.32 uj,1135002.80 uj,249.59 uj,27462718.80 uj,50.33,0.4999,0.0000,4.15 KB
Newtonsoft_Ser_U50,Energy,False,Default,Default,Default,Default,Default,DontRemove,00000100,Empty,RyuJit,Default,X64,8c5e7fda-e8bf-4a96-9a85-a6e23a8c635c,.NET 10.0,False,True,False,True,Default,Default,False,False,False,Default,Default,Default,Default,Default,Default,Default,Default,Default,1s,Default,Default,Default,Default,Default,Default,Default,16,Default,16.737 μs,0.1749 μs,0.1636 μs,"56,432",15.00,572.40 uj,5.68 uj,0.99,32301842.07 uj,19.24 uj,1085601.40 uj,464.10 uj,26190236.40 uj,50.43,2.3745,0.0709,19.41 KB
STJSrcGen_Ser_U50,Energy,False,Default,Default,Default,Default,Default,DontRemove,00000100,Empty,RyuJit,Default,X64,8c5e7fda-e8bf-4a96-9a85-a6e23a8c635c,.NET 10.0,False,True,False,True,Default,Default,False,False,False,Default,Default,Default,Default,Default,Default,Default,Default,Default,1s,Default,Default,Default,Default,Default,Default,Default,16,Default,18.464 μs,0.1671 μs,0.1563 μs,"54,272",15.00,634.16 uj,5.33 uj,0.84,34417152.20 uj,20.69 uj,1123060.33 uj,514.53 uj,27924419.73 uj,51.40,0.9213,0.0000,7.56 KB
STJRefGen_Ser_U50,Energy,False,Default,Default,Default,Default,Default,DontRemove,00000100,Empty,RyuJit,Default,X64,8c5e7fda-e8bf-4a96-9a85-a6e23a8c635c,.NET 10.0,False,True,False,True,Default,Default,False,False,False,Default,Default,Default,Default,Default,Default,Default,Default,Default,1s,Default,Default,Default,Default,Default,Default,Default,16,Default,21.366 μs,0.1745 μs,0.1633 μs,"44,256",15.00,735.59 uj,6.28 uj,0.85,32554303.20 uj,24.00 uj,1062338.67 uj,597.24 uj,26431499.73 uj,51.43,0.9490,0.0000,7.87 KB
SpanJson_Ser_UE10,Energy,False,Default,Default,Default,Default,Default,DontRemove,00000100,Empty,RyuJit,Default,X64,8c5e7fda-e8bf-4a96-9a85-a6e23a8c635c,.NET 10.0,False,True,False,True,Default,Default,False,False,False,Default,Default,Default,Default,Default,Default,Default,Default,Default,1s,Default,Default,Default,Default,Default,Default,Default,16,Default,7.598 μs,0.0872 μs,0.0816 μs,"133,561",15.00,258.89 uj,2.71 uj,1.05,34577471.00 uj,8.52 uj,1137757.47 uj,209.76 uj,28015541.27 uj,50.63,0.3893,0.0000,3.21 KB
Utf8Json_Ser_UE10,Energy,False,Default,Default,Default,Default,Default,DontRemove,00000100,Empty,RyuJit,Default,X64,8c5e7fda-e8bf-4a96-9a85-a6e23a8c635c,.NET 10.0,False,True,False,True,Default,Default,False,False,False,Default,Default,Default,Default,Default,Default,Default,Default,Default,1s,Default,Default,Default,Default,Default,Default,Default,16,Default,7.617 μs,0.0952 μs,0.0890 μs,"127,463",15.00,260.48 uj,3.11 uj,1.19,33201192.67 uj,8.56 uj,1090565.40 uj,211.16 uj,26915010.80 uj,50.50,0.3923,0.0000,3.23 KB
STJSrcGen_Ser_UE10,Energy,False,Default,Default,Default,Default,Default,DontRemove,00000100,Empty,RyuJit,Default,X64,8c5e7fda-e8bf-4a96-9a85-a6e23a8c635c,.NET 10.0,False,True,False,True,Default,Default,False,False,False,Default,Default,Default,Default,Default,Default,Default,Default,Default,1s,Default,Default,Default,Default,Default,Default,Default,16,Default,10.775 μs,0.0750 μs,0.0702 μs,"92,576",15.00,370.06 uj,2.39 uj,0.64,34258616.00 uj,12.16 uj,1125802.87 uj,300.28 uj,27798293.07 uj,51.60,0.4753,0.0000,3.93 KB
STJRefGen_Ser_UE10,Energy,False,Default,Default,Default,Default,Default,DontRemove,00000100,Empty,RyuJit,Default,X64,8c5e7fda-e8bf-4a96-9a85-a6e23a8c635c,.NET 10.0,False,True,False,True,Default,Default,False,False,False,Default,Default,Default,Default,Default,Default,Default,Default,Default,1s,Default,Default,Default,Default,Default,Default,Default,16,Default,12.540 μs,0.1049 μs,0.0981 μs,"79,952",15.00,430.77 uj,3.30 uj,0.77,34440866.47 uj,14.07 uj,1125045.80 uj,349.50 uj,27943466.87 uj,51.63,0.5128,0.0000,4.23 KB
Newtonsoft_Ser_UE10,Energy,False,Default,Default,Default,Default,Default,DontRemove,00000100,Empty,RyuJit,Default,X64,8c5e7fda-e8bf-4a96-9a85-a6e23a8c635c,.NET 10.0,False,True,False,True,Default,Default,False,False,False,Default,Default,Default,Default,Default,Default,Default,Default,Default,1s,Default,Default,Default,Default,Default,Default,Default,16,Default,13.554 μs,0.1287 μs,0.1204 μs,"69,984",15.00,465.20 uj,4.15 uj,0.89,32556651.13 uj,15.46 uj,1081906.47 uj,377.40 uj,26412204.53 uj,50.73,2.2577,0.0714,18.48 KB
SpanJson_Ser_UE100,Energy,False,Default,Default,Default,Default,Default,DontRemove,00000100,Empty,RyuJit,Default,X64,8c5e7fda-e8bf-4a96-9a85-a6e23a8c635c,.NET 10.0,False,True,False,True,Default,Default,False,False,False,Default,Default,Default,Default,Default,Default,Default,Default,Default,1s,Default,Default,Default,Default,Default,Default,Default,16,Default,8.358 μs,0.0789 μs,0.0738 μs,"116,015",15.00,286.71 uj,2.38 uj,0.83,33262260.00 uj,9.44 uj,1094679.07 uj,232.58 uj,26983040.33 uj,50.83,0.6378,0.0000,5.26 KB
Utf8Json_Ser_UE100,Energy,False,Default,Default,Default,Default,Default,DontRemove,00000100,Empty,RyuJit,Default,X64,8c5e7fda-e8bf-4a96-9a85-a6e23a8c635c,.NET 10.0,False,True,False,True,Default,Default,False,False,False,Default,Default,Default,Default,Default,Default,Default,Default,Default,1s,Default,Default,Default,Default,Default,Default,Default,16,Default,8.766 μs,0.0480 μs,0.0449 μs,"114,585",15.00,297.96 uj,1.36 uj,0.46,34142039.13 uj,9.84 uj,1127755.87 uj,241.21 uj,27639036.67 uj,50.23,0.6371,0.0000,5.27 KB
Newtonsoft_Ser_UE100,Energy,False,Default,Default,Default,Default,Default,DontRemove,00000100,Empty,RyuJit,Default,X64,8c5e7fda-e8bf-4a96-9a85-a6e23a8c635c,.NET 10.0,False,True,False,True,Default,Default,False,False,False,Default,Default,Default,Default,Default,Default,Default,Default,Default,1s,Default,Default,Default,Default,Default,Default,Default,16,Default,16.744 μs,0.1606 μs,0.1502 μs,"59,008",15.00,573.72 uj,5.29 uj,0.92,33854100.33 uj,18.92 uj,1116399.47 uj,465.41 uj,27463149.73 uj,50.33,2.5081,0.0508,20.52 KB
STJSrcGen_Ser_UE100,Energy,False,Default,Default,Default,Default,Default,DontRemove,00000100,Empty,RyuJit,Default,X64,8c5e7fda-e8bf-4a96-9a85-a6e23a8c635c,.NET 10.0,False,True,False,True,Default,Default,False,False,False,Default,Default,Default,Default,Default,Default,Default,Default,Default,1s,Default,Default,Default,Default,Default,Default,Default,16,Default,24.913 μs,0.1765 μs,0.1651 μs,"40,288",15.00,857.19 uj,5.60 uj,0.65,34534640.53 uj,27.94 uj,1125664.60 uj,695.94 uj,28037859.47 uj,51.80,1.4893,0.0000,12.28 KB
STJRefGen_Ser_UE100,Energy,False,Default,Default,Default,Default,Default,DontRemove,00000100,Empty,RyuJit,Default,X64,8c5e7fda-e8bf-4a96-9a85-a6e23a8c635c,.NET 10.0,False,True,False,True,Default,Default,False,False,False,Default,Default,Default,Default,Default,Default,Default,Default,Default,1s,Default,Default,Default,Default,Default,Default,Default,16,Default,30.418 μs,0.2563 μs,0.2397 μs,"33,008",15.00,1045.50 uj,8.20 uj,0.78,34509909.20 uj,34.14 uj,1126763.00 uj,848.64 uj,28011781.40 uj,51.30,1.5148,0.0000,12.59 KB
SpanJson_Ser_UE25,Energy,False,Default,Default,Default,Default,Default,DontRemove,00000100,Empty,RyuJit,Default,X64,8c5e7fda-e8bf-4a96-9a85-a6e23a8c635c,.NET 10.0,False,True,False,True,Default,Default,False,False,False,Default,Default,Default,Default,Default,Default,Default,Default,Default,1s,Default,Default,Default,Default,Default,Default,Default,16,Default,8.906 μs,0.1005 μs,0.0940 μs,"108,186",15.00,304.39 uj,3.00 uj,0.99,32931124.93 uj,10.04 uj,1085759.73 uj,246.67 uj,26686068.33 uj,50.20,0.4344,0.0000,3.55 KB
Utf8Json_Ser_UE25,Energy,False,Default,Default,Default,Default,Default,DontRemove,00000100,Empty,RyuJit,Default,X64,8c5e7fda-e8bf-4a96-9a85-a6e23a8c635c,.NET 10.0,False,True,False,True,Default,Default,False,False,False,Default,Default,Default,Default,Default,Default,Default,Default,Default,1s,Default,Default,Default,Default,Default,Default,Default,16,Default,9.245 μs,0.2570 μs,0.7579 μs,"25,404",100.00,313.88 uj,25.94 uj,8.26,7973891.92 uj,10.42 uj,264819.31 uj,254.05 uj,6453822.54 uj,50.32,0.4330,0.0000,3.57 KB
STJSrcGen_Ser_UE25,Energy,False,Default,Default,Default,Default,Default,DontRemove,00000100,Empty,RyuJit,Default,X64,8c5e7fda-e8bf-4a96-9a85-a6e23a8c635c,.NET 10.0,False,True,False,True,Default,Default,False,False,False,Default,Default,Default,Default,Default,Default,Default,Default,Default,1s,Default,Default,Default,Default,Default,Default,Default,16,Default,13.181 μs,0.1166 μs,0.1090 μs,"76,384",15.00,453.20 uj,3.85 uj,0.85,34617070.40 uj,14.86 uj,1135092.27 uj,367.89 uj,28100770.53 uj,51.43,0.6415,0.0000,5.32 KB
Newtonsoft_Ser_UE25,Energy,False,Default,Default,Default,Default,Default,DontRemove,00000100,Empty,RyuJit,Default,X64,8c5e7fda-e8bf-4a96-9a85-a6e23a8c635c,.NET 10.0,False,True,False,True,Default,Default,False,False,False,Default,Default,Default,Default,Default,Default,Default,Default,Default,1s,Default,Default,Default,Default,Default,Default,Default,16,Default,13.502 μs,0.1106 μs,0.1035 μs,"68,640",15.00,463.70 uj,3.74 uj,0.81,31828552.13 uj,15.15 uj,1039808.40 uj,376.16 uj,25819961.73 uj,50.73,2.3019,0.0291,18.83 KB
STJRefGen_Ser_UE25,Energy,False,Default,Default,Default,Default,Default,DontRemove,00000100,Empty,RyuJit,Default,X64,8c5e7fda-e8bf-4a96-9a85-a6e23a8c635c,.NET 10.0,False,True,False,True,Default,Default,False,False,False,Default,Default,Default,Default,Default,Default,Default,Default,Default,1s,Default,Default,Default,Default,Default,Default,Default,16,Default,15.042 μs,0.1303 μs,0.1219 μs,"67,216",15.00,519.47 uj,4.11 uj,0.79,34916731.87 uj,17.00 uj,1142416.53 uj,422.12 uj,28373039.47 uj,51.57,0.6844,0.0000,5.63 KB
Utf8Json_Ser_UE5,Energy,False,Default,Default,Default,Default,Default,DontRemove,00000100,Empty,RyuJit,Default,X64,8c5e7fda-e8bf-4a96-9a85-a6e23a8c635c,.NET 10.0,False,True,False,True,Default,Default,False,False,False,Default,Default,Default,Default,Default,Default,Default,Default,Default,1s,Default,Default,Default,Default,Default,Default,Default,16,Default,7.164 μs,0.0783 μs,0.0733 μs,"135,188",15.00,244.30 uj,2.74 uj,1.12,33026819.80 uj,8.04 uj,1087362.93 uj,197.92 uj,26755974.00 uj,50.40,0.3773,0.0000,3.13 KB
SpanJson_Ser_UE5,Energy,False,Default,Default,Default,Default,Default,DontRemove,00000100,Empty,RyuJit,Default,X64,8c5e7fda-e8bf-4a96-9a85-a6e23a8c635c,.NET 10.0,False,True,False,True,Default,Default,False,False,False,Default,Default,Default,Default,Default,Default,Default,Default,Default,1s,Default,Default,Default,Default,Default,Default,Default,16,Default,7.770 μs,0.1195 μs,0.1118 μs,"128,799",15.00,263.38 uj,3.62 uj,1.37,33923138.93 uj,8.75 uj,1126681.73 uj,213.06 uj,27441885.33 uj,50.40,0.3804,0.0000,3.12 KB
STJSrcGen_Ser_UE5,Energy,False,Default,Default,Default,Default,Default,DontRemove,00000100,Empty,RyuJit,Default,X64,8c5e7fda-e8bf-4a96-9a85-a6e23a8c635c,.NET 10.0,False,True,False,True,Default,Default,False,False,False,Default,Default,Default,Default,Default,Default,Default,Default,Default,1s,Default,Default,Default,Default,Default,Default,Default,16,Default,8.674 μs,0.0583 μs,0.0545 μs,"115,328",15.00,299.27 uj,2.06 uj,0.69,34514625.33 uj,9.82 uj,1132365.87 uj,243.12 uj,28038470.00 uj,51.47,0.4249,0.0000,3.5 KB
STJRefGen_Ser_UE5,Energy,False,Default,Default,Default,Default,Default,DontRemove,00000100,Empty,RyuJit,Default,X64,8c5e7fda-e8bf-4a96-9a85-a6e23a8c635c,.NET 10.0,False,True,False,True,Default,Default,False,False,False,Default,Default,Default,Default,Default,Default,Default,Default,Default,1s,Default,Default,Default,Default,Default,Default,Default,16,Default,11.027 μs,0.0889 μs,0.0831 μs,"85,712",15.00,379.30 uj,3.01 uj,0.79,32510976.33 uj,12.37 uj,1060674.27 uj,307.90 uj,26390834.27 uj,50.90,0.4550,0.0000,3.8 KB
Newtonsoft_Ser_UE5,Energy,False,Default,Default,Default,Default,Default,DontRemove,00000100,Empty,RyuJit,Default,X64,8c5e7fda-e8bf-4a96-9a85-a6e23a8c635c,.NET 10.0,False,True,False,True,Default,Default,False,False,False,Default,Default,Default,Default,Default,Default,Default,Default,Default,1s,Default,Default,Default,Default,Default,Default,Default,16,Default,13.175 μs,0.1109 μs,0.1038 μs,"71,616",15.00,452.25 uj,3.50 uj,0.77,32388324.40 uj,15.09 uj,1080392.67 uj,366.84 uj,26271429.33 uj,50.63,2.2481,0.0698,18.39 KB
SpanJson_Ser_UE50,Energy,False,Default,Default,Default,Default,Default,DontRemove,00000100,Empty,RyuJit,Default,X64,8c5e7fda-e8bf-4a96-9a85-a6e23a8c635c,.NET 10.0,False,True,False,True,Default,Default,False,False,False,Default,Default,Default,Default,Default,Default,Default,Default,Default,1s,Default,Default,Default,Default,Default,Default,Default,16,Default,8.326 μs,0.1316 μs,0.1231 μs,"121,659",15.00,285.49 uj,4.21 uj,1.47,34732125.47 uj,9.35 uj,1137220.60 uj,231.57 uj,28172958.47 uj,50.47,0.5014,0.0000,4.13 KB
Utf8Json_Ser_UE50,Energy,False,Default,Default,Default,Default,Default,DontRemove,00000100,Empty,RyuJit,Default,X64,8c5e7fda-e8bf-4a96-9a85-a6e23a8c635c,.NET 10.0,False,True,False,True,Default,Default,False,False,False,Default,Default,Default,Default,Default,Default,Default,Default,Default,1s,Default,Default,Default,Default,Default,Default,Default,16,Default,9.182 μs,0.0948 μs,0.0887 μs,"109,706",15.00,311.52 uj,3.27 uj,1.05,34175901.40 uj,10.35 uj,1135442.27 uj,252.10 uj,27656976.47 uj,50.30,0.5013,0.0000,4.15 KB
Newtonsoft_Ser_UE50,Energy,False,Default,Default,Default,Default,Default,DontRemove,00000100,Empty,RyuJit,Default,X64,8c5e7fda-e8bf-4a96-9a85-a6e23a8c635c,.NET 10.0,False,True,False,True,Default,Default,False,False,False,Default,Default,Default,Default,Default,Default,Default,Default,Default,1s,Default,Default,Default,Default,Default,Default,Default,16,Default,15.957 μs,0.1177 μs,0.1101 μs,"60,832",15.00,547.42 uj,3.82 uj,0.70,33300358.13 uj,18.41 uj,1119756.40 uj,444.06 uj,27012784.87 uj,50.60,2.3672,0.0658,19.41 KB
STJSrcGen_Ser_UE50,Energy,False,Default,Default,Default,Default,Default,DontRemove,00000100,Empty,RyuJit,Default,X64,8c5e7fda-e8bf-4a96-9a85-a6e23a8c635c,.NET 10.0,False,True,False,True,Default,Default,False,False,False,Default,Default,Default,Default,Default,Default,Default,Default,Default,1s,Default,Default,Default,Default,Default,Default,Default,16,Default,19.316 μs,0.1392 μs,0.1302 μs,"51,968",15.00,663.98 uj,4.28 uj,0.64,34505473.93 uj,21.83 uj,1134599.93 uj,538.76 uj,27998137.87 uj,51.00,0.9236,0.0000,7.56 KB
STJRefGen_Ser_UE50,Energy,False,Default,Default,Default,Default,Default,DontRemove,00000100,Empty,RyuJit,Default,X64,8c5e7fda-e8bf-4a96-9a85-a6e23a8c635c,.NET 10.0,False,True,False,True,Default,Default,False,False,False,Default,Default,Default,Default,Default,Default,Default,Default,Default,1s,Default,Default,Default,Default,Default,Default,Default,16,Default,21.364 μs,0.1958 μs,0.1831 μs,"47,216",15.00,734.83 uj,6.35 uj,0.86,34695891.00 uj,24.14 uj,1139857.07 uj,596.41 uj,28160283.53 uj,51.30,0.9531,0.0000,7.87 KB
