Method,Job,AnalyzeLaunchVariance,EvaluateOverhead,MaxAbsoluteError,MaxRelativeError,MinInvokeCount,MinIterationTime,OutlierMode,Affinity,EnvironmentVariables,Jit,LargeAddressAware,Platform,PowerPlanMode,Runtime,AllowVeryLargeObjects,Concurrent,CpuGroups,Force,HeapAffinitizeMask,HeapCount,NoAffinitize,RetainVm,Server,Arguments,BuildConfiguration,Clock,EngineFactory,NuGetReferences,Toolchain,IsMutator,InvocationCount,IterationCount,IterationTime,LaunchCount,MaxIterationCount,MaxWarmupIterationCount,MemoryRandomization,MinIterationCount,MinWarmupIterationCount,RunStrategy,UnrollFactor,WarmupCount,Mean,Error,StdDev,Operations,Median,Iterations,Metrion CPU Energy (uJ/op),Metrion CPU Energy (uJ/iter)
SpanJson_Deser_C10,Energy,False,Default,Default,Default,Default,Default,DontRemove,1111111111111111,Empty,RyuJit,Default,X64,8c5e7fda-e8bf-4a96-9a85-a6e23a8c635c,.NET 10.0,False,True,False,True,Default,Default,False,False,False,Default,Default,Default,Default,Default,Default,Default,Default,Default,1s,Default,Default,Default,Default,Default,Default,Default,16,Default,63.28 μs,1.569 μs,4.626 μs,"15,740",63.15 μs,100.00,1481.23,23314521.37
STJRefGen_Deser_C10,Energy,False,Default,Default,Default,Default,Default,DontRemove,1111111111111111,Empty,RyuJit,Default,X64,8c5e7fda-e8bf-4a96-9a85-a6e23a8c635c,.NET 10.0,False,True,False,True,Default,Default,False,False,False,Default,Default,Default,Default,Default,Default,Default,Default,Default,1s,Default,Default,Default,Default,Default,Default,Default,16,Default,86.19 μs,2.049 μs,6.042 μs,"12,512",83.97 μs,100.00,1827.63,22867367.96
STJSrcGen_Deser_C10,Energy,False,Default,Default,Default,Default,Default,DontRemove,1111111111111111,Empty,RyuJit,Default,X64,8c5e7fda-e8bf-4a96-9a85-a6e23a8c635c,.NET 10.0,False,True,False,True,Default,Default,False,False,False,Default,Default,Default,Default,Default,Default,Default,Default,Default,1s,Default,Default,Default,Default,Default,Default,Default,16,Default,86.60 μs,2.406 μs,7.095 μs,"12,800",86.66 μs,100.00,1734.13,22196806.60
Utf8Json_Deser_C10,Energy,False,Default,Default,Default,Default,Default,DontRemove,1111111111111111,Empty,RyuJit,Default,X64,8c5e7fda-e8bf-4a96-9a85-a6e23a8c635c,.NET 10.0,False,True,False,True,Default,Default,False,False,False,Default,Default,Default,Default,Default,Default,Default,Default,Default,1s,Default,Default,Default,Default,Default,Default,Default,16,Default,95.08 μs,2.243 μs,6.614 μs,"10,968",93.72 μs,100.00,2113.98,23186135.31
Newtonsoft_Deser_C10,Energy,False,Default,Default,Default,Default,Default,DontRemove,1111111111111111,Empty,RyuJit,Default,X64,8c5e7fda-e8bf-4a96-9a85-a6e23a8c635c,.NET 10.0,False,True,False,True,Default,Default,False,False,False,Default,Default,Default,Default,Default,Default,Default,Default,Default,1s,Default,Default,Default,Default,Default,Default,Default,16,Default,164.84 μs,3.776 μs,11.135 μs,"6,480",159.88 μs,100.00,3632.35,23537622.69
SpanJson_Deser_C100,Energy,False,Default,Default,Default,Default,Default,DontRemove,1111111111111111,Empty,RyuJit,Default,X64,8c5e7fda-e8bf-4a96-9a85-a6e23a8c635c,.NET 10.0,False,True,False,True,Default,Default,False,False,False,Default,Default,Default,Default,Default,Default,Default,Default,Default,1s,Default,Default,Default,Default,Default,Default,Default,16,Default,646.22 μs,15.847 μs,46.724 μs,"1,622",645.51 μs,100.00,13879.96,22513299.62
STJSrcGen_Deser_C100,Energy,False,Default,Default,Default,Default,Default,DontRemove,1111111111111111,Empty,RyuJit,Default,X64,8c5e7fda-e8bf-4a96-9a85-a6e23a8c635c,.NET 10.0,False,True,False,True,Default,Default,False,False,False,Default,Default,Default,Default,Default,Default,Default,Default,Default,1s,Default,Default,Default,Default,Default,Default,Default,16,Default,866.62 μs,23.620 μs,69.644 μs,"1,248",862.59 μs,100.00,18630.11,23250374.62
STJRefGen_Deser_C100,Energy,False,Default,Default,Default,Default,Default,DontRemove,1111111111111111,Empty,RyuJit,Default,X64,8c5e7fda-e8bf-4a96-9a85-a6e23a8c635c,.NET 10.0,False,True,False,True,Default,Default,False,False,False,Default,Default,Default,Default,Default,Default,Default,Default,Default,1s,Default,Default,Default,Default,Default,Default,Default,16,Default,878.19 μs,24.215 μs,71.400 μs,"1,248",861.33 μs,100.00,16265.08,20298820.89
Utf8Json_Deser_C100,Energy,False,Default,Default,Default,Default,Default,DontRemove,1111111111111111,Empty,RyuJit,Default,X64,8c5e7fda-e8bf-4a96-9a85-a6e23a8c635c,.NET 10.0,False,True,False,True,Default,Default,False,False,False,Default,Default,Default,Default,Default,Default,Default,Default,Default,1s,Default,Default,Default,Default,Default,Default,Default,16,Default,961.01 μs,25.151 μs,74.159 μs,"1,163",964.29 μs,100.00,20412.64,23739903.73
Newtonsoft_Deser_C100,Energy,False,Default,Default,Default,Default,Default,DontRemove,1111111111111111,Empty,RyuJit,Default,X64,8c5e7fda-e8bf-4a96-9a85-a6e23a8c635c,.NET 10.0,False,True,False,True,Default,Default,False,False,False,Default,Default,Default,Default,Default,Default,Default,Default,Default,1s,Default,Default,Default,Default,Default,Default,Default,16,Default,"1,715.02 μs",41.889 μs,123.512 μs,625,"1,687.05 μs",100.00,35665.26,22290786.16
SpanJson_Deser_C100K,Energy,False,Default,Default,Default,Default,Default,DontRemove,1111111111111111,Empty,RyuJit,Default,X64,8c5e7fda-e8bf-4a96-9a85-a6e23a8c635c,.NET 10.0,False,True,False,True,Default,Default,False,False,False,Default,Default,Default,Default,Default,Default,Default,Default,Default,1s,Default,Default,Default,Default,Default,Default,Default,16,Default,"1,172,580.04 μs","47,195.931 μs","139,158.279 μs",1,"1,180,036.39 μs",100.00,27704524.27,27704524.27
Utf8Json_Deser_C100K,Energy,False,Default,Default,Default,Default,Default,DontRemove,1111111111111111,Empty,RyuJit,Default,X64,8c5e7fda-e8bf-4a96-9a85-a6e23a8c635c,.NET 10.0,False,True,False,True,Default,Default,False,False,False,Default,Default,Default,Default,Default,Default,Default,Default,Default,1s,Default,Default,Default,Default,Default,Default,Default,16,Default,"1,363,300.60 μs","40,952.536 μs","120,749.484 μs",1,"1,369,626.07 μs",100.00,29390809.54,29390809.54
STJSrcGen_Deser_C100K,Energy,False,Default,Default,Default,Default,Default,DontRemove,1111111111111111,Empty,RyuJit,Default,X64,8c5e7fda-e8bf-4a96-9a85-a6e23a8c635c,.NET 10.0,False,True,False,True,Default,Default,False,False,False,Default,Default,Default,Default,Default,Default,Default,Default,Default,1s,Default,Default,Default,Default,Default,Default,Default,16,Default,"1,386,809.22 μs","43,793.769 μs","129,126.924 μs",1,"1,393,477.07 μs",100.00,28617932.12,28617932.12
STJRefGen_Deser_C100K,Energy,False,Default,Default,Default,Default,Default,DontRemove,1111111111111111,Empty,RyuJit,Default,X64,8c5e7fda-e8bf-4a96-9a85-a6e23a8c635c,.NET 10.0,False,True,False,True,Default,Default,False,False,False,Default,Default,Default,Default,Default,Default,Default,Default,Default,1s,Default,Default,Default,Default,Default,Default,Default,16,Default,"1,418,321.49 μs","46,663.649 μs","137,588.832 μs",1,"1,428,269.31 μs",100.00,30807861.18,30807861.18
Newtonsoft_Deser_C100K,Energy,False,Default,Default,Default,Default,Default,DontRemove,1111111111111111,Empty,RyuJit,Default,X64,8c5e7fda-e8bf-4a96-9a85-a6e23a8c635c,.NET 10.0,False,True,False,True,Default,Default,False,False,False,Default,Default,Default,Default,Default,Default,Default,Default,Default,1s,Default,Default,Default,Default,Default,Default,Default,16,Default,"2,456,811.38 μs","48,891.576 μs","127,940.742 μs",1,"2,455,729.91 μs",80.00,44457089.61,44457089.61
SpanJson_Deser_C10K,Energy,False,Default,Default,Default,Default,Default,DontRemove,1111111111111111,Empty,RyuJit,Default,X64,8c5e7fda-e8bf-4a96-9a85-a6e23a8c635c,.NET 10.0,False,True,False,True,Default,Default,False,False,False,Default,Default,Default,Default,Default,Default,Default,Default,Default,1s,Default,Default,Default,Default,Default,Default,Default,16,Default,"124,718.93 μs","3,100.236 μs","9,141.117 μs",11,"122,955.81 μs",100.00,2681021.91,29491240.96
STJSrcGen_Deser_C10K,Energy,False,Default,Default,Default,Default,Default,DontRemove,1111111111111111,Empty,RyuJit,Default,X64,8c5e7fda-e8bf-4a96-9a85-a6e23a8c635c,.NET 10.0,False,True,False,True,Default,Default,False,False,False,Default,Default,Default,Default,Default,Default,Default,Default,Default,1s,Default,Default,Default,Default,Default,Default,Default,16,Default,"128,276.21 μs","3,500.067 μs","10,320.028 μs",8,"126,492.90 μs",100.00,3136170.13,25089361.07
STJRefGen_Deser_C10K,Energy,False,Default,Default,Default,Default,Default,DontRemove,1111111111111111,Empty,RyuJit,Default,X64,8c5e7fda-e8bf-4a96-9a85-a6e23a8c635c,.NET 10.0,False,True,False,True,Default,Default,False,False,False,Default,Default,Default,Default,Default,Default,Default,Default,Default,1s,Default,Default,Default,Default,Default,Default,Default,16,Default,"130,406.79 μs","3,633.372 μs","10,713.081 μs",8,"128,581.02 μs",100.00,2954592.55,23636740.43
Utf8Json_Deser_C10K,Energy,False,Default,Default,Default,Default,Default,DontRemove,1111111111111111,Empty,RyuJit,Default,X64,8c5e7fda-e8bf-4a96-9a85-a6e23a8c635c,.NET 10.0,False,True,False,True,Default,Default,False,False,False,Default,Default,Default,Default,Default,Default,Default,Default,Default,1s,Default,Default,Default,Default,Default,Default,Default,16,Default,"143,465.23 μs","4,212.541 μs","12,420.773 μs",7,"142,519.08 μs",100.00,3555381.39,24887669.75
Newtonsoft_Deser_C10K,Energy,False,Default,Default,Default,Default,Default,DontRemove,1111111111111111,Empty,RyuJit,Default,X64,8c5e7fda-e8bf-4a96-9a85-a6e23a8c635c,.NET 10.0,False,True,False,True,Default,Default,False,False,False,Default,Default,Default,Default,Default,Default,Default,Default,Default,1s,Default,Default,Default,Default,Default,Default,Default,16,Default,"232,739.18 μs","5,882.406 μs","17,344.409 μs",4,"227,106.26 μs",100.00,5730838.81,22923355.24
SpanJson_Deser_C1K,Energy,False,Default,Default,Default,Default,Default,DontRemove,1111111111111111,Empty,RyuJit,Default,X64,8c5e7fda-e8bf-4a96-9a85-a6e23a8c635c,.NET 10.0,False,True,False,True,Default,Default,False,False,False,Default,Default,Default,Default,Default,Default,Default,Default,Default,1s,Default,Default,Default,Default,Default,Default,Default,16,Default,"7,787.99 μs",233.091 μs,687.273 μs,129,"7,641.86 μs",100.00,186275.76,24029573.21
STJSrcGen_Deser_C1K,Energy,False,Default,Default,Default,Default,Default,DontRemove,1111111111111111,Empty,RyuJit,Default,X64,8c5e7fda-e8bf-4a96-9a85-a6e23a8c635c,.NET 10.0,False,True,False,True,Default,Default,False,False,False,Default,Default,Default,Default,Default,Default,Default,Default,Default,1s,Default,Default,Default,Default,Default,Default,Default,16,Default,"9,849.12 μs",278.375 μs,820.796 μs,112,"9,647.69 μs",100.00,208028.77,23299222.53
STJRefGen_Deser_C1K,Energy,False,Default,Default,Default,Default,Default,DontRemove,1111111111111111,Empty,RyuJit,Default,X64,8c5e7fda-e8bf-4a96-9a85-a6e23a8c635c,.NET 10.0,False,True,False,True,Default,Default,False,False,False,Default,Default,Default,Default,Default,Default,Default,Default,Default,1s,Default,Default,Default,Default,Default,Default,Default,16,Default,"9,971.01 μs",281.527 μs,830.089 μs,112,"9,732.65 μs",100.00,195953.05,21946741.63
Utf8Json_Deser_C1K,Energy,False,Default,Default,Default,Default,Default,DontRemove,1111111111111111,Empty,RyuJit,Default,X64,8c5e7fda-e8bf-4a96-9a85-a6e23a8c635c,.NET 10.0,False,True,False,True,Default,Default,False,False,False,Default,Default,Default,Default,Default,Default,Default,Default,Default,1s,Default,Default,Default,Default,Default,Default,Default,16,Default,"10,686.32 μs",252.205 μs,743.633 μs,101,"10,534.61 μs",100.00,236395.91,23875987.34
Newtonsoft_Deser_C1K,Energy,False,Default,Default,Default,Default,Default,DontRemove,1111111111111111,Empty,RyuJit,Default,X64,8c5e7fda-e8bf-4a96-9a85-a6e23a8c635c,.NET 10.0,False,True,False,True,Default,Default,False,False,False,Default,Default,Default,Default,Default,Default,Default,Default,Default,1s,Default,Default,Default,Default,Default,Default,Default,16,Default,"19,579.30 μs",536.479 μs,"1,581.819 μs",57,"19,442.42 μs",100.00,416914.65,23764135.32
STJSrcGen_Ser_C10,Energy,False,Default,Default,Default,Default,Default,DontRemove,1111111111111111,Empty,RyuJit,Default,X64,8c5e7fda-e8bf-4a96-9a85-a6e23a8c635c,.NET 10.0,False,True,False,True,Default,Default,False,False,False,Default,Default,Default,Default,Default,Default,Default,Default,Default,1s,Default,Default,Default,Default,Default,Default,Default,16,Default,29.81 μs,0.707 μs,2.085 μs,"35,904",29.44 μs,100.00,689.92,24771010.77
STJRefGen_Ser_C10,Energy,False,Default,Default,Default,Default,Default,DontRemove,1111111111111111,Empty,RyuJit,Default,X64,8c5e7fda-e8bf-4a96-9a85-a6e23a8c635c,.NET 10.0,False,True,False,True,Default,Default,False,False,False,Default,Default,Default,Default,Default,Default,Default,Default,Default,1s,Default,Default,Default,Default,Default,Default,Default,16,Default,53.62 μs,1.197 μs,3.530 μs,"19,856",52.43 μs,100.00,1245.55,24731710.01
Newtonsoft_Ser_C10,Energy,False,Default,Default,Default,Default,Default,DontRemove,1111111111111111,Empty,RyuJit,Default,X64,8c5e7fda-e8bf-4a96-9a85-a6e23a8c635c,.NET 10.0,False,True,False,True,Default,Default,False,False,False,Default,Default,Default,Default,Default,Default,Default,Default,Default,1s,Default,Default,Default,Default,Default,Default,Default,16,Default,96.27 μs,2.136 μs,6.297 μs,"10,144",96.37 μs,100.00,2191.99,22235595.03
SpanJson_Ser_C10,Energy,False,Default,Default,Default,Default,Default,DontRemove,1111111111111111,Empty,RyuJit,Default,X64,8c5e7fda-e8bf-4a96-9a85-a6e23a8c635c,.NET 10.0,False,True,False,True,Default,Default,False,False,False,Default,Default,Default,Default,Default,Default,Default,Default,Default,1s,Default,Default,Default,Default,Default,Default,Default,16,Default,103.78 μs,2.066 μs,4.830 μs,"9,657",103.34 μs,65.00,2538.11,24510571.00
Utf8Json_Ser_C10,Energy,False,Default,Default,Default,Default,Default,DontRemove,1111111111111111,Empty,RyuJit,Default,X64,8c5e7fda-e8bf-4a96-9a85-a6e23a8c635c,.NET 10.0,False,True,False,True,Default,Default,False,False,False,Default,Default,Default,Default,Default,Default,Default,Default,Default,1s,Default,Default,Default,Default,Default,Default,Default,16,Default,106.48 μs,2.114 μs,5.568 μs,"9,892",105.75 μs,81.00,2468.35,24416876.75
STJSrcGen_Ser_C100,Energy,False,Default,Default,Default,Default,Default,DontRemove,1111111111111111,Empty,RyuJit,Default,X64,8c5e7fda-e8bf-4a96-9a85-a6e23a8c635c,.NET 10.0,False,True,False,True,Default,Default,False,False,False,Default,Default,Default,Default,Default,Default,Default,Default,Default,1s,Default,Default,Default,Default,Default,Default,Default,16,Default,315.39 μs,7.631 μs,22.499 μs,"3,328",308.69 μs,100.00,7171.43,23866530.81
STJRefGen_Ser_C100,Energy,False,Default,Default,Default,Default,Default,DontRemove,1111111111111111,Empty,RyuJit,Default,X64,8c5e7fda-e8bf-4a96-9a85-a6e23a8c635c,.NET 10.0,False,True,False,True,Default,Default,False,False,False,Default,Default,Default,Default,Default,Default,Default,Default,Default,1s,Default,Default,Default,Default,Default,Default,Default,16,Default,419.67 μs,12.685 μs,37.403 μs,"2,128",416.12 μs,100.00,10492.75,22328581.55
Newtonsoft_Ser_C100,Energy,False,Default,Default,Default,Default,Default,DontRemove,1111111111111111,Empty,RyuJit,Default,X64,8c5e7fda-e8bf-4a96-9a85-a6e23a8c635c,.NET 10.0,False,True,False,True,Default,Default,False,False,False,Default,Default,Default,Default,Default,Default,Default,Default,Default,1s,Default,Default,Default,Default,Default,Default,Default,16,Default,981.44 μs,21.744 μs,64.112 μs,"1,039",979.94 μs,100.00,22232.98,23100064.23
Utf8Json_Ser_C100,Energy,False,Default,Default,Default,Default,Default,DontRemove,1111111111111111,Empty,RyuJit,Default,X64,8c5e7fda-e8bf-4a96-9a85-a6e23a8c635c,.NET 10.0,False,True,False,True,Default,Default,False,False,False,Default,Default,Default,Default,Default,Default,Default,Default,Default,1s,Default,Default,Default,Default,Default,Default,Default,16,Default,"1,058.21 μs",20.955 μs,49.802 μs,954,"1,045.50 μs",67.00,24977.16,23828207.64
SpanJson_Ser_C100,Energy,False,Default,Default,Default,Default,Default,DontRemove,1111111111111111,Empty,RyuJit,Default,X64,8c5e7fda-e8bf-4a96-9a85-a6e23a8c635c,.NET 10.0,False,True,False,True,Default,Default,False,False,False,Default,Default,Default,Default,Default,Default,Default,Default,Default,1s,Default,Default,Default,Default,Default,Default,Default,16,Default,"1,177.92 μs",23.455 μs,51.976 μs,866,"1,157.41 μs",59.00,28534.85,24711182.54
STJSrcGen_Ser_C100K,Energy,False,Default,Default,Default,Default,Default,DontRemove,1111111111111111,Empty,RyuJit,Default,X64,8c5e7fda-e8bf-4a96-9a85-a6e23a8c635c,.NET 10.0,False,True,False,True,Default,Default,False,False,False,Default,Default,Default,Default,Default,Default,Default,Default,Default,1s,Default,Default,Default,Default,Default,Default,Default,16,Default,"451,873.06 μs","11,464.451 μs","33,803.194 μs",2,"444,081.42 μs",100.00,11176961.10,22353922.19
STJRefGen_Ser_C100K,Energy,False,Default,Default,Default,Default,Default,DontRemove,1111111111111111,Empty,RyuJit,Default,X64,8c5e7fda-e8bf-4a96-9a85-a6e23a8c635c,.NET 10.0,False,True,False,True,Default,Default,False,False,False,Default,Default,Default,Default,Default,Default,Default,Default,Default,1s,Default,Default,Default,Default,Default,Default,Default,16,Default,"552,074.54 μs","14,555.796 μs","42,918.095 μs",2,"543,015.99 μs",100.00,12351659.02,24703318.03
SpanJson_Ser_C100K,Energy,False,Default,Default,Default,Default,Default,DontRemove,1111111111111111,Empty,RyuJit,Default,X64,8c5e7fda-e8bf-4a96-9a85-a6e23a8c635c,.NET 10.0,False,True,False,True,Default,Default,False,False,False,Default,Default,Default,Default,Default,Default,Default,Default,Default,1s,Default,Default,Default,Default,Default,Default,Default,16,Default,"1,267,113.99 μs","25,112.394 μs","50,728.278 μs",1,"1,258,047.94 μs",50.00,28191466.97,28191466.97
Utf8Json_Ser_C100K,Energy,False,Default,Default,Default,Default,Default,DontRemove,1111111111111111,Empty,RyuJit,Default,X64,8c5e7fda-e8bf-4a96-9a85-a6e23a8c635c,.NET 10.0,False,True,False,True,Default,Default,False,False,False,Default,Default,Default,Default,Default,Default,Default,Default,Default,1s,Default,Default,Default,Default,Default,Default,Default,16,Default,"1,394,055.30 μs","27,613.487 μs","67,736.360 μs",1,"1,394,405.73 μs",71.00,29827530.95,29827530.95
Newtonsoft_Ser_C100K,Energy,False,Default,Default,Default,Default,Default,DontRemove,1111111111111111,Empty,RyuJit,Default,X64,8c5e7fda-e8bf-4a96-9a85-a6e23a8c635c,.NET 10.0,False,True,False,True,Default,Default,False,False,False,Default,Default,Default,Default,Default,Default,Default,Default,Default,1s,Default,Default,Default,Default,Default,Default,Default,16,Default,"1,479,329.32 μs","35,490.800 μs","104,645.432 μs",1,"1,465,234.56 μs",100.00,32626398.92,32626398.92
STJSrcGen_Ser_C10K,Energy,False,Default,Default,Default,Default,Default,DontRemove,1111111111111111,Empty,RyuJit,Default,X64,8c5e7fda-e8bf-4a96-9a85-a6e23a8c635c,.NET 10.0,False,True,False,True,Default,Default,False,False,False,Default,Default,Default,Default,Default,Default,Default,Default,Default,1s,Default,Default,Default,Default,Default,Default,Default,16,Default,"35,413.46 μs",998.403 μs,"2,943.814 μs",25,"34,430.21 μs",100.00,888355.70,22208892.57
STJRefGen_Ser_C10K,Energy,False,Default,Default,Default,Default,Default,DontRemove,1111111111111111,Empty,RyuJit,Default,X64,8c5e7fda-e8bf-4a96-9a85-a6e23a8c635c,.NET 10.0,False,True,False,True,Default,Default,False,False,False,Default,Default,Default,Default,Default,Default,Default,Default,Default,1s,Default,Default,Default,Default,Default,Default,Default,16,Default,"46,142.30 μs","1,454.823 μs","4,289.579 μs",20,"45,187.24 μs",100.00,1129248.26,22584965.22
SpanJson_Ser_C10K,Energy,False,Default,Default,Default,Default,Default,DontRemove,1111111111111111,Empty,RyuJit,Default,X64,8c5e7fda-e8bf-4a96-9a85-a6e23a8c635c,.NET 10.0,False,True,False,True,Default,Default,False,False,False,Default,Default,Default,Default,Default,Default,Default,Default,Default,1s,Default,Default,Default,Default,Default,Default,Default,16,Default,"111,903.80 μs","2,225.292 μs","5,201.549 μs",8,"112,294.60 μs",65.00,2820790.19,22566321.50
Utf8Json_Ser_C10K,Energy,False,Default,Default,Default,Default,Default,DontRemove,1111111111111111,Empty,RyuJit,Default,X64,8c5e7fda-e8bf-4a96-9a85-a6e23a8c635c,.NET 10.0,False,True,False,True,Default,Default,False,False,False,Default,Default,Default,Default,Default,Default,Default,Default,Default,1s,Default,Default,Default,Default,Default,Default,Default,16,Default,"112,612.49 μs","2,232.488 μs","5,476.331 μs",8,"111,794.60 μs",71.00,2843196.91,22745575.28
Newtonsoft_Ser_C10K,Energy,False,Default,Default,Default,Default,Default,DontRemove,1111111111111111,Empty,RyuJit,Default,X64,8c5e7fda-e8bf-4a96-9a85-a6e23a8c635c,.NET 10.0,False,True,False,True,Default,Default,False,False,False,Default,Default,Default,Default,Default,Default,Default,Default,Default,1s,Default,Default,Default,Default,Default,Default,Default,16,Default,"131,271.68 μs","4,256.512 μs","12,550.422 μs",6,"124,532.06 μs",100.00,3753396.66,22520379.98
STJSrcGen_Ser_C1K,Energy,False,Default,Default,Default,Default,Default,DontRemove,1111111111111111,Empty,RyuJit,Default,X64,8c5e7fda-e8bf-4a96-9a85-a6e23a8c635c,.NET 10.0,False,True,False,True,Default,Default,False,False,False,Default,Default,Default,Default,Default,Default,Default,Default,Default,1s,Default,Default,Default,Default,Default,Default,Default,16,Default,"3,477.58 μs",104.232 μs,307.332 μs,256,"3,462.47 μs",100.00,90061.79,23055819.44
STJRefGen_Ser_C1K,Energy,False,Default,Default,Default,Default,Default,DontRemove,1111111111111111,Empty,RyuJit,Default,X64,8c5e7fda-e8bf-4a96-9a85-a6e23a8c635c,.NET 10.0,False,True,False,True,Default,Default,False,False,False,Default,Default,Default,Default,Default,Default,Default,Default,Default,1s,Default,Default,Default,Default,Default,Default,Default,16,Default,"4,405.51 μs",141.256 μs,416.498 μs,208,"4,326.20 μs",100.00,103876.35,21606280.19
Newtonsoft_Ser_C1K,Energy,False,Default,Default,Default,Default,Default,DontRemove,1111111111111111,Empty,RyuJit,Default,X64,8c5e7fda-e8bf-4a96-9a85-a6e23a8c635c,.NET 10.0,False,True,False,True,Default,Default,False,False,False,Default,Default,Default,Default,Default,Default,Default,Default,Default,1s,Default,Default,Default,Default,Default,Default,Default,16,Default,"10,499.77 μs",282.471 μs,832.871 μs,96,"10,439.86 μs",100.00,226218.99,21717022.73
Utf8Json_Ser_C1K,Energy,False,Default,Default,Default,Default,Default,DontRemove,1111111111111111,Empty,RyuJit,Default,X64,8c5e7fda-e8bf-4a96-9a85-a6e23a8c635c,.NET 10.0,False,True,False,True,Default,Default,False,False,False,Default,Default,Default,Default,Default,Default,Default,Default,Default,1s,Default,Default,Default,Default,Default,Default,Default,16,Default,"10,637.31 μs",211.513 μs,560.903 μs,95,"10,450.15 μs",82.00,251668.70,23908526.24
SpanJson_Ser_C1K,Energy,False,Default,Default,Default,Default,Default,DontRemove,1111111111111111,Empty,RyuJit,Default,X64,8c5e7fda-e8bf-4a96-9a85-a6e23a8c635c,.NET 10.0,False,True,False,True,Default,Default,False,False,False,Default,Default,Default,Default,Default,Default,Default,Default,Default,1s,Default,Default,Default,Default,Default,Default,Default,16,Default,"12,019.33 μs",239.805 μs,521.317 μs,87,"11,984.01 μs",57.00,280247.56,24381537.32
