LibA,LibB,comparison,Operation,DimLabel,Variant,delta,delta_abs,magnitude,Dimension
SpanJson,Utf8Json,SpanJson vs Utf8Json,Deserialize,W2,All,1,1,L,width
SpanJson,STJRefGen,SpanJson vs STJRefGen,Deserialize,W2,All,1,1,L,width
SpanJson,STJSrcGen,SpanJson vs STJSrcGen,Deserialize,W2,All,1,1,L,width
SpanJson,Newtonsoft,SpanJson vs Newtonsoft,Deserialize,W2,All,1,1,L,width
Utf8Json,STJRefGen,Utf8Json vs STJRefGen,Deserialize,W2,All,1,1,L,width
Utf8Json,STJSrcGen,Utf8Json vs STJSrcGen,Deserialize,W2,All,1,1,L,width
Utf8Json,Newtonsoft,Utf8Json vs Newtonsoft,Deserialize,W2,All,1,1,L,width
STJRefGen,STJSrcGen,STJRefGen vs STJSrcGen,Deserialize,W2,All,-1,1,L,width
STJRefGen,Newtonsoft,STJRefGen vs Newtonsoft,Deserialize,W2,All,1,1,L,width
STJSrcGen,Newtonsoft,STJSrcGen vs Newtonsoft,Deserialize,W2,All,1,1,L,width
SpanJson,Utf8Json,SpanJson vs Utf8Json,Deserialize,W5,All,1,1,L,width
SpanJson,STJRefGen,SpanJson vs STJRefGen,Deserialize,W5,All,1,1,L,width
SpanJson,STJSrcGen,SpanJson vs STJSrcGen,Deserialize,W5,All,1,1,L,width
SpanJson,Newtonsoft,SpanJson vs Newtonsoft,Deserialize,W5,All,1,1,L,width
Utf8Json,STJRefGen,Utf8Json vs STJRefGen,Deserialize,W5,All,1,1,L,width
Utf8Json,STJSrcGen,Utf8Json vs STJSrcGen,Deserialize,W5,All,1,1,L,width
Utf8Json,Newtonsoft,Utf8Json vs Newtonsoft,Deserialize,W5,All,1,1,L,width
STJRefGen,STJSrcGen,STJRefGen vs STJSrcGen,Deserialize,W5,All,-1,1,L,width
STJRefGen,Newtonsoft,STJRefGen vs Newtonsoft,Deserialize,W5,All,1,1,L,width
STJSrcGen,Newtonsoft,STJSrcGen vs Newtonsoft,Deserialize,W5,All,1,1,L,width
SpanJson,Utf8Json,SpanJson vs Utf8Json,Deserialize,W10,All,1,1,L,width
SpanJson,STJRefGen,SpanJson vs STJRefGen,Deserialize,W10,All,1,1,L,width
SpanJson,STJSrcGen,SpanJson vs STJSrcGen,Deserialize,W10,All,1,1,L,width
SpanJson,Newtonsoft,SpanJson vs Newtonsoft,Deserialize,W10,All,1,1,L,width
Utf8Json,STJRefGen,Utf8Json vs STJRefGen,Deserialize,W10,All,-1,1,L,width
Utf8Json,STJSrcGen,Utf8Json vs STJSrcGen,Deserialize,W10,All,-1,1,L,width
Utf8Json,Newtonsoft,Utf8Json vs Newtonsoft,Deserialize,W10,All,1,1,L,width
STJRefGen,STJSrcGen,STJRefGen vs STJSrcGen,Deserialize,W10,All,-0.8933333333333333,0.8933333333333333,L,width
STJRefGen,Newtonsoft,STJRefGen vs Newtonsoft,Deserialize,W10,All,1,1,L,width
STJSrcGen,Newtonsoft,STJSrcGen vs Newtonsoft,Deserialize,W10,All,1,1,L,width
SpanJson,Utf8Json,SpanJson vs Utf8Json,Deserialize,W20,All,1,1,L,width
SpanJson,STJRefGen,SpanJson vs STJRefGen,Deserialize,W20,All,1,1,L,width
SpanJson,STJSrcGen,SpanJson vs STJSrcGen,Deserialize,W20,All,1,1,L,width
SpanJson,Newtonsoft,SpanJson vs Newtonsoft,Deserialize,W20,All,1,1,L,width
Utf8Json,STJRefGen,Utf8Json vs STJRefGen,Deserialize,W20,All,-0.9625730994152046,0.9625730994152046,L,width
Utf8Json,STJSrcGen,Utf8Json vs STJSrcGen,Deserialize,W20,All,-1,1,L,width
Utf8Json,Newtonsoft,Utf8Json vs Newtonsoft,Deserialize,W20,All,1,1,L,width
STJRefGen,STJSrcGen,STJRefGen vs STJSrcGen,Deserialize,W20,All,-0.016374269005847954,0.016374269005847954,N,width
STJRefGen,Newtonsoft,STJRefGen vs Newtonsoft,Deserialize,W20,All,1,1,L,width
STJSrcGen,Newtonsoft,STJSrcGen vs Newtonsoft,Deserialize,W20,All,1,1,L,width
SpanJson,Utf8Json,SpanJson vs Utf8Json,Deserialize,W50,All,1,1,L,width
SpanJson,STJRefGen,SpanJson vs STJRefGen,Deserialize,W50,All,1,1,L,width
SpanJson,STJSrcGen,SpanJson vs STJSrcGen,Deserialize,W50,All,1,1,L,width
SpanJson,Newtonsoft,SpanJson vs Newtonsoft,Deserialize,W50,All,1,1,L,width
Utf8Json,STJRefGen,Utf8Json vs STJRefGen,Deserialize,W50,All,-1,1,L,width
Utf8Json,STJSrcGen,Utf8Json vs STJSrcGen,Deserialize,W50,All,-1,1,L,width
Utf8Json,Newtonsoft,Utf8Json vs Newtonsoft,Deserialize,W50,All,1,1,L,width
STJRefGen,STJSrcGen,STJRefGen vs STJSrcGen,Deserialize,W50,All,-1,1,L,width
STJRefGen,Newtonsoft,STJRefGen vs Newtonsoft,Deserialize,W50,All,1,1,L,width
STJSrcGen,Newtonsoft,STJSrcGen vs Newtonsoft,Deserialize,W50,All,1,1,L,width
SpanJson,Utf8Json,SpanJson vs Utf8Json,Deserialize,W100,All,1,1,L,width
SpanJson,STJRefGen,SpanJson vs STJRefGen,Deserialize,W100,All,1,1,L,width
SpanJson,STJSrcGen,SpanJson vs STJSrcGen,Deserialize,W100,All,1,1,L,width
SpanJson,Newtonsoft,SpanJson vs Newtonsoft,Deserialize,W100,All,1,1,L,width
Utf8Json,STJRefGen,Utf8Json vs STJRefGen,Deserialize,W100,All,1,1,L,width
Utf8Json,STJSrcGen,Utf8Json vs STJSrcGen,Deserialize,W100,All,1,1,L,width
Utf8Json,Newtonsoft,Utf8Json vs Newtonsoft,Deserialize,W100,All,1,1,L,width
STJRefGen,STJSrcGen,STJRefGen vs STJSrcGen,Deserialize,W100,All,-1,1,L,width
STJRefGen,Newtonsoft,STJRefGen vs Newtonsoft,Deserialize,W100,All,1,1,L,width
STJSrcGen,Newtonsoft,STJSrcGen vs Newtonsoft,Deserialize,W100,All,1,1,L,width
SpanJson,Utf8Json,SpanJson vs Utf8Json,Deserialize,W200,All,-1,1,L,width
SpanJson,STJRefGen,SpanJson vs STJRefGen,Deserialize,W200,All,1,1,L,width
SpanJson,STJSrcGen,SpanJson vs STJSrcGen,Deserialize,W200,All,1,1,L,width
SpanJson,Newtonsoft,SpanJson vs Newtonsoft,Deserialize,W200,All,1,1,L,width
Utf8Json,STJRefGen,Utf8Json vs STJRefGen,Deserialize,W200,All,1,1,L,width
Utf8Json,STJSrcGen,Utf8Json vs STJSrcGen,Deserialize,W200,All,1,1,L,width
Utf8Json,Newtonsoft,Utf8Json vs Newtonsoft,Deserialize,W200,All,1,1,L,width
STJRefGen,STJSrcGen,STJRefGen vs STJSrcGen,Deserialize,W200,All,-1,1,L,width
STJRefGen,Newtonsoft,STJRefGen vs Newtonsoft,Deserialize,W200,All,-1,1,L,width
STJSrcGen,Newtonsoft,STJSrcGen vs Newtonsoft,Deserialize,W200,All,-1,1,L,width
SpanJson,Utf8Json,SpanJson vs Utf8Json,Serialize,W2,All,1,1,L,width
SpanJson,STJRefGen,SpanJson vs STJRefGen,Serialize,W2,All,1,1,L,width
SpanJson,STJSrcGen,SpanJson vs STJSrcGen,Serialize,W2,All,0.9466666666666667,0.9466666666666667,L,width
SpanJson,Newtonsoft,SpanJson vs Newtonsoft,Serialize,W2,All,1,1,L,width
Utf8Json,STJRefGen,Utf8Json vs STJRefGen,Serialize,W2,All,1,1,L,width
Utf8Json,STJSrcGen,Utf8Json vs STJSrcGen,Serialize,W2,All,-1,1,L,width
Utf8Json,Newtonsoft,Utf8Json vs Newtonsoft,Serialize,W2,All,1,1,L,width
STJRefGen,STJSrcGen,STJRefGen vs STJSrcGen,Serialize,W2,All,-1,1,L,width
STJRefGen,Newtonsoft,STJRefGen vs Newtonsoft,Serialize,W2,All,1,1,L,width
STJSrcGen,Newtonsoft,STJSrcGen vs Newtonsoft,Serialize,W2,All,1,1,L,width
SpanJson,Utf8Json,SpanJson vs Utf8Json,Serialize,W5,All,1,1,L,width
SpanJson,STJRefGen,SpanJson vs STJRefGen,Serialize,W5,All,-0.9422222222222222,0.9422222222222222,L,width
SpanJson,STJSrcGen,SpanJson vs STJSrcGen,Serialize,W5,All,-1,1,L,width
SpanJson,Newtonsoft,SpanJson vs Newtonsoft,Serialize,W5,All,1,1,L,width
Utf8Json,STJRefGen,Utf8Json vs STJRefGen,Serialize,W5,All,-1,1,L,width
Utf8Json,STJSrcGen,Utf8Json vs STJSrcGen,Serialize,W5,All,-1,1,L,width
Utf8Json,Newtonsoft,Utf8Json vs Newtonsoft,Serialize,W5,All,1,1,L,width
STJRefGen,STJSrcGen,STJRefGen vs STJSrcGen,Serialize,W5,All,-1,1,L,width
STJRefGen,Newtonsoft,STJRefGen vs Newtonsoft,Serialize,W5,All,1,1,L,width
STJSrcGen,Newtonsoft,STJSrcGen vs Newtonsoft,Serialize,W5,All,1,1,L,width
SpanJson,Utf8Json,SpanJson vs Utf8Json,Serialize,W10,All,1,1,L,width
SpanJson,STJRefGen,SpanJson vs STJRefGen,Serialize,W10,All,-1,1,L,width
SpanJson,STJSrcGen,SpanJson vs STJSrcGen,Serialize,W10,All,-1,1,L,width
SpanJson,Newtonsoft,SpanJson vs Newtonsoft,Serialize,W10,All,1,1,L,width
Utf8Json,STJRefGen,Utf8Json vs STJRefGen,Serialize,W10,All,-1,1,L,width
Utf8Json,STJSrcGen,Utf8Json vs STJSrcGen,Serialize,W10,All,-1,1,L,width
Utf8Json,Newtonsoft,Utf8Json vs Newtonsoft,Serialize,W10,All,1,1,L,width
STJRefGen,STJSrcGen,STJRefGen vs STJSrcGen,Serialize,W10,All,-1,1,L,width
STJRefGen,Newtonsoft,STJRefGen vs Newtonsoft,Serialize,W10,All,1,1,L,width
STJSrcGen,Newtonsoft,STJSrcGen vs Newtonsoft,Serialize,W10,All,1,1,L,width
SpanJson,Utf8Json,SpanJson vs Utf8Json,Serialize,W20,All,-1,1,L,width
SpanJson,STJRefGen,SpanJson vs STJRefGen,Serialize,W20,All,-1,1,L,width
SpanJson,STJSrcGen,SpanJson vs STJSrcGen,Serialize,W20,All,-1,1,L,width
SpanJson,Newtonsoft,SpanJson vs Newtonsoft,Serialize,W20,All,1,1,L,width
Utf8Json,STJRefGen,Utf8Json vs STJRefGen,Serialize,W20,All,-1,1,L,width
Utf8Json,STJSrcGen,Utf8Json vs STJSrcGen,Serialize,W20,All,-1,1,L,width
Utf8Json,Newtonsoft,Utf8Json vs Newtonsoft,Serialize,W20,All,1,1,L,width
STJRefGen,STJSrcGen,STJRefGen vs STJSrcGen,Serialize,W20,All,-1,1,L,width
STJRefGen,Newtonsoft,STJRefGen vs Newtonsoft,Serialize,W20,All,1,1,L,width
STJSrcGen,Newtonsoft,STJSrcGen vs Newtonsoft,Serialize,W20,All,1,1,L,width
SpanJson,Utf8Json,SpanJson vs Utf8Json,Serialize,W50,All,0.8844444444444445,0.8844444444444445,L,width
SpanJson,STJRefGen,SpanJson vs STJRefGen,Serialize,W50,All,-1,1,L,width
SpanJson,STJSrcGen,SpanJson vs STJSrcGen,Serialize,W50,All,-1,1,L,width
SpanJson,Newtonsoft,SpanJson vs Newtonsoft,Serialize,W50,All,1,1,L,width
Utf8Json,STJRefGen,Utf8Json vs STJRefGen,Serialize,W50,All,-1,1,L,width
Utf8Json,STJSrcGen,Utf8Json vs STJSrcGen,Serialize,W50,All,-1,1,L,width
Utf8Json,Newtonsoft,Utf8Json vs Newtonsoft,Serialize,W50,All,1,1,L,width
STJRefGen,STJSrcGen,STJRefGen vs STJSrcGen,Serialize,W50,All,-1,1,L,width
STJRefGen,Newtonsoft,STJRefGen vs Newtonsoft,Serialize,W50,All,1,1,L,width
STJSrcGen,Newtonsoft,STJSrcGen vs Newtonsoft,Serialize,W50,All,1,1,L,width
SpanJson,Utf8Json,SpanJson vs Utf8Json,Serialize,W100,All,-1,1,L,width
SpanJson,STJRefGen,SpanJson vs STJRefGen,Serialize,W100,All,-1,1,L,width
SpanJson,STJSrcGen,SpanJson vs STJSrcGen,Serialize,W100,All,-1,1,L,width
SpanJson,Newtonsoft,SpanJson vs Newtonsoft,Serialize,W100,All,-0.8755555555555555,0.8755555555555555,L,width
Utf8Json,STJRefGen,Utf8Json vs STJRefGen,Serialize,W100,All,-1,1,L,width
Utf8Json,STJSrcGen,Utf8Json vs STJSrcGen,Serialize,W100,All,-1,1,L,width
Utf8Json,Newtonsoft,Utf8Json vs Newtonsoft,Serialize,W100,All,1,1,L,width
STJRefGen,STJSrcGen,STJRefGen vs STJSrcGen,Serialize,W100,All,-1,1,L,width
STJRefGen,Newtonsoft,STJRefGen vs Newtonsoft,Serialize,W100,All,1,1,L,width
STJSrcGen,Newtonsoft,STJSrcGen vs Newtonsoft,Serialize,W100,All,1,1,L,width
SpanJson,Utf8Json,SpanJson vs Utf8Json,Serialize,W200,All,-0.5288888888888889,0.5288888888888889,L,width
SpanJson,STJRefGen,SpanJson vs STJRefGen,Serialize,W200,All,-1,1,L,width
SpanJson,STJSrcGen,SpanJson vs STJSrcGen,Serialize,W200,All,-1,1,L,width
SpanJson,Newtonsoft,SpanJson vs Newtonsoft,Serialize,W200,All,-0.7777777777777778,0.7777777777777778,L,width
Utf8Json,STJRefGen,Utf8Json vs STJRefGen,Serialize,W200,All,-1,1,L,width
Utf8Json,STJSrcGen,Utf8Json vs STJSrcGen,Serialize,W200,All,-1,1,L,width
Utf8Json,Newtonsoft,Utf8Json vs Newtonsoft,Serialize,W200,All,-0.76,0.76,L,width
STJRefGen,STJSrcGen,STJRefGen vs STJSrcGen,Serialize,W200,All,-1,1,L,width
STJRefGen,Newtonsoft,STJRefGen vs Newtonsoft,Serialize,W200,All,1,1,L,width
STJSrcGen,Newtonsoft,STJSrcGen vs Newtonsoft,Serialize,W200,All,1,1,L,width
SpanJson,Utf8Json,SpanJson vs Utf8Json,Deserialize,D1,All,1,1,L,depth
SpanJson,STJRefGen,SpanJson vs STJRefGen,Deserialize,D1,All,1,1,L,depth
SpanJson,STJSrcGen,SpanJson vs STJSrcGen,Deserialize,D1,All,1,1,L,depth
SpanJson,Newtonsoft,SpanJson vs Newtonsoft,Deserialize,D1,All,1,1,L,depth
Utf8Json,STJRefGen,Utf8Json vs STJRefGen,Deserialize,D1,All,-1,1,L,depth
Utf8Json,STJSrcGen,Utf8Json vs STJSrcGen,Deserialize,D1,All,-1,1,L,depth
Utf8Json,Newtonsoft,Utf8Json vs Newtonsoft,Deserialize,D1,All,1,1,L,depth
STJRefGen,STJSrcGen,STJRefGen vs STJSrcGen,Deserialize,D1,All,0.8933333333333333,0.8933333333333333,L,depth
STJRefGen,Newtonsoft,STJRefGen vs Newtonsoft,Deserialize,D1,All,1,1,L,depth
STJSrcGen,Newtonsoft,STJSrcGen vs Newtonsoft,Deserialize,D1,All,1,1,L,depth
SpanJson,Utf8Json,SpanJson vs Utf8Json,Deserialize,D2,All,1,1,L,depth
SpanJson,STJRefGen,SpanJson vs STJRefGen,Deserialize,D2,All,1,1,L,depth
SpanJson,STJSrcGen,SpanJson vs STJSrcGen,Deserialize,D2,All,1,1,L,depth
SpanJson,Newtonsoft,SpanJson vs Newtonsoft,Deserialize,D2,All,1,1,L,depth
Utf8Json,STJRefGen,Utf8Json vs STJRefGen,Deserialize,D2,All,-1,1,L,depth
Utf8Json,STJSrcGen,Utf8Json vs STJSrcGen,Deserialize,D2,All,-1,1,L,depth
Utf8Json,Newtonsoft,Utf8Json vs Newtonsoft,Deserialize,D2,All,1,1,L,depth
STJRefGen,STJSrcGen,STJRefGen vs STJSrcGen,Deserialize,D2,All,-1,1,L,depth
STJRefGen,Newtonsoft,STJRefGen vs Newtonsoft,Deserialize,D2,All,1,1,L,depth
STJSrcGen,Newtonsoft,STJSrcGen vs Newtonsoft,Deserialize,D2,All,1,1,L,depth
SpanJson,Utf8Json,SpanJson vs Utf8Json,Deserialize,D4,All,1,1,L,depth
SpanJson,STJRefGen,SpanJson vs STJRefGen,Deserialize,D4,All,1,1,L,depth
SpanJson,STJSrcGen,SpanJson vs STJSrcGen,Deserialize,D4,All,1,1,L,depth
SpanJson,Newtonsoft,SpanJson vs Newtonsoft,Deserialize,D4,All,1,1,L,depth
Utf8Json,STJRefGen,Utf8Json vs STJRefGen,Deserialize,D4,All,-1,1,L,depth
Utf8Json,STJSrcGen,Utf8Json vs STJSrcGen,Deserialize,D4,All,-1,1,L,depth
Utf8Json,Newtonsoft,Utf8Json vs Newtonsoft,Deserialize,D4,All,1,1,L,depth
STJRefGen,STJSrcGen,STJRefGen vs STJSrcGen,Deserialize,D4,All,0.5911111111111111,0.5911111111111111,L,depth
STJRefGen,Newtonsoft,STJRefGen vs Newtonsoft,Deserialize,D4,All,1,1,L,depth
STJSrcGen,Newtonsoft,STJSrcGen vs Newtonsoft,Deserialize,D4,All,1,1,L,depth
SpanJson,Utf8Json,SpanJson vs Utf8Json,Deserialize,D8,All,1,1,L,depth
SpanJson,STJRefGen,SpanJson vs STJRefGen,Deserialize,D8,All,1,1,L,depth
SpanJson,STJSrcGen,SpanJson vs STJSrcGen,Deserialize,D8,All,1,1,L,depth
SpanJson,Newtonsoft,SpanJson vs Newtonsoft,Deserialize,D8,All,1,1,L,depth
Utf8Json,STJRefGen,Utf8Json vs STJRefGen,Deserialize,D8,All,-1,1,L,depth
Utf8Json,STJSrcGen,Utf8Json vs STJSrcGen,Deserialize,D8,All,-1,1,L,depth
Utf8Json,Newtonsoft,Utf8Json vs Newtonsoft,Deserialize,D8,All,1,1,L,depth
STJRefGen,STJSrcGen,STJRefGen vs STJSrcGen,Deserialize,D8,All,-0.8844444444444445,0.8844444444444445,L,depth
STJRefGen,Newtonsoft,STJRefGen vs Newtonsoft,Deserialize,D8,All,1,1,L,depth
STJSrcGen,Newtonsoft,STJSrcGen vs Newtonsoft,Deserialize,D8,All,1,1,L,depth
SpanJson,Utf8Json,SpanJson vs Utf8Json,Deserialize,D15,All,1,1,L,depth
SpanJson,STJRefGen,SpanJson vs STJRefGen,Deserialize,D15,All,1,1,L,depth
SpanJson,STJSrcGen,SpanJson vs STJSrcGen,Deserialize,D15,All,1,1,L,depth
SpanJson,Newtonsoft,SpanJson vs Newtonsoft,Deserialize,D15,All,1,1,L,depth
Utf8Json,STJRefGen,Utf8Json vs STJRefGen,Deserialize,D15,All,-1,1,L,depth
Utf8Json,STJSrcGen,Utf8Json vs STJSrcGen,Deserialize,D15,All,-1,1,L,depth
Utf8Json,Newtonsoft,Utf8Json vs Newtonsoft,Deserialize,D15,All,1,1,L,depth
STJRefGen,STJSrcGen,STJRefGen vs STJSrcGen,Deserialize,D15,All,0.9733333333333334,0.9733333333333334,L,depth
STJRefGen,Newtonsoft,STJRefGen vs Newtonsoft,Deserialize,D15,All,1,1,L,depth
STJSrcGen,Newtonsoft,STJSrcGen vs Newtonsoft,Deserialize,D15,All,1,1,L,depth
SpanJson,Utf8Json,SpanJson vs Utf8Json,Deserialize,D25,All,1,1,L,depth
SpanJson,STJRefGen,SpanJson vs STJRefGen,Deserialize,D25,All,1,1,L,depth
SpanJson,STJSrcGen,SpanJson vs STJSrcGen,Deserialize,D25,All,1,1,L,depth
SpanJson,Newtonsoft,SpanJson vs Newtonsoft,Deserialize,D25,All,1,1,L,depth
Utf8Json,STJRefGen,Utf8Json vs STJRefGen,Deserialize,D25,All,-0.9310344827586207,0.9310344827586207,L,depth
Utf8Json,STJSrcGen,Utf8Json vs STJSrcGen,Deserialize,D25,All,-1,1,L,depth
Utf8Json,Newtonsoft,Utf8Json vs Newtonsoft,Deserialize,D25,All,1,1,L,depth
STJRefGen,STJSrcGen,STJRefGen vs STJSrcGen,Deserialize,D25,All,-0.7563218390804598,0.7563218390804598,L,depth
STJRefGen,Newtonsoft,STJRefGen vs Newtonsoft,Deserialize,D25,All,1,1,L,depth
STJSrcGen,Newtonsoft,STJSrcGen vs Newtonsoft,Deserialize,D25,All,1,1,L,depth
SpanJson,Utf8Json,SpanJson vs Utf8Json,Deserialize,D40,All,1,1,L,depth
SpanJson,STJRefGen,SpanJson vs STJRefGen,Deserialize,D40,All,1,1,L,depth
SpanJson,STJSrcGen,SpanJson vs STJSrcGen,Deserialize,D40,All,1,1,L,depth
SpanJson,Newtonsoft,SpanJson vs Newtonsoft,Deserialize,D40,All,1,1,L,depth
Utf8Json,STJRefGen,Utf8Json vs STJRefGen,Deserialize,D40,All,-1,1,L,depth
Utf8Json,STJSrcGen,Utf8Json vs STJSrcGen,Deserialize,D40,All,-1,1,L,depth
Utf8Json,Newtonsoft,Utf8Json vs Newtonsoft,Deserialize,D40,All,1,1,L,depth
STJRefGen,STJSrcGen,STJRefGen vs STJSrcGen,Deserialize,D40,All,-0.8844444444444445,0.8844444444444445,L,depth
STJRefGen,Newtonsoft,STJRefGen vs Newtonsoft,Deserialize,D40,All,1,1,L,depth
STJSrcGen,Newtonsoft,STJSrcGen vs Newtonsoft,Deserialize,D40,All,1,1,L,depth
SpanJson,Utf8Json,SpanJson vs Utf8Json,Serialize,D1,All,1,1,L,depth
SpanJson,STJRefGen,SpanJson vs STJRefGen,Serialize,D1,All,-1,1,L,depth
SpanJson,STJSrcGen,SpanJson vs STJSrcGen,Serialize,D1,All,-1,1,L,depth
SpanJson,Newtonsoft,SpanJson vs Newtonsoft,Serialize,D1,All,1,1,L,depth
Utf8Json,STJRefGen,Utf8Json vs STJRefGen,Serialize,D1,All,-1,1,L,depth
Utf8Json,STJSrcGen,Utf8Json vs STJSrcGen,Serialize,D1,All,-1,1,L,depth
Utf8Json,Newtonsoft,Utf8Json vs Newtonsoft,Serialize,D1,All,1,1,L,depth
STJRefGen,STJSrcGen,STJRefGen vs STJSrcGen,Serialize,D1,All,-1,1,L,depth
STJRefGen,Newtonsoft,STJRefGen vs Newtonsoft,Serialize,D1,All,1,1,L,depth
STJSrcGen,Newtonsoft,STJSrcGen vs Newtonsoft,Serialize,D1,All,1,1,L,depth
SpanJson,Utf8Json,SpanJson vs Utf8Json,Serialize,D2,All,1,1,L,depth
SpanJson,STJRefGen,SpanJson vs STJRefGen,Serialize,D2,All,-0.9822222222222222,0.9822222222222222,L,depth
SpanJson,STJSrcGen,SpanJson vs STJSrcGen,Serialize,D2,All,-1,1,L,depth
SpanJson,Newtonsoft,SpanJson vs Newtonsoft,Serialize,D2,All,1,1,L,depth
Utf8Json,STJRefGen,Utf8Json vs STJRefGen,Serialize,D2,All,-1,1,L,depth
Utf8Json,STJSrcGen,Utf8Json vs STJSrcGen,Serialize,D2,All,-1,1,L,depth
Utf8Json,Newtonsoft,Utf8Json vs Newtonsoft,Serialize,D2,All,1,1,L,depth
STJRefGen,STJSrcGen,STJRefGen vs STJSrcGen,Serialize,D2,All,-1,1,L,depth
STJRefGen,Newtonsoft,STJRefGen vs Newtonsoft,Serialize,D2,All,1,1,L,depth
STJSrcGen,Newtonsoft,STJSrcGen vs Newtonsoft,Serialize,D2,All,1,1,L,depth
SpanJson,Utf8Json,SpanJson vs Utf8Json,Serialize,D4,All,1,1,L,depth
SpanJson,STJRefGen,SpanJson vs STJRefGen,Serialize,D4,All,-1,1,L,depth
SpanJson,STJSrcGen,SpanJson vs STJSrcGen,Serialize,D4,All,-1,1,L,depth
SpanJson,Newtonsoft,SpanJson vs Newtonsoft,Serialize,D4,All,1,1,L,depth
Utf8Json,STJRefGen,Utf8Json vs STJRefGen,Serialize,D4,All,-1,1,L,depth
Utf8Json,STJSrcGen,Utf8Json vs STJSrcGen,Serialize,D4,All,-1,1,L,depth
Utf8Json,Newtonsoft,Utf8Json vs Newtonsoft,Serialize,D4,All,1,1,L,depth
STJRefGen,STJSrcGen,STJRefGen vs STJSrcGen,Serialize,D4,All,-1,1,L,depth
STJRefGen,Newtonsoft,STJRefGen vs Newtonsoft,Serialize,D4,All,1,1,L,depth
STJSrcGen,Newtonsoft,STJSrcGen vs Newtonsoft,Serialize,D4,All,1,1,L,depth
SpanJson,Utf8Json,SpanJson vs Utf8Json,Serialize,D8,All,-1,1,L,depth
SpanJson,STJRefGen,SpanJson vs STJRefGen,Serialize,D8,All,-1,1,L,depth
SpanJson,STJSrcGen,SpanJson vs STJSrcGen,Serialize,D8,All,-1,1,L,depth
SpanJson,Newtonsoft,SpanJson vs Newtonsoft,Serialize,D8,All,1,1,L,depth
Utf8Json,STJRefGen,Utf8Json vs STJRefGen,Serialize,D8,All,-1,1,L,depth
Utf8Json,STJSrcGen,Utf8Json vs STJSrcGen,Serialize,D8,All,-1,1,L,depth
Utf8Json,Newtonsoft,Utf8Json vs Newtonsoft,Serialize,D8,All,1,1,L,depth
STJRefGen,STJSrcGen,STJRefGen vs STJSrcGen,Serialize,D8,All,-1,1,L,depth
STJRefGen,Newtonsoft,STJRefGen vs Newtonsoft,Serialize,D8,All,1,1,L,depth
STJSrcGen,Newtonsoft,STJSrcGen vs Newtonsoft,Serialize,D8,All,1,1,L,depth
SpanJson,Utf8Json,SpanJson vs Utf8Json,Serialize,D15,All,-0.09333333333333334,0.09333333333333334,N,depth
SpanJson,STJRefGen,SpanJson vs STJRefGen,Serialize,D15,All,-1,1,L,depth
SpanJson,STJSrcGen,SpanJson vs STJSrcGen,Serialize,D15,All,-1,1,L,depth
SpanJson,Newtonsoft,SpanJson vs Newtonsoft,Serialize,D15,All,1,1,L,depth
Utf8Json,STJRefGen,Utf8Json vs STJRefGen,Serialize,D15,All,-1,1,L,depth
Utf8Json,STJSrcGen,Utf8Json vs STJSrcGen,Serialize,D15,All,-1,1,L,depth
Utf8Json,Newtonsoft,Utf8Json vs Newtonsoft,Serialize,D15,All,1,1,L,depth
STJRefGen,STJSrcGen,STJRefGen vs STJSrcGen,Serialize,D15,All,-1,1,L,depth
STJRefGen,Newtonsoft,STJRefGen vs Newtonsoft,Serialize,D15,All,1,1,L,depth
STJSrcGen,Newtonsoft,STJSrcGen vs Newtonsoft,Serialize,D15,All,1,1,L,depth
SpanJson,Utf8Json,SpanJson vs Utf8Json,Serialize,D25,All,-1,1,L,depth
SpanJson,STJRefGen,SpanJson vs STJRefGen,Serialize,D25,All,-1,1,L,depth
SpanJson,STJSrcGen,SpanJson vs STJSrcGen,Serialize,D25,All,-1,1,L,depth
SpanJson,Newtonsoft,SpanJson vs Newtonsoft,Serialize,D25,All,-1,1,L,depth
Utf8Json,STJRefGen,Utf8Json vs STJRefGen,Serialize,D25,All,-1,1,L,depth
Utf8Json,STJSrcGen,Utf8Json vs STJSrcGen,Serialize,D25,All,-1,1,L,depth
Utf8Json,Newtonsoft,Utf8Json vs Newtonsoft,Serialize,D25,All,0.5733333333333334,0.5733333333333334,L,depth
STJRefGen,STJSrcGen,STJRefGen vs STJSrcGen,Serialize,D25,All,-1,1,L,depth
STJRefGen,Newtonsoft,STJRefGen vs Newtonsoft,Serialize,D25,All,1,1,L,depth
STJSrcGen,Newtonsoft,STJSrcGen vs Newtonsoft,Serialize,D25,All,1,1,L,depth
SpanJson,Utf8Json,SpanJson vs Utf8Json,Serialize,D40,All,-1,1,L,depth
SpanJson,STJRefGen,SpanJson vs STJRefGen,Serialize,D40,All,-1,1,L,depth
SpanJson,STJSrcGen,SpanJson vs STJSrcGen,Serialize,D40,All,-1,1,L,depth
SpanJson,Newtonsoft,SpanJson vs Newtonsoft,Serialize,D40,All,-1,1,L,depth
Utf8Json,STJRefGen,Utf8Json vs STJRefGen,Serialize,D40,All,-1,1,L,depth
Utf8Json,STJSrcGen,Utf8Json vs STJSrcGen,Serialize,D40,All,-1,1,L,depth
Utf8Json,Newtonsoft,Utf8Json vs Newtonsoft,Serialize,D40,All,-1,1,L,depth
STJRefGen,STJSrcGen,STJRefGen vs STJSrcGen,Serialize,D40,All,-1,1,L,depth
STJRefGen,Newtonsoft,STJRefGen vs Newtonsoft,Serialize,D40,All,1,1,L,depth
STJSrcGen,Newtonsoft,STJSrcGen vs Newtonsoft,Serialize,D40,All,1,1,L,depth
SpanJson,Utf8Json,SpanJson vs Utf8Json,Deserialize,C10,All,1,1,L,size
SpanJson,STJRefGen,SpanJson vs STJRefGen,Deserialize,C10,All,1,1,L,size
SpanJson,STJSrcGen,SpanJson vs STJSrcGen,Deserialize,C10,All,1,1,L,size
SpanJson,Newtonsoft,SpanJson vs Newtonsoft,Deserialize,C10,All,1,1,L,size
Utf8Json,STJRefGen,Utf8Json vs STJRefGen,Deserialize,C10,All,-1,1,L,size
Utf8Json,STJSrcGen,Utf8Json vs STJSrcGen,Deserialize,C10,All,-1,1,L,size
Utf8Json,Newtonsoft,Utf8Json vs Newtonsoft,Deserialize,C10,All,1,1,L,size
STJRefGen,STJSrcGen,STJRefGen vs STJSrcGen,Deserialize,C10,All,-1,1,L,size
STJRefGen,Newtonsoft,STJRefGen vs Newtonsoft,Deserialize,C10,All,1,1,L,size
STJSrcGen,Newtonsoft,STJSrcGen vs Newtonsoft,Deserialize,C10,All,1,1,L,size
SpanJson,Utf8Json,SpanJson vs Utf8Json,Deserialize,C100,All,1,1,L,size
SpanJson,STJRefGen,SpanJson vs STJRefGen,Deserialize,C100,All,1,1,L,size
SpanJson,STJSrcGen,SpanJson vs STJSrcGen,Deserialize,C100,All,1,1,L,size
SpanJson,Newtonsoft,SpanJson vs Newtonsoft,Deserialize,C100,All,1,1,L,size
Utf8Json,STJRefGen,Utf8Json vs STJRefGen,Deserialize,C100,All,-1,1,L,size
Utf8Json,STJSrcGen,Utf8Json vs STJSrcGen,Deserialize,C100,All,-1,1,L,size
Utf8Json,Newtonsoft,Utf8Json vs Newtonsoft,Deserialize,C100,All,1,1,L,size
STJRefGen,STJSrcGen,STJRefGen vs STJSrcGen,Deserialize,C100,All,-1,1,L,size
STJRefGen,Newtonsoft,STJRefGen vs Newtonsoft,Deserialize,C100,All,1,1,L,size
STJSrcGen,Newtonsoft,STJSrcGen vs Newtonsoft,Deserialize,C100,All,1,1,L,size
SpanJson,Utf8Json,SpanJson vs Utf8Json,Deserialize,C1K,All,1,1,L,size
SpanJson,STJRefGen,SpanJson vs STJRefGen,Deserialize,C1K,All,1,1,L,size
SpanJson,STJSrcGen,SpanJson vs STJSrcGen,Deserialize,C1K,All,1,1,L,size
SpanJson,Newtonsoft,SpanJson vs Newtonsoft,Deserialize,C1K,All,1,1,L,size
Utf8Json,STJRefGen,Utf8Json vs STJRefGen,Deserialize,C1K,All,-1,1,L,size
Utf8Json,STJSrcGen,Utf8Json vs STJSrcGen,Deserialize,C1K,All,-1,1,L,size
Utf8Json,Newtonsoft,Utf8Json vs Newtonsoft,Deserialize,C1K,All,1,1,L,size
STJRefGen,STJSrcGen,STJRefGen vs STJSrcGen,Deserialize,C1K,All,1,1,L,size
STJRefGen,Newtonsoft,STJRefGen vs Newtonsoft,Deserialize,C1K,All,1,1,L,size
STJSrcGen,Newtonsoft,STJSrcGen vs Newtonsoft,Deserialize,C1K,All,1,1,L,size
SpanJson,Utf8Json,SpanJson vs Utf8Json,Deserialize,C10K,All,1,1,L,size
SpanJson,STJRefGen,SpanJson vs STJRefGen,Deserialize,C10K,All,1,1,L,size
SpanJson,STJSrcGen,SpanJson vs STJSrcGen,Deserialize,C10K,All,1,1,L,size
SpanJson,Newtonsoft,SpanJson vs Newtonsoft,Deserialize,C10K,All,1,1,L,size
Utf8Json,STJRefGen,Utf8Json vs STJRefGen,Deserialize,C10K,All,-1,1,L,size
Utf8Json,STJSrcGen,Utf8Json vs STJSrcGen,Deserialize,C10K,All,-1,1,L,size
Utf8Json,Newtonsoft,Utf8Json vs Newtonsoft,Deserialize,C10K,All,1,1,L,size
STJRefGen,STJSrcGen,STJRefGen vs STJSrcGen,Deserialize,C10K,All,0.07555555555555556,0.07555555555555556,N,size
STJRefGen,Newtonsoft,STJRefGen vs Newtonsoft,Deserialize,C10K,All,1,1,L,size
STJSrcGen,Newtonsoft,STJSrcGen vs Newtonsoft,Deserialize,C10K,All,1,1,L,size
SpanJson,Utf8Json,SpanJson vs Utf8Json,Deserialize,C100K,All,0.864,0.864,L,size
SpanJson,STJRefGen,SpanJson vs STJRefGen,Deserialize,C100K,All,0.5856,0.5856,L,size
SpanJson,STJSrcGen,SpanJson vs STJSrcGen,Deserialize,C100K,All,0.5856,0.5856,L,size
SpanJson,Newtonsoft,SpanJson vs Newtonsoft,Deserialize,C100K,All,1,1,L,size
Utf8Json,STJRefGen,Utf8Json vs STJRefGen,Deserialize,C100K,All,-0.47,0.47,M,size
Utf8Json,STJSrcGen,Utf8Json vs STJSrcGen,Deserialize,C100K,All,-0.4812,0.4812,L,size
Utf8Json,Newtonsoft,Utf8Json vs Newtonsoft,Deserialize,C100K,All,1,1,L,size
STJRefGen,STJSrcGen,STJRefGen vs STJSrcGen,Deserialize,C100K,All,-0.3542,0.3542,M,size
STJRefGen,Newtonsoft,STJRefGen vs Newtonsoft,Deserialize,C100K,All,1,1,L,size
STJSrcGen,Newtonsoft,STJSrcGen vs Newtonsoft,Deserialize,C100K,All,1,1,L,size
SpanJson,Utf8Json,SpanJson vs Utf8Json,Serialize,C10,All,-1,1,L,size
SpanJson,STJRefGen,SpanJson vs STJRefGen,Serialize,C10,All,-1,1,L,size
SpanJson,STJSrcGen,SpanJson vs STJSrcGen,Serialize,C10,All,-1,1,L,size
SpanJson,Newtonsoft,SpanJson vs Newtonsoft,Serialize,C10,All,-1,1,L,size
Utf8Json,STJRefGen,Utf8Json vs STJRefGen,Serialize,C10,All,-1,1,L,size
Utf8Json,STJSrcGen,Utf8Json vs STJSrcGen,Serialize,C10,All,-1,1,L,size
Utf8Json,Newtonsoft,Utf8Json vs Newtonsoft,Serialize,C10,All,-1,1,L,size
STJRefGen,STJSrcGen,STJRefGen vs STJSrcGen,Serialize,C10,All,-1,1,L,size
STJRefGen,Newtonsoft,STJRefGen vs Newtonsoft,Serialize,C10,All,1,1,L,size
STJSrcGen,Newtonsoft,STJSrcGen vs Newtonsoft,Serialize,C10,All,1,1,L,size
SpanJson,Utf8Json,SpanJson vs Utf8Json,Serialize,C100,All,0.8844444444444445,0.8844444444444445,L,size
SpanJson,STJRefGen,SpanJson vs STJRefGen,Serialize,C100,All,-1,1,L,size
SpanJson,STJSrcGen,SpanJson vs STJSrcGen,Serialize,C100,All,-1,1,L,size
SpanJson,Newtonsoft,SpanJson vs Newtonsoft,Serialize,C100,All,-1,1,L,size
Utf8Json,STJRefGen,Utf8Json vs STJRefGen,Serialize,C100,All,-1,1,L,size
Utf8Json,STJSrcGen,Utf8Json vs STJSrcGen,Serialize,C100,All,-1,1,L,size
Utf8Json,Newtonsoft,Utf8Json vs Newtonsoft,Serialize,C100,All,-1,1,L,size
STJRefGen,STJSrcGen,STJRefGen vs STJSrcGen,Serialize,C100,All,-1,1,L,size
STJRefGen,Newtonsoft,STJRefGen vs Newtonsoft,Serialize,C100,All,1,1,L,size
STJSrcGen,Newtonsoft,STJSrcGen vs Newtonsoft,Serialize,C100,All,1,1,L,size
SpanJson,Utf8Json,SpanJson vs Utf8Json,Serialize,C1K,All,-1,1,L,size
SpanJson,STJRefGen,SpanJson vs STJRefGen,Serialize,C1K,All,-1,1,L,size
SpanJson,STJSrcGen,SpanJson vs STJSrcGen,Serialize,C1K,All,-1,1,L,size
SpanJson,Newtonsoft,SpanJson vs Newtonsoft,Serialize,C1K,All,-0.9428571428571428,0.9428571428571428,L,size
Utf8Json,STJRefGen,Utf8Json vs STJRefGen,Serialize,C1K,All,-1,1,L,size
Utf8Json,STJSrcGen,Utf8Json vs STJSrcGen,Serialize,C1K,All,-1,1,L,size
Utf8Json,Newtonsoft,Utf8Json vs Newtonsoft,Serialize,C1K,All,0.580952380952381,0.580952380952381,L,size
STJRefGen,STJSrcGen,STJRefGen vs STJSrcGen,Serialize,C1K,All,-1,1,L,size
STJRefGen,Newtonsoft,STJRefGen vs Newtonsoft,Serialize,C1K,All,1,1,L,size
STJSrcGen,Newtonsoft,STJSrcGen vs Newtonsoft,Serialize,C1K,All,1,1,L,size
SpanJson,Utf8Json,SpanJson vs Utf8Json,Serialize,C10K,All,1,1,L,size
SpanJson,STJRefGen,SpanJson vs STJRefGen,Serialize,C10K,All,-1,1,L,size
SpanJson,STJSrcGen,SpanJson vs STJSrcGen,Serialize,C10K,All,-1,1,L,size
SpanJson,Newtonsoft,SpanJson vs Newtonsoft,Serialize,C10K,All,1,1,L,size
Utf8Json,STJRefGen,Utf8Json vs STJRefGen,Serialize,C10K,All,-1,1,L,size
Utf8Json,STJSrcGen,Utf8Json vs STJSrcGen,Serialize,C10K,All,-1,1,L,size
Utf8Json,Newtonsoft,Utf8Json vs Newtonsoft,Serialize,C10K,All,-0.875,0.875,L,size
STJRefGen,STJSrcGen,STJRefGen vs STJSrcGen,Serialize,C10K,All,-1,1,L,size
STJRefGen,Newtonsoft,STJRefGen vs Newtonsoft,Serialize,C10K,All,1,1,L,size
STJSrcGen,Newtonsoft,STJSrcGen vs Newtonsoft,Serialize,C10K,All,1,1,L,size
SpanJson,Utf8Json,SpanJson vs Utf8Json,Serialize,C100K,All,1,1,L,size
SpanJson,STJRefGen,SpanJson vs STJRefGen,Serialize,C100K,All,-1,1,L,size
SpanJson,STJSrcGen,SpanJson vs STJSrcGen,Serialize,C100K,All,-1,1,L,size
SpanJson,Newtonsoft,SpanJson vs Newtonsoft,Serialize,C100K,All,1,1,L,size
Utf8Json,STJRefGen,Utf8Json vs STJRefGen,Serialize,C100K,All,-1,1,L,size
Utf8Json,STJSrcGen,Utf8Json vs STJSrcGen,Serialize,C100K,All,-1,1,L,size
Utf8Json,Newtonsoft,Utf8Json vs Newtonsoft,Serialize,C100K,All,0.9904761904761905,0.9904761904761905,L,size
STJRefGen,STJSrcGen,STJRefGen vs STJSrcGen,Serialize,C100K,All,-1,1,L,size
STJRefGen,Newtonsoft,STJRefGen vs Newtonsoft,Serialize,C100K,All,1,1,L,size
STJSrcGen,Newtonsoft,STJSrcGen vs Newtonsoft,Serialize,C100K,All,1,1,L,size
SpanJson,Utf8Json,SpanJson vs Utf8Json,Deserialize,A0,Unicode,1,1,L,string_composition
SpanJson,STJRefGen,SpanJson vs STJRefGen,Deserialize,A0,Unicode,1,1,L,string_composition
SpanJson,STJSrcGen,SpanJson vs STJSrcGen,Deserialize,A0,Unicode,1,1,L,string_composition
SpanJson,Newtonsoft,SpanJson vs Newtonsoft,Deserialize,A0,Unicode,1,1,L,string_composition
Utf8Json,STJRefGen,Utf8Json vs STJRefGen,Deserialize,A0,Unicode,-1,1,L,string_composition
Utf8Json,STJSrcGen,Utf8Json vs STJSrcGen,Deserialize,A0,Unicode,-1,1,L,string_composition
Utf8Json,Newtonsoft,Utf8Json vs Newtonsoft,Deserialize,A0,Unicode,1,1,L,string_composition
STJRefGen,STJSrcGen,STJRefGen vs STJSrcGen,Deserialize,A0,Unicode,0.55,0.55,L,string_composition
STJRefGen,Newtonsoft,STJRefGen vs Newtonsoft,Deserialize,A0,Unicode,1,1,L,string_composition
STJSrcGen,Newtonsoft,STJSrcGen vs Newtonsoft,Deserialize,A0,Unicode,1,1,L,string_composition
SpanJson,Utf8Json,SpanJson vs Utf8Json,Deserialize,U5,Unicode,1,1,L,string_composition
SpanJson,STJRefGen,SpanJson vs STJRefGen,Deserialize,U5,Unicode,1,1,L,string_composition
SpanJson,STJSrcGen,SpanJson vs STJSrcGen,Deserialize,U5,Unicode,1,1,L,string_composition
SpanJson,Newtonsoft,SpanJson vs Newtonsoft,Deserialize,U5,Unicode,1,1,L,string_composition
Utf8Json,STJRefGen,Utf8Json vs STJRefGen,Deserialize,U5,Unicode,0.9022222222222223,0.9022222222222223,L,string_composition
Utf8Json,STJSrcGen,Utf8Json vs STJSrcGen,Deserialize,U5,Unicode,0.6711111111111111,0.6711111111111111,L,string_composition
Utf8Json,Newtonsoft,Utf8Json vs Newtonsoft,Deserialize,U5,Unicode,1,1,L,string_composition
STJRefGen,STJSrcGen,STJRefGen vs STJSrcGen,Deserialize,U5,Unicode,-0.8311111111111111,0.8311111111111111,L,string_composition
STJRefGen,Newtonsoft,STJRefGen vs Newtonsoft,Deserialize,U5,Unicode,1,1,L,string_composition
STJSrcGen,Newtonsoft,STJSrcGen vs Newtonsoft,Deserialize,U5,Unicode,1,1,L,string_composition
SpanJson,Utf8Json,SpanJson vs Utf8Json,Deserialize,U10,Unicode,1,1,L,string_composition
SpanJson,STJRefGen,SpanJson vs STJRefGen,Deserialize,U10,Unicode,1,1,L,string_composition
SpanJson,STJSrcGen,SpanJson vs STJSrcGen,Deserialize,U10,Unicode,1,1,L,string_composition
SpanJson,Newtonsoft,SpanJson vs Newtonsoft,Deserialize,U10,Unicode,1,1,L,string_composition
Utf8Json,STJRefGen,Utf8Json vs STJRefGen,Deserialize,U10,Unicode,-1,1,L,string_composition
Utf8Json,STJSrcGen,Utf8Json vs STJSrcGen,Deserialize,U10,Unicode,-1,1,L,string_composition
Utf8Json,Newtonsoft,Utf8Json vs Newtonsoft,Deserialize,U10,Unicode,1,1,L,string_composition
STJRefGen,STJSrcGen,STJRefGen vs STJSrcGen,Deserialize,U10,Unicode,-0.9022222222222223,0.9022222222222223,L,string_composition
STJRefGen,Newtonsoft,STJRefGen vs Newtonsoft,Deserialize,U10,Unicode,1,1,L,string_composition
STJSrcGen,Newtonsoft,STJSrcGen vs Newtonsoft,Deserialize,U10,Unicode,1,1,L,string_composition
SpanJson,Utf8Json,SpanJson vs Utf8Json,Deserialize,U25,Unicode,1,1,L,string_composition
SpanJson,STJRefGen,SpanJson vs STJRefGen,Deserialize,U25,Unicode,1,1,L,string_composition
SpanJson,STJSrcGen,SpanJson vs STJSrcGen,Deserialize,U25,Unicode,1,1,L,string_composition
SpanJson,Newtonsoft,SpanJson vs Newtonsoft,Deserialize,U25,Unicode,1,1,L,string_composition
Utf8Json,STJRefGen,Utf8Json vs STJRefGen,Deserialize,U25,Unicode,0.8133333333333334,0.8133333333333334,L,string_composition
Utf8Json,STJSrcGen,Utf8Json vs STJSrcGen,Deserialize,U25,Unicode,-0.92,0.92,L,string_composition
Utf8Json,Newtonsoft,Utf8Json vs Newtonsoft,Deserialize,U25,Unicode,-1,1,L,string_composition
STJRefGen,STJSrcGen,STJRefGen vs STJSrcGen,Deserialize,U25,Unicode,-1,1,L,string_composition
STJRefGen,Newtonsoft,STJRefGen vs Newtonsoft,Deserialize,U25,Unicode,-1,1,L,string_composition
STJSrcGen,Newtonsoft,STJSrcGen vs Newtonsoft,Deserialize,U25,Unicode,-1,1,L,string_composition
SpanJson,Utf8Json,SpanJson vs Utf8Json,Deserialize,U50,Unicode,1,1,L,string_composition
SpanJson,STJRefGen,SpanJson vs STJRefGen,Deserialize,U50,Unicode,1,1,L,string_composition
SpanJson,STJSrcGen,SpanJson vs STJSrcGen,Deserialize,U50,Unicode,1,1,L,string_composition
SpanJson,Newtonsoft,SpanJson vs Newtonsoft,Deserialize,U50,Unicode,1,1,L,string_composition
Utf8Json,STJRefGen,Utf8Json vs STJRefGen,Deserialize,U50,Unicode,-1,1,L,string_composition
Utf8Json,STJSrcGen,Utf8Json vs STJSrcGen,Deserialize,U50,Unicode,-1,1,L,string_composition
Utf8Json,Newtonsoft,Utf8Json vs Newtonsoft,Deserialize,U50,Unicode,-1,1,L,string_composition
STJRefGen,STJSrcGen,STJRefGen vs STJSrcGen,Deserialize,U50,Unicode,0.24444444444444444,0.24444444444444444,S,string_composition
STJRefGen,Newtonsoft,STJRefGen vs Newtonsoft,Deserialize,U50,Unicode,-1,1,L,string_composition
STJSrcGen,Newtonsoft,STJSrcGen vs Newtonsoft,Deserialize,U50,Unicode,-1,1,L,string_composition
SpanJson,Utf8Json,SpanJson vs Utf8Json,Deserialize,U100,Unicode,1,1,L,string_composition
SpanJson,STJRefGen,SpanJson vs STJRefGen,Deserialize,U100,Unicode,1,1,L,string_composition
SpanJson,STJSrcGen,SpanJson vs STJSrcGen,Deserialize,U100,Unicode,1,1,L,string_composition
SpanJson,Newtonsoft,SpanJson vs Newtonsoft,Deserialize,U100,Unicode,1,1,L,string_composition
Utf8Json,STJRefGen,Utf8Json vs STJRefGen,Deserialize,U100,Unicode,-1,1,L,string_composition
Utf8Json,STJSrcGen,Utf8Json vs STJSrcGen,Deserialize,U100,Unicode,-1,1,L,string_composition
Utf8Json,Newtonsoft,Utf8Json vs Newtonsoft,Deserialize,U100,Unicode,-1,1,L,string_composition
STJRefGen,STJSrcGen,STJRefGen vs STJSrcGen,Deserialize,U100,Unicode,1,1,L,string_composition
STJRefGen,Newtonsoft,STJRefGen vs Newtonsoft,Deserialize,U100,Unicode,-1,1,L,string_composition
STJSrcGen,Newtonsoft,STJSrcGen vs Newtonsoft,Deserialize,U100,Unicode,-1,1,L,string_composition
SpanJson,Utf8Json,SpanJson vs Utf8Json,Deserialize,A0,Escape,1,1,L,string_composition
SpanJson,STJRefGen,SpanJson vs STJRefGen,Deserialize,A0,Escape,1,1,L,string_composition
SpanJson,STJSrcGen,SpanJson vs STJSrcGen,Deserialize,A0,Escape,1,1,L,string_composition
SpanJson,Newtonsoft,SpanJson vs Newtonsoft,Deserialize,A0,Escape,1,1,L,string_composition
Utf8Json,STJRefGen,Utf8Json vs STJRefGen,Deserialize,A0,Escape,-1,1,L,string_composition
Utf8Json,STJSrcGen,Utf8Json vs STJSrcGen,Deserialize,A0,Escape,-1,1,L,string_composition
Utf8Json,Newtonsoft,Utf8Json vs Newtonsoft,Deserialize,A0,Escape,1,1,L,string_composition
STJRefGen,STJSrcGen,STJRefGen vs STJSrcGen,Deserialize,A0,Escape,0.55,0.55,L,string_composition
STJRefGen,Newtonsoft,STJRefGen vs Newtonsoft,Deserialize,A0,Escape,1,1,L,string_composition
STJSrcGen,Newtonsoft,STJSrcGen vs Newtonsoft,Deserialize,A0,Escape,1,1,L,string_composition
SpanJson,Utf8Json,SpanJson vs Utf8Json,Deserialize,E5,Escape,1,1,L,string_composition
SpanJson,STJRefGen,SpanJson vs STJRefGen,Deserialize,E5,Escape,1,1,L,string_composition
SpanJson,STJSrcGen,SpanJson vs STJSrcGen,Deserialize,E5,Escape,1,1,L,string_composition
SpanJson,Newtonsoft,SpanJson vs Newtonsoft,Deserialize,E5,Escape,1,1,L,string_composition
Utf8Json,STJRefGen,Utf8Json vs STJRefGen,Deserialize,E5,Escape,-0.5555555555555556,0.5555555555555556,L,string_composition
Utf8Json,STJSrcGen,Utf8Json vs STJSrcGen,Deserialize,E5,Escape,0.6711111111111111,0.6711111111111111,L,string_composition
Utf8Json,Newtonsoft,Utf8Json vs Newtonsoft,Deserialize,E5,Escape,1,1,L,string_composition
STJRefGen,STJSrcGen,STJRefGen vs STJSrcGen,Deserialize,E5,Escape,0.7688888888888888,0.7688888888888888,L,string_composition
STJRefGen,Newtonsoft,STJRefGen vs Newtonsoft,Deserialize,E5,Escape,1,1,L,string_composition
STJSrcGen,Newtonsoft,STJSrcGen vs Newtonsoft,Deserialize,E5,Escape,1,1,L,string_composition
SpanJson,Utf8Json,SpanJson vs Utf8Json,Deserialize,E10,Escape,1,1,L,string_composition
SpanJson,STJRefGen,SpanJson vs STJRefGen,Deserialize,E10,Escape,1,1,L,string_composition
SpanJson,STJSrcGen,SpanJson vs STJSrcGen,Deserialize,E10,Escape,1,1,L,string_composition
SpanJson,Newtonsoft,SpanJson vs Newtonsoft,Deserialize,E10,Escape,1,1,L,string_composition
Utf8Json,STJRefGen,Utf8Json vs STJRefGen,Deserialize,E10,Escape,1,1,L,string_composition
Utf8Json,STJSrcGen,Utf8Json vs STJSrcGen,Deserialize,E10,Escape,1,1,L,string_composition
Utf8Json,Newtonsoft,Utf8Json vs Newtonsoft,Deserialize,E10,Escape,1,1,L,string_composition
STJRefGen,STJSrcGen,STJRefGen vs STJSrcGen,Deserialize,E10,Escape,-0.8844444444444445,0.8844444444444445,L,string_composition
STJRefGen,Newtonsoft,STJRefGen vs Newtonsoft,Deserialize,E10,Escape,1,1,L,string_composition
STJSrcGen,Newtonsoft,STJSrcGen vs Newtonsoft,Deserialize,E10,Escape,1,1,L,string_composition
SpanJson,Utf8Json,SpanJson vs Utf8Json,Deserialize,E25,Escape,1,1,L,string_composition
SpanJson,STJRefGen,SpanJson vs STJRefGen,Deserialize,E25,Escape,1,1,L,string_composition
SpanJson,STJSrcGen,SpanJson vs STJSrcGen,Deserialize,E25,Escape,1,1,L,string_composition
SpanJson,Newtonsoft,SpanJson vs Newtonsoft,Deserialize,E25,Escape,1,1,L,string_composition
Utf8Json,STJRefGen,Utf8Json vs STJRefGen,Deserialize,E25,Escape,1,1,L,string_composition
Utf8Json,STJSrcGen,Utf8Json vs STJSrcGen,Deserialize,E25,Escape,1,1,L,string_composition
Utf8Json,Newtonsoft,Utf8Json vs Newtonsoft,Deserialize,E25,Escape,1,1,L,string_composition
STJRefGen,STJSrcGen,STJRefGen vs STJSrcGen,Deserialize,E25,Escape,-0.8844444444444445,0.8844444444444445,L,string_composition
STJRefGen,Newtonsoft,STJRefGen vs Newtonsoft,Deserialize,E25,Escape,1,1,L,string_composition
STJSrcGen,Newtonsoft,STJSrcGen vs Newtonsoft,Deserialize,E25,Escape,1,1,L,string_composition
SpanJson,Utf8Json,SpanJson vs Utf8Json,Deserialize,E50,Escape,1,1,L,string_composition
SpanJson,STJRefGen,SpanJson vs STJRefGen,Deserialize,E50,Escape,1,1,L,string_composition
SpanJson,STJSrcGen,SpanJson vs STJSrcGen,Deserialize,E50,Escape,1,1,L,string_composition
SpanJson,Newtonsoft,SpanJson vs Newtonsoft,Deserialize,E50,Escape,1,1,L,string_composition
Utf8Json,STJRefGen,Utf8Json vs STJRefGen,Deserialize,E50,Escape,1,1,L,string_composition
Utf8Json,STJSrcGen,Utf8Json vs STJSrcGen,Deserialize,E50,Escape,1,1,L,string_composition
Utf8Json,Newtonsoft,Utf8Json vs Newtonsoft,Deserialize,E50,Escape,-1,1,L,string_composition
STJRefGen,STJSrcGen,STJRefGen vs STJSrcGen,Deserialize,E50,Escape,1,1,L,string_composition
STJRefGen,Newtonsoft,STJRefGen vs Newtonsoft,Deserialize,E50,Escape,-1,1,L,string_composition
STJSrcGen,Newtonsoft,STJSrcGen vs Newtonsoft,Deserialize,E50,Escape,-1,1,L,string_composition
SpanJson,Utf8Json,SpanJson vs Utf8Json,Deserialize,E100,Escape,1,1,L,string_composition
SpanJson,STJRefGen,SpanJson vs STJRefGen,Deserialize,E100,Escape,1,1,L,string_composition
SpanJson,STJSrcGen,SpanJson vs STJSrcGen,Deserialize,E100,Escape,1,1,L,string_composition
SpanJson,Newtonsoft,SpanJson vs Newtonsoft,Deserialize,E100,Escape,-1,1,L,string_composition
Utf8Json,STJRefGen,Utf8Json vs STJRefGen,Deserialize,E100,Escape,-1,1,L,string_composition
Utf8Json,STJSrcGen,Utf8Json vs STJSrcGen,Deserialize,E100,Escape,-1,1,L,string_composition
Utf8Json,Newtonsoft,Utf8Json vs Newtonsoft,Deserialize,E100,Escape,-1,1,L,string_composition
STJRefGen,STJSrcGen,STJRefGen vs STJSrcGen,Deserialize,E100,Escape,-0.8755555555555555,0.8755555555555555,L,string_composition
STJRefGen,Newtonsoft,STJRefGen vs Newtonsoft,Deserialize,E100,Escape,-1,1,L,string_composition
STJSrcGen,Newtonsoft,STJSrcGen vs Newtonsoft,Deserialize,E100,Escape,-1,1,L,string_composition
SpanJson,Utf8Json,SpanJson vs Utf8Json,Deserialize,A0,UnicodeEscape,1,1,L,string_composition
SpanJson,STJRefGen,SpanJson vs STJRefGen,Deserialize,A0,UnicodeEscape,1,1,L,string_composition
SpanJson,STJSrcGen,SpanJson vs STJSrcGen,Deserialize,A0,UnicodeEscape,1,1,L,string_composition
SpanJson,Newtonsoft,SpanJson vs Newtonsoft,Deserialize,A0,UnicodeEscape,1,1,L,string_composition
Utf8Json,STJRefGen,Utf8Json vs STJRefGen,Deserialize,A0,UnicodeEscape,-1,1,L,string_composition
Utf8Json,STJSrcGen,Utf8Json vs STJSrcGen,Deserialize,A0,UnicodeEscape,-1,1,L,string_composition
Utf8Json,Newtonsoft,Utf8Json vs Newtonsoft,Deserialize,A0,UnicodeEscape,1,1,L,string_composition
STJRefGen,STJSrcGen,STJRefGen vs STJSrcGen,Deserialize,A0,UnicodeEscape,0.55,0.55,L,string_composition
STJRefGen,Newtonsoft,STJRefGen vs Newtonsoft,Deserialize,A0,UnicodeEscape,1,1,L,string_composition
STJSrcGen,Newtonsoft,STJSrcGen vs Newtonsoft,Deserialize,A0,UnicodeEscape,1,1,L,string_composition
SpanJson,Utf8Json,SpanJson vs Utf8Json,Deserialize,UE5,UnicodeEscape,1,1,L,string_composition
SpanJson,STJRefGen,SpanJson vs STJRefGen,Deserialize,UE5,UnicodeEscape,1,1,L,string_composition
SpanJson,STJSrcGen,SpanJson vs STJSrcGen,Deserialize,UE5,UnicodeEscape,1,1,L,string_composition
SpanJson,Newtonsoft,SpanJson vs Newtonsoft,Deserialize,UE5,UnicodeEscape,1,1,L,string_composition
Utf8Json,STJRefGen,Utf8Json vs STJRefGen,Deserialize,UE5,UnicodeEscape,0.8755555555555555,0.8755555555555555,L,string_composition
Utf8Json,STJSrcGen,Utf8Json vs STJSrcGen,Deserialize,UE5,UnicodeEscape,-0.76,0.76,L,string_composition
Utf8Json,Newtonsoft,Utf8Json vs Newtonsoft,Deserialize,UE5,UnicodeEscape,1,1,L,string_composition
STJRefGen,STJSrcGen,STJRefGen vs STJSrcGen,Deserialize,UE5,UnicodeEscape,-0.9644444444444444,0.9644444444444444,L,string_composition
STJRefGen,Newtonsoft,STJRefGen vs Newtonsoft,Deserialize,UE5,UnicodeEscape,1,1,L,string_composition
STJSrcGen,Newtonsoft,STJSrcGen vs Newtonsoft,Deserialize,UE5,UnicodeEscape,1,1,L,string_composition
SpanJson,Utf8Json,SpanJson vs Utf8Json,Deserialize,UE10,UnicodeEscape,1,1,L,string_composition
SpanJson,STJRefGen,SpanJson vs STJRefGen,Deserialize,UE10,UnicodeEscape,1,1,L,string_composition
SpanJson,STJSrcGen,SpanJson vs STJSrcGen,Deserialize,UE10,UnicodeEscape,1,1,L,string_composition
SpanJson,Newtonsoft,SpanJson vs Newtonsoft,Deserialize,UE10,UnicodeEscape,1,1,L,string_composition
Utf8Json,STJRefGen,Utf8Json vs STJRefGen,Deserialize,UE10,UnicodeEscape,1,1,L,string_composition
Utf8Json,STJSrcGen,Utf8Json vs STJSrcGen,Deserialize,UE10,UnicodeEscape,1,1,L,string_composition
Utf8Json,Newtonsoft,Utf8Json vs Newtonsoft,Deserialize,UE10,UnicodeEscape,1,1,L,string_composition
STJRefGen,STJSrcGen,STJRefGen vs STJSrcGen,Deserialize,UE10,UnicodeEscape,-0.6711111111111111,0.6711111111111111,L,string_composition
STJRefGen,Newtonsoft,STJRefGen vs Newtonsoft,Deserialize,UE10,UnicodeEscape,1,1,L,string_composition
STJSrcGen,Newtonsoft,STJSrcGen vs Newtonsoft,Deserialize,UE10,UnicodeEscape,1,1,L,string_composition
SpanJson,Utf8Json,SpanJson vs Utf8Json,Deserialize,UE25,UnicodeEscape,1,1,L,string_composition
SpanJson,STJRefGen,SpanJson vs STJRefGen,Deserialize,UE25,UnicodeEscape,1,1,L,string_composition
SpanJson,STJSrcGen,SpanJson vs STJSrcGen,Deserialize,UE25,UnicodeEscape,1,1,L,string_composition
SpanJson,Newtonsoft,SpanJson vs Newtonsoft,Deserialize,UE25,UnicodeEscape,1,1,L,string_composition
Utf8Json,STJRefGen,Utf8Json vs STJRefGen,Deserialize,UE25,UnicodeEscape,0.8844444444444445,0.8844444444444445,L,string_composition
Utf8Json,STJSrcGen,Utf8Json vs STJSrcGen,Deserialize,UE25,UnicodeEscape,-0.8755555555555555,0.8755555555555555,L,string_composition
Utf8Json,Newtonsoft,Utf8Json vs Newtonsoft,Deserialize,UE25,UnicodeEscape,-0.94,0.94,L,string_composition
STJRefGen,STJSrcGen,STJRefGen vs STJSrcGen,Deserialize,UE25,UnicodeEscape,-1,1,L,string_composition
STJRefGen,Newtonsoft,STJRefGen vs Newtonsoft,Deserialize,UE25,UnicodeEscape,-0.94,0.94,L,string_composition
STJSrcGen,Newtonsoft,STJSrcGen vs Newtonsoft,Deserialize,UE25,UnicodeEscape,-0.94,0.94,L,string_composition
SpanJson,Utf8Json,SpanJson vs Utf8Json,Deserialize,UE50,UnicodeEscape,1,1,L,string_composition
SpanJson,STJRefGen,SpanJson vs STJRefGen,Deserialize,UE50,UnicodeEscape,1,1,L,string_composition
SpanJson,STJSrcGen,SpanJson vs STJSrcGen,Deserialize,UE50,UnicodeEscape,1,1,L,string_composition
SpanJson,Newtonsoft,SpanJson vs Newtonsoft,Deserialize,UE50,UnicodeEscape,1,1,L,string_composition
Utf8Json,STJRefGen,Utf8Json vs STJRefGen,Deserialize,UE50,UnicodeEscape,-1,1,L,string_composition
Utf8Json,STJSrcGen,Utf8Json vs STJSrcGen,Deserialize,UE50,UnicodeEscape,-1,1,L,string_composition
Utf8Json,Newtonsoft,Utf8Json vs Newtonsoft,Deserialize,UE50,UnicodeEscape,-1,1,L,string_composition
STJRefGen,STJSrcGen,STJRefGen vs STJSrcGen,Deserialize,UE50,UnicodeEscape,0.23555555555555555,0.23555555555555555,S,string_composition
STJRefGen,Newtonsoft,STJRefGen vs Newtonsoft,Deserialize,UE50,UnicodeEscape,-1,1,L,string_composition
STJSrcGen,Newtonsoft,STJSrcGen vs Newtonsoft,Deserialize,UE50,UnicodeEscape,-1,1,L,string_composition
SpanJson,Utf8Json,SpanJson vs Utf8Json,Deserialize,UE100,UnicodeEscape,1,1,L,string_composition
SpanJson,STJRefGen,SpanJson vs STJRefGen,Deserialize,UE100,UnicodeEscape,1,1,L,string_composition
SpanJson,STJSrcGen,SpanJson vs STJSrcGen,Deserialize,UE100,UnicodeEscape,1,1,L,string_composition
SpanJson,Newtonsoft,SpanJson vs Newtonsoft,Deserialize,UE100,UnicodeEscape,1,1,L,string_composition
Utf8Json,STJRefGen,Utf8Json vs STJRefGen,Deserialize,UE100,UnicodeEscape,-1,1,L,string_composition
Utf8Json,STJSrcGen,Utf8Json vs STJSrcGen,Deserialize,UE100,UnicodeEscape,-1,1,L,string_composition
Utf8Json,Newtonsoft,Utf8Json vs Newtonsoft,Deserialize,UE100,UnicodeEscape,-1,1,L,string_composition
STJRefGen,STJSrcGen,STJRefGen vs STJSrcGen,Deserialize,UE100,UnicodeEscape,0.9911111111111112,0.9911111111111112,L,string_composition
STJRefGen,Newtonsoft,STJRefGen vs Newtonsoft,Deserialize,UE100,UnicodeEscape,-1,1,L,string_composition
STJSrcGen,Newtonsoft,STJSrcGen vs Newtonsoft,Deserialize,UE100,UnicodeEscape,-1,1,L,string_composition
SpanJson,Utf8Json,SpanJson vs Utf8Json,Serialize,A0,Unicode,1,1,L,string_composition
SpanJson,STJRefGen,SpanJson vs STJRefGen,Serialize,A0,Unicode,-1,1,L,string_composition
SpanJson,STJSrcGen,SpanJson vs STJSrcGen,Serialize,A0,Unicode,-1,1,L,string_composition
SpanJson,Newtonsoft,SpanJson vs Newtonsoft,Serialize,A0,Unicode,1,1,L,string_composition
Utf8Json,STJRefGen,Utf8Json vs STJRefGen,Serialize,A0,Unicode,-1,1,L,string_composition
Utf8Json,STJSrcGen,Utf8Json vs STJSrcGen,Serialize,A0,Unicode,-1,1,L,string_composition
Utf8Json,Newtonsoft,Utf8Json vs Newtonsoft,Serialize,A0,Unicode,1,1,L,string_composition
STJRefGen,STJSrcGen,STJRefGen vs STJSrcGen,Serialize,A0,Unicode,-1,1,L,string_composition
STJRefGen,Newtonsoft,STJRefGen vs Newtonsoft,Serialize,A0,Unicode,1,1,L,string_composition
STJSrcGen,Newtonsoft,STJSrcGen vs Newtonsoft,Serialize,A0,Unicode,1,1,L,string_composition
SpanJson,Utf8Json,SpanJson vs Utf8Json,Serialize,U5,Unicode,-1,1,L,string_composition
SpanJson,STJRefGen,SpanJson vs STJRefGen,Serialize,U5,Unicode,1,1,L,string_composition
SpanJson,STJSrcGen,SpanJson vs STJSrcGen,Serialize,U5,Unicode,1,1,L,string_composition
SpanJson,Newtonsoft,SpanJson vs Newtonsoft,Serialize,U5,Unicode,1,1,L,string_composition
Utf8Json,STJRefGen,Utf8Json vs STJRefGen,Serialize,U5,Unicode,1,1,L,string_composition
Utf8Json,STJSrcGen,Utf8Json vs STJSrcGen,Serialize,U5,Unicode,1,1,L,string_composition
Utf8Json,Newtonsoft,Utf8Json vs Newtonsoft,Serialize,U5,Unicode,1,1,L,string_composition
STJRefGen,STJSrcGen,STJRefGen vs STJSrcGen,Serialize,U5,Unicode,-1,1,L,string_composition
STJRefGen,Newtonsoft,STJRefGen vs Newtonsoft,Serialize,U5,Unicode,1,1,L,string_composition
STJSrcGen,Newtonsoft,STJSrcGen vs Newtonsoft,Serialize,U5,Unicode,1,1,L,string_composition
SpanJson,Utf8Json,SpanJson vs Utf8Json,Serialize,U10,Unicode,0.24444444444444444,0.24444444444444444,S,string_composition
SpanJson,STJRefGen,SpanJson vs STJRefGen,Serialize,U10,Unicode,1,1,L,string_composition
SpanJson,STJSrcGen,SpanJson vs STJSrcGen,Serialize,U10,Unicode,1,1,L,string_composition
SpanJson,Newtonsoft,SpanJson vs Newtonsoft,Serialize,U10,Unicode,1,1,L,string_composition
Utf8Json,STJRefGen,Utf8Json vs STJRefGen,Serialize,U10,Unicode,1,1,L,string_composition
Utf8Json,STJSrcGen,Utf8Json vs STJSrcGen,Serialize,U10,Unicode,1,1,L,string_composition
Utf8Json,Newtonsoft,Utf8Json vs Newtonsoft,Serialize,U10,Unicode,1,1,L,string_composition
STJRefGen,STJSrcGen,STJRefGen vs STJSrcGen,Serialize,U10,Unicode,-1,1,L,string_composition
STJRefGen,Newtonsoft,STJRefGen vs Newtonsoft,Serialize,U10,Unicode,1,1,L,string_composition
STJSrcGen,Newtonsoft,STJSrcGen vs Newtonsoft,Serialize,U10,Unicode,1,1,L,string_composition
SpanJson,Utf8Json,SpanJson vs Utf8Json,Serialize,U25,Unicode,-0.29777777777777775,0.29777777777777775,S,string_composition
SpanJson,STJRefGen,SpanJson vs STJRefGen,Serialize,U25,Unicode,1,1,L,string_composition
SpanJson,STJSrcGen,SpanJson vs STJSrcGen,Serialize,U25,Unicode,1,1,L,string_composition
SpanJson,Newtonsoft,SpanJson vs Newtonsoft,Serialize,U25,Unicode,1,1,L,string_composition
Utf8Json,STJRefGen,Utf8Json vs STJRefGen,Serialize,U25,Unicode,1,1,L,string_composition
Utf8Json,STJSrcGen,Utf8Json vs STJSrcGen,Serialize,U25,Unicode,1,1,L,string_composition
Utf8Json,Newtonsoft,Utf8Json vs Newtonsoft,Serialize,U25,Unicode,1,1,L,string_composition
STJRefGen,STJSrcGen,STJRefGen vs STJSrcGen,Serialize,U25,Unicode,-1,1,L,string_composition
STJRefGen,Newtonsoft,STJRefGen vs Newtonsoft,Serialize,U25,Unicode,-1,1,L,string_composition
STJSrcGen,Newtonsoft,STJSrcGen vs Newtonsoft,Serialize,U25,Unicode,-1,1,L,string_composition
SpanJson,Utf8Json,SpanJson vs Utf8Json,Serialize,U50,Unicode,1,1,L,string_composition
SpanJson,STJRefGen,SpanJson vs STJRefGen,Serialize,U50,Unicode,1,1,L,string_composition
SpanJson,STJSrcGen,SpanJson vs STJSrcGen,Serialize,U50,Unicode,1,1,L,string_composition
SpanJson,Newtonsoft,SpanJson vs Newtonsoft,Serialize,U50,Unicode,1,1,L,string_composition
Utf8Json,STJRefGen,Utf8Json vs STJRefGen,Serialize,U50,Unicode,1,1,L,string_composition
Utf8Json,STJSrcGen,Utf8Json vs STJSrcGen,Serialize,U50,Unicode,1,1,L,string_composition
Utf8Json,Newtonsoft,Utf8Json vs Newtonsoft,Serialize,U50,Unicode,1,1,L,string_composition
STJRefGen,STJSrcGen,STJRefGen vs STJSrcGen,Serialize,U50,Unicode,-1,1,L,string_composition
STJRefGen,Newtonsoft,STJRefGen vs Newtonsoft,Serialize,U50,Unicode,-1,1,L,string_composition
STJSrcGen,Newtonsoft,STJSrcGen vs Newtonsoft,Serialize,U50,Unicode,-1,1,L,string_composition
SpanJson,Utf8Json,SpanJson vs Utf8Json,Serialize,U100,Unicode,1,1,L,string_composition
SpanJson,STJRefGen,SpanJson vs STJRefGen,Serialize,U100,Unicode,1,1,L,string_composition
SpanJson,STJSrcGen,SpanJson vs STJSrcGen,Serialize,U100,Unicode,1,1,L,string_composition
SpanJson,Newtonsoft,SpanJson vs Newtonsoft,Serialize,U100,Unicode,1,1,L,string_composition
Utf8Json,STJRefGen,Utf8Json vs STJRefGen,Serialize,U100,Unicode,1,1,L,string_composition
Utf8Json,STJSrcGen,Utf8Json vs STJSrcGen,Serialize,U100,Unicode,1,1,L,string_composition
Utf8Json,Newtonsoft,Utf8Json vs Newtonsoft,Serialize,U100,Unicode,1,1,L,string_composition
STJRefGen,STJSrcGen,STJRefGen vs STJSrcGen,Serialize,U100,Unicode,-1,1,L,string_composition
STJRefGen,Newtonsoft,STJRefGen vs Newtonsoft,Serialize,U100,Unicode,-1,1,L,string_composition
STJSrcGen,Newtonsoft,STJSrcGen vs Newtonsoft,Serialize,U100,Unicode,-1,1,L,string_composition
SpanJson,Utf8Json,SpanJson vs Utf8Json,Serialize,A0,Escape,1,1,L,string_composition
SpanJson,STJRefGen,SpanJson vs STJRefGen,Serialize,A0,Escape,-1,1,L,string_composition
SpanJson,STJSrcGen,SpanJson vs STJSrcGen,Serialize,A0,Escape,-1,1,L,string_composition
SpanJson,Newtonsoft,SpanJson vs Newtonsoft,Serialize,A0,Escape,1,1,L,string_composition
Utf8Json,STJRefGen,Utf8Json vs STJRefGen,Serialize,A0,Escape,-1,1,L,string_composition
Utf8Json,STJSrcGen,Utf8Json vs STJSrcGen,Serialize,A0,Escape,-1,1,L,string_composition
Utf8Json,Newtonsoft,Utf8Json vs Newtonsoft,Serialize,A0,Escape,1,1,L,string_composition
STJRefGen,STJSrcGen,STJRefGen vs STJSrcGen,Serialize,A0,Escape,-1,1,L,string_composition
STJRefGen,Newtonsoft,STJRefGen vs Newtonsoft,Serialize,A0,Escape,1,1,L,string_composition
STJSrcGen,Newtonsoft,STJSrcGen vs Newtonsoft,Serialize,A0,Escape,1,1,L,string_composition
SpanJson,Utf8Json,SpanJson vs Utf8Json,Serialize,E5,Escape,-1,1,L,string_composition
SpanJson,STJRefGen,SpanJson vs STJRefGen,Serialize,E5,Escape,1,1,L,string_composition
SpanJson,STJSrcGen,SpanJson vs STJSrcGen,Serialize,E5,Escape,-1,1,L,string_composition
SpanJson,Newtonsoft,SpanJson vs Newtonsoft,Serialize,E5,Escape,1,1,L,string_composition
Utf8Json,STJRefGen,Utf8Json vs STJRefGen,Serialize,E5,Escape,1,1,L,string_composition
Utf8Json,STJSrcGen,Utf8Json vs STJSrcGen,Serialize,E5,Escape,1,1,L,string_composition
Utf8Json,Newtonsoft,Utf8Json vs Newtonsoft,Serialize,E5,Escape,1,1,L,string_composition
STJRefGen,STJSrcGen,STJRefGen vs STJSrcGen,Serialize,E5,Escape,-1,1,L,string_composition
STJRefGen,Newtonsoft,STJRefGen vs Newtonsoft,Serialize,E5,Escape,1,1,L,string_composition
STJSrcGen,Newtonsoft,STJSrcGen vs Newtonsoft,Serialize,E5,Escape,1,1,L,string_composition
SpanJson,Utf8Json,SpanJson vs Utf8Json,Serialize,E10,Escape,1,1,L,string_composition
SpanJson,STJRefGen,SpanJson vs STJRefGen,Serialize,E10,Escape,1,1,L,string_composition
SpanJson,STJSrcGen,SpanJson vs STJSrcGen,Serialize,E10,Escape,1,1,L,string_composition
SpanJson,Newtonsoft,SpanJson vs Newtonsoft,Serialize,E10,Escape,1,1,L,string_composition
Utf8Json,STJRefGen,Utf8Json vs STJRefGen,Serialize,E10,Escape,1,1,L,string_composition
Utf8Json,STJSrcGen,Utf8Json vs STJSrcGen,Serialize,E10,Escape,1,1,L,string_composition
Utf8Json,Newtonsoft,Utf8Json vs Newtonsoft,Serialize,E10,Escape,1,1,L,string_composition
STJRefGen,STJSrcGen,STJRefGen vs STJSrcGen,Serialize,E10,Escape,-1,1,L,string_composition
STJRefGen,Newtonsoft,STJRefGen vs Newtonsoft,Serialize,E10,Escape,1,1,L,string_composition
STJSrcGen,Newtonsoft,STJSrcGen vs Newtonsoft,Serialize,E10,Escape,1,1,L,string_composition
SpanJson,Utf8Json,SpanJson vs Utf8Json,Serialize,E25,Escape,1,1,L,string_composition
SpanJson,STJRefGen,SpanJson vs STJRefGen,Serialize,E25,Escape,1,1,L,string_composition
SpanJson,STJSrcGen,SpanJson vs STJSrcGen,Serialize,E25,Escape,0.6355555555555555,0.6355555555555555,L,string_composition
SpanJson,Newtonsoft,SpanJson vs Newtonsoft,Serialize,E25,Escape,1,1,L,string_composition
Utf8Json,STJRefGen,Utf8Json vs STJRefGen,Serialize,E25,Escape,0.6888888888888889,0.6888888888888889,L,string_composition
Utf8Json,STJSrcGen,Utf8Json vs STJSrcGen,Serialize,E25,Escape,-1,1,L,string_composition
Utf8Json,Newtonsoft,Utf8Json vs Newtonsoft,Serialize,E25,Escape,1,1,L,string_composition
STJRefGen,STJSrcGen,STJRefGen vs STJSrcGen,Serialize,E25,Escape,-1,1,L,string_composition
STJRefGen,Newtonsoft,STJRefGen vs Newtonsoft,Serialize,E25,Escape,1,1,L,string_composition
STJSrcGen,Newtonsoft,STJSrcGen vs Newtonsoft,Serialize,E25,Escape,1,1,L,string_composition
SpanJson,Utf8Json,SpanJson vs Utf8Json,Serialize,E50,Escape,1,1,L,string_composition
SpanJson,STJRefGen,SpanJson vs STJRefGen,Serialize,E50,Escape,1,1,L,string_composition
SpanJson,STJSrcGen,SpanJson vs STJSrcGen,Serialize,E50,Escape,-1,1,L,string_composition
SpanJson,Newtonsoft,SpanJson vs Newtonsoft,Serialize,E50,Escape,1,1,L,string_composition
Utf8Json,STJRefGen,Utf8Json vs STJRefGen,Serialize,E50,Escape,-1,1,L,string_composition
Utf8Json,STJSrcGen,Utf8Json vs STJSrcGen,Serialize,E50,Escape,-1,1,L,string_composition
Utf8Json,Newtonsoft,Utf8Json vs Newtonsoft,Serialize,E50,Escape,1,1,L,string_composition
STJRefGen,STJSrcGen,STJRefGen vs STJSrcGen,Serialize,E50,Escape,-1,1,L,string_composition
STJRefGen,Newtonsoft,STJRefGen vs Newtonsoft,Serialize,E50,Escape,1,1,L,string_composition
STJSrcGen,Newtonsoft,STJSrcGen vs Newtonsoft,Serialize,E50,Escape,1,1,L,string_composition
SpanJson,Utf8Json,SpanJson vs Utf8Json,Serialize,E100,Escape,1,1,L,string_composition
SpanJson,STJRefGen,SpanJson vs STJRefGen,Serialize,E100,Escape,-0.7511111111111111,0.7511111111111111,L,string_composition
SpanJson,STJSrcGen,SpanJson vs STJSrcGen,Serialize,E100,Escape,-1,1,L,string_composition
SpanJson,Newtonsoft,SpanJson vs Newtonsoft,Serialize,E100,Escape,1,1,L,string_composition
Utf8Json,STJRefGen,Utf8Json vs STJRefGen,Serialize,E100,Escape,-1,1,L,string_composition
Utf8Json,STJSrcGen,Utf8Json vs STJSrcGen,Serialize,E100,Escape,-1,1,L,string_composition
Utf8Json,Newtonsoft,Utf8Json vs Newtonsoft,Serialize,E100,Escape,-1,1,L,string_composition
STJRefGen,STJSrcGen,STJRefGen vs STJSrcGen,Serialize,E100,Escape,-1,1,L,string_composition
STJRefGen,Newtonsoft,STJRefGen vs Newtonsoft,Serialize,E100,Escape,1,1,L,string_composition
STJSrcGen,Newtonsoft,STJSrcGen vs Newtonsoft,Serialize,E100,Escape,1,1,L,string_composition
SpanJson,Utf8Json,SpanJson vs Utf8Json,Serialize,A0,UnicodeEscape,1,1,L,string_composition
SpanJson,STJRefGen,SpanJson vs STJRefGen,Serialize,A0,UnicodeEscape,-1,1,L,string_composition
SpanJson,STJSrcGen,SpanJson vs STJSrcGen,Serialize,A0,UnicodeEscape,-1,1,L,string_composition
SpanJson,Newtonsoft,SpanJson vs Newtonsoft,Serialize,A0,UnicodeEscape,1,1,L,string_composition
Utf8Json,STJRefGen,Utf8Json vs STJRefGen,Serialize,A0,UnicodeEscape,-1,1,L,string_composition
Utf8Json,STJSrcGen,Utf8Json vs STJSrcGen,Serialize,A0,UnicodeEscape,-1,1,L,string_composition
Utf8Json,Newtonsoft,Utf8Json vs Newtonsoft,Serialize,A0,UnicodeEscape,1,1,L,string_composition
STJRefGen,STJSrcGen,STJRefGen vs STJSrcGen,Serialize,A0,UnicodeEscape,-1,1,L,string_composition
STJRefGen,Newtonsoft,STJRefGen vs Newtonsoft,Serialize,A0,UnicodeEscape,1,1,L,string_composition
STJSrcGen,Newtonsoft,STJSrcGen vs Newtonsoft,Serialize,A0,UnicodeEscape,1,1,L,string_composition
SpanJson,Utf8Json,SpanJson vs Utf8Json,Serialize,UE5,UnicodeEscape,-1,1,L,string_composition
SpanJson,STJRefGen,SpanJson vs STJRefGen,Serialize,UE5,UnicodeEscape,1,1,L,string_composition
SpanJson,STJSrcGen,SpanJson vs STJSrcGen,Serialize,UE5,UnicodeEscape,1,1,L,string_composition
SpanJson,Newtonsoft,SpanJson vs Newtonsoft,Serialize,UE5,UnicodeEscape,1,1,L,string_composition
Utf8Json,STJRefGen,Utf8Json vs STJRefGen,Serialize,UE5,UnicodeEscape,1,1,L,string_composition
Utf8Json,STJSrcGen,Utf8Json vs STJSrcGen,Serialize,UE5,UnicodeEscape,1,1,L,string_composition
Utf8Json,Newtonsoft,Utf8Json vs Newtonsoft,Serialize,UE5,UnicodeEscape,1,1,L,string_composition
STJRefGen,STJSrcGen,STJRefGen vs STJSrcGen,Serialize,UE5,UnicodeEscape,-1,1,L,string_composition
STJRefGen,Newtonsoft,STJRefGen vs Newtonsoft,Serialize,UE5,UnicodeEscape,1,1,L,string_composition
STJSrcGen,Newtonsoft,STJSrcGen vs Newtonsoft,Serialize,UE5,UnicodeEscape,1,1,L,string_composition
SpanJson,Utf8Json,SpanJson vs Utf8Json,Serialize,UE10,UnicodeEscape,0.39555555555555555,0.39555555555555555,M,string_composition
SpanJson,STJRefGen,SpanJson vs STJRefGen,Serialize,UE10,UnicodeEscape,1,1,L,string_composition
SpanJson,STJSrcGen,SpanJson vs STJSrcGen,Serialize,UE10,UnicodeEscape,1,1,L,string_composition
SpanJson,Newtonsoft,SpanJson vs Newtonsoft,Serialize,UE10,UnicodeEscape,1,1,L,string_composition
Utf8Json,STJRefGen,Utf8Json vs STJRefGen,Serialize,UE10,UnicodeEscape,1,1,L,string_composition
Utf8Json,STJSrcGen,Utf8Json vs STJSrcGen,Serialize,UE10,UnicodeEscape,1,1,L,string_composition
Utf8Json,Newtonsoft,Utf8Json vs Newtonsoft,Serialize,UE10,UnicodeEscape,1,1,L,string_composition
STJRefGen,STJSrcGen,STJRefGen vs STJSrcGen,Serialize,UE10,UnicodeEscape,-1,1,L,string_composition
STJRefGen,Newtonsoft,STJRefGen vs Newtonsoft,Serialize,UE10,UnicodeEscape,1,1,L,string_composition
STJSrcGen,Newtonsoft,STJSrcGen vs Newtonsoft,Serialize,UE10,UnicodeEscape,1,1,L,string_composition
SpanJson,Utf8Json,SpanJson vs Utf8Json,Serialize,UE25,UnicodeEscape,0.6906666666666667,0.6906666666666667,L,string_composition
SpanJson,STJRefGen,SpanJson vs STJRefGen,Serialize,UE25,UnicodeEscape,1,1,L,string_composition
SpanJson,STJSrcGen,SpanJson vs STJSrcGen,Serialize,UE25,UnicodeEscape,1,1,L,string_composition
SpanJson,Newtonsoft,SpanJson vs Newtonsoft,Serialize,UE25,UnicodeEscape,1,1,L,string_composition
Utf8Json,STJRefGen,Utf8Json vs STJRefGen,Serialize,UE25,UnicodeEscape,1,1,L,string_composition
Utf8Json,STJSrcGen,Utf8Json vs STJSrcGen,Serialize,UE25,UnicodeEscape,0.98,0.98,L,string_composition
Utf8Json,Newtonsoft,Utf8Json vs Newtonsoft,Serialize,UE25,UnicodeEscape,0.98,0.98,L,string_composition
STJRefGen,STJSrcGen,STJRefGen vs STJSrcGen,Serialize,UE25,UnicodeEscape,-1,1,L,string_composition
STJRefGen,Newtonsoft,STJRefGen vs Newtonsoft,Serialize,UE25,UnicodeEscape,-1,1,L,string_composition
STJSrcGen,Newtonsoft,STJSrcGen vs Newtonsoft,Serialize,UE25,UnicodeEscape,0.9822222222222222,0.9822222222222222,L,string_composition
SpanJson,Utf8Json,SpanJson vs Utf8Json,Serialize,UE50,UnicodeEscape,1,1,L,string_composition
SpanJson,STJRefGen,SpanJson vs STJRefGen,Serialize,UE50,UnicodeEscape,1,1,L,string_composition
SpanJson,STJSrcGen,SpanJson vs STJSrcGen,Serialize,UE50,UnicodeEscape,1,1,L,string_composition
SpanJson,Newtonsoft,SpanJson vs Newtonsoft,Serialize,UE50,UnicodeEscape,1,1,L,string_composition
Utf8Json,STJRefGen,Utf8Json vs STJRefGen,Serialize,UE50,UnicodeEscape,1,1,L,string_composition
Utf8Json,STJSrcGen,Utf8Json vs STJSrcGen,Serialize,UE50,UnicodeEscape,1,1,L,string_composition
Utf8Json,Newtonsoft,Utf8Json vs Newtonsoft,Serialize,UE50,UnicodeEscape,1,1,L,string_composition
STJRefGen,STJSrcGen,STJRefGen vs STJSrcGen,Serialize,UE50,UnicodeEscape,-1,1,L,string_composition
STJRefGen,Newtonsoft,STJRefGen vs Newtonsoft,Serialize,UE50,UnicodeEscape,-1,1,L,string_composition
STJSrcGen,Newtonsoft,STJSrcGen vs Newtonsoft,Serialize,UE50,UnicodeEscape,-1,1,L,string_composition
SpanJson,Utf8Json,SpanJson vs Utf8Json,Serialize,UE100,UnicodeEscape,1,1,L,string_composition
SpanJson,STJRefGen,SpanJson vs STJRefGen,Serialize,UE100,UnicodeEscape,1,1,L,string_composition
SpanJson,STJSrcGen,SpanJson vs STJSrcGen,Serialize,UE100,UnicodeEscape,1,1,L,string_composition
SpanJson,Newtonsoft,SpanJson vs Newtonsoft,Serialize,UE100,UnicodeEscape,1,1,L,string_composition
Utf8Json,STJRefGen,Utf8Json vs STJRefGen,Serialize,UE100,UnicodeEscape,1,1,L,string_composition
Utf8Json,STJSrcGen,Utf8Json vs STJSrcGen,Serialize,UE100,UnicodeEscape,1,1,L,string_composition
Utf8Json,Newtonsoft,Utf8Json vs Newtonsoft,Serialize,UE100,UnicodeEscape,1,1,L,string_composition
STJRefGen,STJSrcGen,STJRefGen vs STJSrcGen,Serialize,UE100,UnicodeEscape,-1,1,L,string_composition
STJRefGen,Newtonsoft,STJRefGen vs Newtonsoft,Serialize,UE100,UnicodeEscape,-1,1,L,string_composition
STJSrcGen,Newtonsoft,STJSrcGen vs Newtonsoft,Serialize,UE100,UnicodeEscape,-1,1,L,string_composition
SpanJson,Utf8Json,SpanJson vs Utf8Json,Deserialize,I2,Integer,1,1,L,numeric
SpanJson,STJRefGen,SpanJson vs STJRefGen,Deserialize,I2,Integer,1,1,L,numeric
SpanJson,STJSrcGen,SpanJson vs STJSrcGen,Deserialize,I2,Integer,1,1,L,numeric
SpanJson,Newtonsoft,SpanJson vs Newtonsoft,Deserialize,I2,Integer,1,1,L,numeric
Utf8Json,STJRefGen,Utf8Json vs STJRefGen,Deserialize,I2,Integer,1,1,L,numeric
Utf8Json,STJSrcGen,Utf8Json vs STJSrcGen,Deserialize,I2,Integer,1,1,L,numeric
Utf8Json,Newtonsoft,Utf8Json vs Newtonsoft,Deserialize,I2,Integer,1,1,L,numeric
STJRefGen,STJSrcGen,STJRefGen vs STJSrcGen,Deserialize,I2,Integer,0.9155555555555556,0.9155555555555556,L,numeric
STJRefGen,Newtonsoft,STJRefGen vs Newtonsoft,Deserialize,I2,Integer,1,1,L,numeric
STJSrcGen,Newtonsoft,STJSrcGen vs Newtonsoft,Deserialize,I2,Integer,1,1,L,numeric
SpanJson,Utf8Json,SpanJson vs Utf8Json,Deserialize,I3,Integer,1,1,L,numeric
SpanJson,STJRefGen,SpanJson vs STJRefGen,Deserialize,I3,Integer,1,1,L,numeric
SpanJson,STJSrcGen,SpanJson vs STJSrcGen,Deserialize,I3,Integer,1,1,L,numeric
SpanJson,Newtonsoft,SpanJson vs Newtonsoft,Deserialize,I3,Integer,1,1,L,numeric
Utf8Json,STJRefGen,Utf8Json vs STJRefGen,Deserialize,I3,Integer,1,1,L,numeric
Utf8Json,STJSrcGen,Utf8Json vs STJSrcGen,Deserialize,I3,Integer,1,1,L,numeric
Utf8Json,Newtonsoft,Utf8Json vs Newtonsoft,Deserialize,I3,Integer,1,1,L,numeric
STJRefGen,STJSrcGen,STJRefGen vs STJSrcGen,Deserialize,I3,Integer,0.7866666666666666,0.7866666666666666,L,numeric
STJRefGen,Newtonsoft,STJRefGen vs Newtonsoft,Deserialize,I3,Integer,1,1,L,numeric
STJSrcGen,Newtonsoft,STJSrcGen vs Newtonsoft,Deserialize,I3,Integer,1,1,L,numeric
SpanJson,Utf8Json,SpanJson vs Utf8Json,Deserialize,I5,Integer,1,1,L,numeric
SpanJson,STJRefGen,SpanJson vs STJRefGen,Deserialize,I5,Integer,1,1,L,numeric
SpanJson,STJSrcGen,SpanJson vs STJSrcGen,Deserialize,I5,Integer,1,1,L,numeric
SpanJson,Newtonsoft,SpanJson vs Newtonsoft,Deserialize,I5,Integer,1,1,L,numeric
Utf8Json,STJRefGen,Utf8Json vs STJRefGen,Deserialize,I5,Integer,1,1,L,numeric
Utf8Json,STJSrcGen,Utf8Json vs STJSrcGen,Deserialize,I5,Integer,1,1,L,numeric
Utf8Json,Newtonsoft,Utf8Json vs Newtonsoft,Deserialize,I5,Integer,1,1,L,numeric
STJRefGen,STJSrcGen,STJRefGen vs STJSrcGen,Deserialize,I5,Integer,-1,1,L,numeric
STJRefGen,Newtonsoft,STJRefGen vs Newtonsoft,Deserialize,I5,Integer,1,1,L,numeric
STJSrcGen,Newtonsoft,STJSrcGen vs Newtonsoft,Deserialize,I5,Integer,1,1,L,numeric
SpanJson,Utf8Json,SpanJson vs Utf8Json,Deserialize,I7,Integer,1,1,L,numeric
SpanJson,STJRefGen,SpanJson vs STJRefGen,Deserialize,I7,Integer,1,1,L,numeric
SpanJson,STJSrcGen,SpanJson vs STJSrcGen,Deserialize,I7,Integer,1,1,L,numeric
SpanJson,Newtonsoft,SpanJson vs Newtonsoft,Deserialize,I7,Integer,1,1,L,numeric
Utf8Json,STJRefGen,Utf8Json vs STJRefGen,Deserialize,I7,Integer,1,1,L,numeric
Utf8Json,STJSrcGen,Utf8Json vs STJSrcGen,Deserialize,I7,Integer,1,1,L,numeric
Utf8Json,Newtonsoft,Utf8Json vs Newtonsoft,Deserialize,I7,Integer,1,1,L,numeric
STJRefGen,STJSrcGen,STJRefGen vs STJSrcGen,Deserialize,I7,Integer,-0.8844444444444445,0.8844444444444445,L,numeric
STJRefGen,Newtonsoft,STJRefGen vs Newtonsoft,Deserialize,I7,Integer,1,1,L,numeric
STJSrcGen,Newtonsoft,STJSrcGen vs Newtonsoft,Deserialize,I7,Integer,1,1,L,numeric
SpanJson,Utf8Json,SpanJson vs Utf8Json,Deserialize,I10,Integer,1,1,L,numeric
SpanJson,STJRefGen,SpanJson vs STJRefGen,Deserialize,I10,Integer,1,1,L,numeric
SpanJson,STJSrcGen,SpanJson vs STJSrcGen,Deserialize,I10,Integer,1,1,L,numeric
SpanJson,Newtonsoft,SpanJson vs Newtonsoft,Deserialize,I10,Integer,1,1,L,numeric
Utf8Json,STJRefGen,Utf8Json vs STJRefGen,Deserialize,I10,Integer,1,1,L,numeric
Utf8Json,STJSrcGen,Utf8Json vs STJSrcGen,Deserialize,I10,Integer,1,1,L,numeric
Utf8Json,Newtonsoft,Utf8Json vs Newtonsoft,Deserialize,I10,Integer,1,1,L,numeric
STJRefGen,STJSrcGen,STJRefGen vs STJSrcGen,Deserialize,I10,Integer,-0.6977777777777778,0.6977777777777778,L,numeric
STJRefGen,Newtonsoft,STJRefGen vs Newtonsoft,Deserialize,I10,Integer,1,1,L,numeric
STJSrcGen,Newtonsoft,STJSrcGen vs Newtonsoft,Deserialize,I10,Integer,1,1,L,numeric
SpanJson,Utf8Json,SpanJson vs Utf8Json,Deserialize,F2,Float,1,1,L,numeric
SpanJson,STJRefGen,SpanJson vs STJRefGen,Deserialize,F2,Float,1,1,L,numeric
SpanJson,STJSrcGen,SpanJson vs STJSrcGen,Deserialize,F2,Float,1,1,L,numeric
SpanJson,Newtonsoft,SpanJson vs Newtonsoft,Deserialize,F2,Float,1,1,L,numeric
Utf8Json,STJRefGen,Utf8Json vs STJRefGen,Deserialize,F2,Float,1,1,L,numeric
Utf8Json,STJSrcGen,Utf8Json vs STJSrcGen,Deserialize,F2,Float,1,1,L,numeric
Utf8Json,Newtonsoft,Utf8Json vs Newtonsoft,Deserialize,F2,Float,1,1,L,numeric
STJRefGen,STJSrcGen,STJRefGen vs STJSrcGen,Deserialize,F2,Float,-1,1,L,numeric
STJRefGen,Newtonsoft,STJRefGen vs Newtonsoft,Deserialize,F2,Float,1,1,L,numeric
STJSrcGen,Newtonsoft,STJSrcGen vs Newtonsoft,Deserialize,F2,Float,1,1,L,numeric
SpanJson,Utf8Json,SpanJson vs Utf8Json,Deserialize,F3,Float,1,1,L,numeric
SpanJson,STJRefGen,SpanJson vs STJRefGen,Deserialize,F3,Float,1,1,L,numeric
SpanJson,STJSrcGen,SpanJson vs STJSrcGen,Deserialize,F3,Float,1,1,L,numeric
SpanJson,Newtonsoft,SpanJson vs Newtonsoft,Deserialize,F3,Float,1,1,L,numeric
Utf8Json,STJRefGen,Utf8Json vs STJRefGen,Deserialize,F3,Float,1,1,L,numeric
Utf8Json,STJSrcGen,Utf8Json vs STJSrcGen,Deserialize,F3,Float,1,1,L,numeric
Utf8Json,Newtonsoft,Utf8Json vs Newtonsoft,Deserialize,F3,Float,1,1,L,numeric
STJRefGen,STJSrcGen,STJRefGen vs STJSrcGen,Deserialize,F3,Float,0.6622222222222223,0.6622222222222223,L,numeric
STJRefGen,Newtonsoft,STJRefGen vs Newtonsoft,Deserialize,F3,Float,1,1,L,numeric
STJSrcGen,Newtonsoft,STJSrcGen vs Newtonsoft,Deserialize,F3,Float,1,1,L,numeric
SpanJson,Utf8Json,SpanJson vs Utf8Json,Deserialize,F5,Float,1,1,L,numeric
SpanJson,STJRefGen,SpanJson vs STJRefGen,Deserialize,F5,Float,1,1,L,numeric
SpanJson,STJSrcGen,SpanJson vs STJSrcGen,Deserialize,F5,Float,1,1,L,numeric
SpanJson,Newtonsoft,SpanJson vs Newtonsoft,Deserialize,F5,Float,1,1,L,numeric
Utf8Json,STJRefGen,Utf8Json vs STJRefGen,Deserialize,F5,Float,1,1,L,numeric
Utf8Json,STJSrcGen,Utf8Json vs STJSrcGen,Deserialize,F5,Float,1,1,L,numeric
Utf8Json,Newtonsoft,Utf8Json vs Newtonsoft,Deserialize,F5,Float,1,1,L,numeric
STJRefGen,STJSrcGen,STJRefGen vs STJSrcGen,Deserialize,F5,Float,-1,1,L,numeric
STJRefGen,Newtonsoft,STJRefGen vs Newtonsoft,Deserialize,F5,Float,1,1,L,numeric
STJSrcGen,Newtonsoft,STJSrcGen vs Newtonsoft,Deserialize,F5,Float,1,1,L,numeric
SpanJson,Utf8Json,SpanJson vs Utf8Json,Deserialize,F7,Float,1,1,L,numeric
SpanJson,STJRefGen,SpanJson vs STJRefGen,Deserialize,F7,Float,1,1,L,numeric
SpanJson,STJSrcGen,SpanJson vs STJSrcGen,Deserialize,F7,Float,1,1,L,numeric
SpanJson,Newtonsoft,SpanJson vs Newtonsoft,Deserialize,F7,Float,1,1,L,numeric
Utf8Json,STJRefGen,Utf8Json vs STJRefGen,Deserialize,F7,Float,1,1,L,numeric
Utf8Json,STJSrcGen,Utf8Json vs STJSrcGen,Deserialize,F7,Float,1,1,L,numeric
Utf8Json,Newtonsoft,Utf8Json vs Newtonsoft,Deserialize,F7,Float,1,1,L,numeric
STJRefGen,STJSrcGen,STJRefGen vs STJSrcGen,Deserialize,F7,Float,-1,1,L,numeric
STJRefGen,Newtonsoft,STJRefGen vs Newtonsoft,Deserialize,F7,Float,1,1,L,numeric
STJSrcGen,Newtonsoft,STJSrcGen vs Newtonsoft,Deserialize,F7,Float,1,1,L,numeric
SpanJson,Utf8Json,SpanJson vs Utf8Json,Deserialize,F10,Float,1,1,L,numeric
SpanJson,STJRefGen,SpanJson vs STJRefGen,Deserialize,F10,Float,1,1,L,numeric
SpanJson,STJSrcGen,SpanJson vs STJSrcGen,Deserialize,F10,Float,1,1,L,numeric
SpanJson,Newtonsoft,SpanJson vs Newtonsoft,Deserialize,F10,Float,1,1,L,numeric
Utf8Json,STJRefGen,Utf8Json vs STJRefGen,Deserialize,F10,Float,1,1,L,numeric
Utf8Json,STJSrcGen,Utf8Json vs STJSrcGen,Deserialize,F10,Float,1,1,L,numeric
Utf8Json,Newtonsoft,Utf8Json vs Newtonsoft,Deserialize,F10,Float,1,1,L,numeric
STJRefGen,STJSrcGen,STJRefGen vs STJSrcGen,Deserialize,F10,Float,-0.23555555555555555,0.23555555555555555,S,numeric
STJRefGen,Newtonsoft,STJRefGen vs Newtonsoft,Deserialize,F10,Float,1,1,L,numeric
STJSrcGen,Newtonsoft,STJSrcGen vs Newtonsoft,Deserialize,F10,Float,1,1,L,numeric
SpanJson,Utf8Json,SpanJson vs Utf8Json,Serialize,I2,Integer,1,1,L,numeric
SpanJson,STJRefGen,SpanJson vs STJRefGen,Serialize,I2,Integer,1,1,L,numeric
SpanJson,STJSrcGen,SpanJson vs STJSrcGen,Serialize,I2,Integer,1,1,L,numeric
SpanJson,Newtonsoft,SpanJson vs Newtonsoft,Serialize,I2,Integer,1,1,L,numeric
Utf8Json,STJRefGen,Utf8Json vs STJRefGen,Serialize,I2,Integer,1,1,L,numeric
Utf8Json,STJSrcGen,Utf8Json vs STJSrcGen,Serialize,I2,Integer,1,1,L,numeric
Utf8Json,Newtonsoft,Utf8Json vs Newtonsoft,Serialize,I2,Integer,1,1,L,numeric
STJRefGen,STJSrcGen,STJRefGen vs STJSrcGen,Serialize,I2,Integer,-1,1,L,numeric
STJRefGen,Newtonsoft,STJRefGen vs Newtonsoft,Serialize,I2,Integer,1,1,L,numeric
STJSrcGen,Newtonsoft,STJSrcGen vs Newtonsoft,Serialize,I2,Integer,1,1,L,numeric
SpanJson,Utf8Json,SpanJson vs Utf8Json,Serialize,I3,Integer,1,1,L,numeric
SpanJson,STJRefGen,SpanJson vs STJRefGen,Serialize,I3,Integer,1,1,L,numeric
SpanJson,STJSrcGen,SpanJson vs STJSrcGen,Serialize,I3,Integer,1,1,L,numeric
SpanJson,Newtonsoft,SpanJson vs Newtonsoft,Serialize,I3,Integer,1,1,L,numeric
Utf8Json,STJRefGen,Utf8Json vs STJRefGen,Serialize,I3,Integer,1,1,L,numeric
Utf8Json,STJSrcGen,Utf8Json vs STJSrcGen,Serialize,I3,Integer,-0.9288888888888889,0.9288888888888889,L,numeric
Utf8Json,Newtonsoft,Utf8Json vs Newtonsoft,Serialize,I3,Integer,1,1,L,numeric
STJRefGen,STJSrcGen,STJRefGen vs STJSrcGen,Serialize,I3,Integer,-1,1,L,numeric
STJRefGen,Newtonsoft,STJRefGen vs Newtonsoft,Serialize,I3,Integer,1,1,L,numeric
STJSrcGen,Newtonsoft,STJSrcGen vs Newtonsoft,Serialize,I3,Integer,1,1,L,numeric
SpanJson,Utf8Json,SpanJson vs Utf8Json,Serialize,I5,Integer,1,1,L,numeric
SpanJson,STJRefGen,SpanJson vs STJRefGen,Serialize,I5,Integer,1,1,L,numeric
SpanJson,STJSrcGen,SpanJson vs STJSrcGen,Serialize,I5,Integer,1,1,L,numeric
SpanJson,Newtonsoft,SpanJson vs Newtonsoft,Serialize,I5,Integer,1,1,L,numeric
Utf8Json,STJRefGen,Utf8Json vs STJRefGen,Serialize,I5,Integer,1,1,L,numeric
Utf8Json,STJSrcGen,Utf8Json vs STJSrcGen,Serialize,I5,Integer,-1,1,L,numeric
Utf8Json,Newtonsoft,Utf8Json vs Newtonsoft,Serialize,I5,Integer,1,1,L,numeric
STJRefGen,STJSrcGen,STJRefGen vs STJSrcGen,Serialize,I5,Integer,-1,1,L,numeric
STJRefGen,Newtonsoft,STJRefGen vs Newtonsoft,Serialize,I5,Integer,1,1,L,numeric
STJSrcGen,Newtonsoft,STJSrcGen vs Newtonsoft,Serialize,I5,Integer,1,1,L,numeric
SpanJson,Utf8Json,SpanJson vs Utf8Json,Serialize,I7,Integer,1,1,L,numeric
SpanJson,STJRefGen,SpanJson vs STJRefGen,Serialize,I7,Integer,1,1,L,numeric
SpanJson,STJSrcGen,SpanJson vs STJSrcGen,Serialize,I7,Integer,-1,1,L,numeric
SpanJson,Newtonsoft,SpanJson vs Newtonsoft,Serialize,I7,Integer,1,1,L,numeric
Utf8Json,STJRefGen,Utf8Json vs STJRefGen,Serialize,I7,Integer,1,1,L,numeric
Utf8Json,STJSrcGen,Utf8Json vs STJSrcGen,Serialize,I7,Integer,-1,1,L,numeric
Utf8Json,Newtonsoft,Utf8Json vs Newtonsoft,Serialize,I7,Integer,1,1,L,numeric
STJRefGen,STJSrcGen,STJRefGen vs STJSrcGen,Serialize,I7,Integer,-1,1,L,numeric
STJRefGen,Newtonsoft,STJRefGen vs Newtonsoft,Serialize,I7,Integer,1,1,L,numeric
STJSrcGen,Newtonsoft,STJSrcGen vs Newtonsoft,Serialize,I7,Integer,1,1,L,numeric
SpanJson,Utf8Json,SpanJson vs Utf8Json,Serialize,I10,Integer,1,1,L,numeric
SpanJson,STJRefGen,SpanJson vs STJRefGen,Serialize,I10,Integer,1,1,L,numeric
SpanJson,STJSrcGen,SpanJson vs STJSrcGen,Serialize,I10,Integer,-1,1,L,numeric
SpanJson,Newtonsoft,SpanJson vs Newtonsoft,Serialize,I10,Integer,1,1,L,numeric
Utf8Json,STJRefGen,Utf8Json vs STJRefGen,Serialize,I10,Integer,1,1,L,numeric
Utf8Json,STJSrcGen,Utf8Json vs STJSrcGen,Serialize,I10,Integer,-1,1,L,numeric
Utf8Json,Newtonsoft,Utf8Json vs Newtonsoft,Serialize,I10,Integer,1,1,L,numeric
STJRefGen,STJSrcGen,STJRefGen vs STJSrcGen,Serialize,I10,Integer,-1,1,L,numeric
STJRefGen,Newtonsoft,STJRefGen vs Newtonsoft,Serialize,I10,Integer,1,1,L,numeric
STJSrcGen,Newtonsoft,STJSrcGen vs Newtonsoft,Serialize,I10,Integer,1,1,L,numeric
SpanJson,Utf8Json,SpanJson vs Utf8Json,Serialize,F2,Float,-1,1,L,numeric
SpanJson,STJRefGen,SpanJson vs STJRefGen,Serialize,F2,Float,1,1,L,numeric
SpanJson,STJSrcGen,SpanJson vs STJSrcGen,Serialize,F2,Float,0.9022222222222223,0.9022222222222223,L,numeric
SpanJson,Newtonsoft,SpanJson vs Newtonsoft,Serialize,F2,Float,1,1,L,numeric
Utf8Json,STJRefGen,Utf8Json vs STJRefGen,Serialize,F2,Float,1,1,L,numeric
Utf8Json,STJSrcGen,Utf8Json vs STJSrcGen,Serialize,F2,Float,1,1,L,numeric
Utf8Json,Newtonsoft,Utf8Json vs Newtonsoft,Serialize,F2,Float,1,1,L,numeric
STJRefGen,STJSrcGen,STJRefGen vs STJSrcGen,Serialize,F2,Float,-1,1,L,numeric
STJRefGen,Newtonsoft,STJRefGen vs Newtonsoft,Serialize,F2,Float,1,1,L,numeric
STJSrcGen,Newtonsoft,STJSrcGen vs Newtonsoft,Serialize,F2,Float,1,1,L,numeric
SpanJson,Utf8Json,SpanJson vs Utf8Json,Serialize,F3,Float,-1,1,L,numeric
SpanJson,STJRefGen,SpanJson vs STJRefGen,Serialize,F3,Float,1,1,L,numeric
SpanJson,STJSrcGen,SpanJson vs STJSrcGen,Serialize,F3,Float,-0.37777777777777777,0.37777777777777777,M,numeric
SpanJson,Newtonsoft,SpanJson vs Newtonsoft,Serialize,F3,Float,1,1,L,numeric
Utf8Json,STJRefGen,Utf8Json vs STJRefGen,Serialize,F3,Float,1,1,L,numeric
Utf8Json,STJSrcGen,Utf8Json vs STJSrcGen,Serialize,F3,Float,1,1,L,numeric
Utf8Json,Newtonsoft,Utf8Json vs Newtonsoft,Serialize,F3,Float,1,1,L,numeric
STJRefGen,STJSrcGen,STJRefGen vs STJSrcGen,Serialize,F3,Float,-1,1,L,numeric
STJRefGen,Newtonsoft,STJRefGen vs Newtonsoft,Serialize,F3,Float,1,1,L,numeric
STJSrcGen,Newtonsoft,STJSrcGen vs Newtonsoft,Serialize,F3,Float,1,1,L,numeric
SpanJson,Utf8Json,SpanJson vs Utf8Json,Serialize,F5,Float,-1,1,L,numeric
SpanJson,STJRefGen,SpanJson vs STJRefGen,Serialize,F5,Float,1,1,L,numeric
SpanJson,STJSrcGen,SpanJson vs STJSrcGen,Serialize,F5,Float,0.5377777777777778,0.5377777777777778,L,numeric
SpanJson,Newtonsoft,SpanJson vs Newtonsoft,Serialize,F5,Float,1,1,L,numeric
Utf8Json,STJRefGen,Utf8Json vs STJRefGen,Serialize,F5,Float,1,1,L,numeric
Utf8Json,STJSrcGen,Utf8Json vs STJSrcGen,Serialize,F5,Float,1,1,L,numeric
Utf8Json,Newtonsoft,Utf8Json vs Newtonsoft,Serialize,F5,Float,1,1,L,numeric
STJRefGen,STJSrcGen,STJRefGen vs STJSrcGen,Serialize,F5,Float,-1,1,L,numeric
STJRefGen,Newtonsoft,STJRefGen vs Newtonsoft,Serialize,F5,Float,1,1,L,numeric
STJSrcGen,Newtonsoft,STJSrcGen vs Newtonsoft,Serialize,F5,Float,1,1,L,numeric
SpanJson,Utf8Json,SpanJson vs Utf8Json,Serialize,F7,Float,-1,1,L,numeric
SpanJson,STJRefGen,SpanJson vs STJRefGen,Serialize,F7,Float,1,1,L,numeric
SpanJson,STJSrcGen,SpanJson vs STJSrcGen,Serialize,F7,Float,-0.9911111111111112,0.9911111111111112,L,numeric
SpanJson,Newtonsoft,SpanJson vs Newtonsoft,Serialize,F7,Float,1,1,L,numeric
Utf8Json,STJRefGen,Utf8Json vs STJRefGen,Serialize,F7,Float,1,1,L,numeric
Utf8Json,STJSrcGen,Utf8Json vs STJSrcGen,Serialize,F7,Float,0.9555555555555556,0.9555555555555556,L,numeric
Utf8Json,Newtonsoft,Utf8Json vs Newtonsoft,Serialize,F7,Float,1,1,L,numeric
STJRefGen,STJSrcGen,STJRefGen vs STJSrcGen,Serialize,F7,Float,-1,1,L,numeric
STJRefGen,Newtonsoft,STJRefGen vs Newtonsoft,Serialize,F7,Float,1,1,L,numeric
STJSrcGen,Newtonsoft,STJSrcGen vs Newtonsoft,Serialize,F7,Float,1,1,L,numeric
SpanJson,Utf8Json,SpanJson vs Utf8Json,Serialize,F10,Float,-1,1,L,numeric
SpanJson,STJRefGen,SpanJson vs STJRefGen,Serialize,F10,Float,1,1,L,numeric
SpanJson,STJSrcGen,SpanJson vs STJSrcGen,Serialize,F10,Float,-1,1,L,numeric
SpanJson,Newtonsoft,SpanJson vs Newtonsoft,Serialize,F10,Float,1,1,L,numeric
Utf8Json,STJRefGen,Utf8Json vs STJRefGen,Serialize,F10,Float,1,1,L,numeric
Utf8Json,STJSrcGen,Utf8Json vs STJSrcGen,Serialize,F10,Float,-0.9822222222222222,0.9822222222222222,L,numeric
Utf8Json,Newtonsoft,Utf8Json vs Newtonsoft,Serialize,F10,Float,1,1,L,numeric
STJRefGen,STJSrcGen,STJRefGen vs STJSrcGen,Serialize,F10,Float,-1,1,L,numeric
STJRefGen,Newtonsoft,STJRefGen vs Newtonsoft,Serialize,F10,Float,1,1,L,numeric
STJSrcGen,Newtonsoft,STJSrcGen vs Newtonsoft,Serialize,F10,Float,1,1,L,numeric
SpanJson,Utf8Json,SpanJson vs Utf8Json,Deserialize,L5,All,1,1,L,string_length
SpanJson,STJRefGen,SpanJson vs STJRefGen,Deserialize,L5,All,1,1,L,string_length
SpanJson,STJSrcGen,SpanJson vs STJSrcGen,Deserialize,L5,All,1,1,L,string_length
SpanJson,Newtonsoft,SpanJson vs Newtonsoft,Deserialize,L5,All,1,1,L,string_length
Utf8Json,STJRefGen,Utf8Json vs STJRefGen,Deserialize,L5,All,1,1,L,string_length
Utf8Json,STJSrcGen,Utf8Json vs STJSrcGen,Deserialize,L5,All,1,1,L,string_length
Utf8Json,Newtonsoft,Utf8Json vs Newtonsoft,Deserialize,L5,All,1,1,L,string_length
STJRefGen,STJSrcGen,STJRefGen vs STJSrcGen,Deserialize,L5,All,-1,1,L,string_length
STJRefGen,Newtonsoft,STJRefGen vs Newtonsoft,Deserialize,L5,All,1,1,L,string_length
STJSrcGen,Newtonsoft,STJSrcGen vs Newtonsoft,Deserialize,L5,All,1,1,L,string_length
SpanJson,Utf8Json,SpanJson vs Utf8Json,Deserialize,L20,All,1,1,L,string_length
SpanJson,STJRefGen,SpanJson vs STJRefGen,Deserialize,L20,All,1,1,L,string_length
SpanJson,STJSrcGen,SpanJson vs STJSrcGen,Deserialize,L20,All,1,1,L,string_length
SpanJson,Newtonsoft,SpanJson vs Newtonsoft,Deserialize,L20,All,1,1,L,string_length
Utf8Json,STJRefGen,Utf8Json vs STJRefGen,Deserialize,L20,All,-1,1,L,string_length
Utf8Json,STJSrcGen,Utf8Json vs STJSrcGen,Deserialize,L20,All,-0.9393939393939394,0.9393939393939394,L,string_length
Utf8Json,Newtonsoft,Utf8Json vs Newtonsoft,Deserialize,L20,All,1,1,L,string_length
STJRefGen,STJSrcGen,STJRefGen vs STJSrcGen,Deserialize,L20,All,0.8808080808080808,0.8808080808080808,L,string_length
STJRefGen,Newtonsoft,STJRefGen vs Newtonsoft,Deserialize,L20,All,1,1,L,string_length
STJSrcGen,Newtonsoft,STJSrcGen vs Newtonsoft,Deserialize,L20,All,1,1,L,string_length
SpanJson,Utf8Json,SpanJson vs Utf8Json,Deserialize,L50,All,1,1,L,string_length
SpanJson,STJRefGen,SpanJson vs STJRefGen,Deserialize,L50,All,-0.6088888888888889,0.6088888888888889,L,string_length
SpanJson,STJSrcGen,SpanJson vs STJSrcGen,Deserialize,L50,All,-0.7866666666666666,0.7866666666666666,L,string_length
SpanJson,Newtonsoft,SpanJson vs Newtonsoft,Deserialize,L50,All,1,1,L,string_length
Utf8Json,STJRefGen,Utf8Json vs STJRefGen,Deserialize,L50,All,-1,1,L,string_length
Utf8Json,STJSrcGen,Utf8Json vs STJSrcGen,Deserialize,L50,All,-1,1,L,string_length
Utf8Json,Newtonsoft,Utf8Json vs Newtonsoft,Deserialize,L50,All,1,1,L,string_length
STJRefGen,STJSrcGen,STJRefGen vs STJSrcGen,Deserialize,L50,All,-0.5555555555555556,0.5555555555555556,L,string_length
STJRefGen,Newtonsoft,STJRefGen vs Newtonsoft,Deserialize,L50,All,1,1,L,string_length
STJSrcGen,Newtonsoft,STJSrcGen vs Newtonsoft,Deserialize,L50,All,1,1,L,string_length
SpanJson,Utf8Json,SpanJson vs Utf8Json,Deserialize,L200,All,1,1,L,string_length
SpanJson,STJRefGen,SpanJson vs STJRefGen,Deserialize,L200,All,-1,1,L,string_length
SpanJson,STJSrcGen,SpanJson vs STJSrcGen,Deserialize,L200,All,-1,1,L,string_length
SpanJson,Newtonsoft,SpanJson vs Newtonsoft,Deserialize,L200,All,1,1,L,string_length
Utf8Json,STJRefGen,Utf8Json vs STJRefGen,Deserialize,L200,All,-1,1,L,string_length
Utf8Json,STJSrcGen,Utf8Json vs STJSrcGen,Deserialize,L200,All,-1,1,L,string_length
Utf8Json,Newtonsoft,Utf8Json vs Newtonsoft,Deserialize,L200,All,1,1,L,string_length
STJRefGen,STJSrcGen,STJRefGen vs STJSrcGen,Deserialize,L200,All,-0.5911111111111111,0.5911111111111111,L,string_length
STJRefGen,Newtonsoft,STJRefGen vs Newtonsoft,Deserialize,L200,All,1,1,L,string_length
STJSrcGen,Newtonsoft,STJSrcGen vs Newtonsoft,Deserialize,L200,All,1,1,L,string_length
SpanJson,Utf8Json,SpanJson vs Utf8Json,Deserialize,L500,All,1,1,L,string_length
SpanJson,STJRefGen,SpanJson vs STJRefGen,Deserialize,L500,All,-1,1,L,string_length
SpanJson,STJSrcGen,SpanJson vs STJSrcGen,Deserialize,L500,All,-1,1,L,string_length
SpanJson,Newtonsoft,SpanJson vs Newtonsoft,Deserialize,L500,All,1,1,L,string_length
Utf8Json,STJRefGen,Utf8Json vs STJRefGen,Deserialize,L500,All,-1,1,L,string_length
Utf8Json,STJSrcGen,Utf8Json vs STJSrcGen,Deserialize,L500,All,-1,1,L,string_length
Utf8Json,Newtonsoft,Utf8Json vs Newtonsoft,Deserialize,L500,All,1,1,L,string_length
STJRefGen,STJSrcGen,STJRefGen vs STJSrcGen,Deserialize,L500,All,-0.04,0.04,N,string_length
STJRefGen,Newtonsoft,STJRefGen vs Newtonsoft,Deserialize,L500,All,1,1,L,string_length
STJSrcGen,Newtonsoft,STJSrcGen vs Newtonsoft,Deserialize,L500,All,1,1,L,string_length
SpanJson,Utf8Json,SpanJson vs Utf8Json,Deserialize,L2000,All,1,1,L,string_length
SpanJson,STJRefGen,SpanJson vs STJRefGen,Deserialize,L2000,All,-1,1,L,string_length
SpanJson,STJSrcGen,SpanJson vs STJSrcGen,Deserialize,L2000,All,-1,1,L,string_length
SpanJson,Newtonsoft,SpanJson vs Newtonsoft,Deserialize,L2000,All,1,1,L,string_length
Utf8Json,STJRefGen,Utf8Json vs STJRefGen,Deserialize,L2000,All,-1,1,L,string_length
Utf8Json,STJSrcGen,Utf8Json vs STJSrcGen,Deserialize,L2000,All,-1,1,L,string_length
Utf8Json,Newtonsoft,Utf8Json vs Newtonsoft,Deserialize,L2000,All,1,1,L,string_length
STJRefGen,STJSrcGen,STJRefGen vs STJSrcGen,Deserialize,L2000,All,0.4303030303030303,0.4303030303030303,M,string_length
STJRefGen,Newtonsoft,STJRefGen vs Newtonsoft,Deserialize,L2000,All,1,1,L,string_length
STJSrcGen,Newtonsoft,STJSrcGen vs Newtonsoft,Deserialize,L2000,All,1,1,L,string_length
SpanJson,Utf8Json,SpanJson vs Utf8Json,Deserialize,L10000,All,1,1,L,string_length
SpanJson,STJRefGen,SpanJson vs STJRefGen,Deserialize,L10000,All,-1,1,L,string_length
SpanJson,STJSrcGen,SpanJson vs STJSrcGen,Deserialize,L10000,All,-1,1,L,string_length
SpanJson,Newtonsoft,SpanJson vs Newtonsoft,Deserialize,L10000,All,1,1,L,string_length
Utf8Json,STJRefGen,Utf8Json vs STJRefGen,Deserialize,L10000,All,-1,1,L,string_length
Utf8Json,STJSrcGen,Utf8Json vs STJSrcGen,Deserialize,L10000,All,-1,1,L,string_length
Utf8Json,Newtonsoft,Utf8Json vs Newtonsoft,Deserialize,L10000,All,1,1,L,string_length
STJRefGen,STJSrcGen,STJRefGen vs STJSrcGen,Deserialize,L10000,All,-0.4444444444444444,0.4444444444444444,M,string_length
STJRefGen,Newtonsoft,STJRefGen vs Newtonsoft,Deserialize,L10000,All,1,1,L,string_length
STJSrcGen,Newtonsoft,STJSrcGen vs Newtonsoft,Deserialize,L10000,All,1,1,L,string_length
SpanJson,Utf8Json,SpanJson vs Utf8Json,Serialize,L5,All,1,1,L,string_length
SpanJson,STJRefGen,SpanJson vs STJRefGen,Serialize,L5,All,1,1,L,string_length
SpanJson,STJSrcGen,SpanJson vs STJSrcGen,Serialize,L5,All,1,1,L,string_length
SpanJson,Newtonsoft,SpanJson vs Newtonsoft,Serialize,L5,All,1,1,L,string_length
Utf8Json,STJRefGen,Utf8Json vs STJRefGen,Serialize,L5,All,1,1,L,string_length
Utf8Json,STJSrcGen,Utf8Json vs STJSrcGen,Serialize,L5,All,1,1,L,string_length
Utf8Json,Newtonsoft,Utf8Json vs Newtonsoft,Serialize,L5,All,1,1,L,string_length
STJRefGen,STJSrcGen,STJRefGen vs STJSrcGen,Serialize,L5,All,-1,1,L,string_length
STJRefGen,Newtonsoft,STJRefGen vs Newtonsoft,Serialize,L5,All,1,1,L,string_length
STJSrcGen,Newtonsoft,STJSrcGen vs Newtonsoft,Serialize,L5,All,1,1,L,string_length
SpanJson,Utf8Json,SpanJson vs Utf8Json,Serialize,L20,All,-0.8755555555555555,0.8755555555555555,L,string_length
SpanJson,STJRefGen,SpanJson vs STJRefGen,Serialize,L20,All,-1,1,L,string_length
SpanJson,STJSrcGen,SpanJson vs STJSrcGen,Serialize,L20,All,-1,1,L,string_length
SpanJson,Newtonsoft,SpanJson vs Newtonsoft,Serialize,L20,All,1,1,L,string_length
Utf8Json,STJRefGen,Utf8Json vs STJRefGen,Serialize,L20,All,-1,1,L,string_length
Utf8Json,STJSrcGen,Utf8Json vs STJSrcGen,Serialize,L20,All,-1,1,L,string_length
Utf8Json,Newtonsoft,Utf8Json vs Newtonsoft,Serialize,L20,All,1,1,L,string_length
STJRefGen,STJSrcGen,STJRefGen vs STJSrcGen,Serialize,L20,All,-1,1,L,string_length
STJRefGen,Newtonsoft,STJRefGen vs Newtonsoft,Serialize,L20,All,1,1,L,string_length
STJSrcGen,Newtonsoft,STJSrcGen vs Newtonsoft,Serialize,L20,All,1,1,L,string_length
SpanJson,Utf8Json,SpanJson vs Utf8Json,Serialize,L50,All,-0.7244444444444444,0.7244444444444444,L,string_length
SpanJson,STJRefGen,SpanJson vs STJRefGen,Serialize,L50,All,-1,1,L,string_length
SpanJson,STJSrcGen,SpanJson vs STJSrcGen,Serialize,L50,All,-1,1,L,string_length
SpanJson,Newtonsoft,SpanJson vs Newtonsoft,Serialize,L50,All,-1,1,L,string_length
Utf8Json,STJRefGen,Utf8Json vs STJRefGen,Serialize,L50,All,-1,1,L,string_length
Utf8Json,STJSrcGen,Utf8Json vs STJSrcGen,Serialize,L50,All,-1,1,L,string_length
Utf8Json,Newtonsoft,Utf8Json vs Newtonsoft,Serialize,L50,All,-1,1,L,string_length
STJRefGen,STJSrcGen,STJRefGen vs STJSrcGen,Serialize,L50,All,-1,1,L,string_length
STJRefGen,Newtonsoft,STJRefGen vs Newtonsoft,Serialize,L50,All,1,1,L,string_length
STJSrcGen,Newtonsoft,STJSrcGen vs Newtonsoft,Serialize,L50,All,1,1,L,string_length
SpanJson,Utf8Json,SpanJson vs Utf8Json,Serialize,L200,All,-1,1,L,string_length
SpanJson,STJRefGen,SpanJson vs STJRefGen,Serialize,L200,All,-1,1,L,string_length
SpanJson,STJSrcGen,SpanJson vs STJSrcGen,Serialize,L200,All,-1,1,L,string_length
SpanJson,Newtonsoft,SpanJson vs Newtonsoft,Serialize,L200,All,-1,1,L,string_length
Utf8Json,STJRefGen,Utf8Json vs STJRefGen,Serialize,L200,All,-1,1,L,string_length
Utf8Json,STJSrcGen,Utf8Json vs STJSrcGen,Serialize,L200,All,-1,1,L,string_length
Utf8Json,Newtonsoft,Utf8Json vs Newtonsoft,Serialize,L200,All,-1,1,L,string_length
STJRefGen,STJSrcGen,STJRefGen vs STJSrcGen,Serialize,L200,All,-1,1,L,string_length
STJRefGen,Newtonsoft,STJRefGen vs Newtonsoft,Serialize,L200,All,1,1,L,string_length
STJSrcGen,Newtonsoft,STJSrcGen vs Newtonsoft,Serialize,L200,All,1,1,L,string_length
SpanJson,Utf8Json,SpanJson vs Utf8Json,Serialize,L500,All,-1,1,L,string_length
SpanJson,STJRefGen,SpanJson vs STJRefGen,Serialize,L500,All,-1,1,L,string_length
SpanJson,STJSrcGen,SpanJson vs STJSrcGen,Serialize,L500,All,-1,1,L,string_length
SpanJson,Newtonsoft,SpanJson vs Newtonsoft,Serialize,L500,All,-1,1,L,string_length
Utf8Json,STJRefGen,Utf8Json vs STJRefGen,Serialize,L500,All,-1,1,L,string_length
Utf8Json,STJSrcGen,Utf8Json vs STJSrcGen,Serialize,L500,All,-1,1,L,string_length
Utf8Json,Newtonsoft,Utf8Json vs Newtonsoft,Serialize,L500,All,-1,1,L,string_length
STJRefGen,STJSrcGen,STJRefGen vs STJSrcGen,Serialize,L500,All,-1,1,L,string_length
STJRefGen,Newtonsoft,STJRefGen vs Newtonsoft,Serialize,L500,All,1,1,L,string_length
STJSrcGen,Newtonsoft,STJSrcGen vs Newtonsoft,Serialize,L500,All,1,1,L,string_length
SpanJson,Utf8Json,SpanJson vs Utf8Json,Serialize,L2000,All,1,1,L,string_length
SpanJson,STJRefGen,SpanJson vs STJRefGen,Serialize,L2000,All,-1,1,L,string_length
SpanJson,STJSrcGen,SpanJson vs STJSrcGen,Serialize,L2000,All,-1,1,L,string_length
SpanJson,Newtonsoft,SpanJson vs Newtonsoft,Serialize,L2000,All,-1,1,L,string_length
Utf8Json,STJRefGen,Utf8Json vs STJRefGen,Serialize,L2000,All,-1,1,L,string_length
Utf8Json,STJSrcGen,Utf8Json vs STJSrcGen,Serialize,L2000,All,-1,1,L,string_length
Utf8Json,Newtonsoft,Utf8Json vs Newtonsoft,Serialize,L2000,All,-1,1,L,string_length
STJRefGen,STJSrcGen,STJRefGen vs STJSrcGen,Serialize,L2000,All,-0.9566395663956639,0.9566395663956639,L,string_length
STJRefGen,Newtonsoft,STJRefGen vs Newtonsoft,Serialize,L2000,All,1,1,L,string_length
STJSrcGen,Newtonsoft,STJSrcGen vs Newtonsoft,Serialize,L2000,All,1,1,L,string_length
SpanJson,Utf8Json,SpanJson vs Utf8Json,Serialize,L10000,All,1,1,L,string_length
SpanJson,STJRefGen,SpanJson vs STJRefGen,Serialize,L10000,All,-1,1,L,string_length
SpanJson,STJSrcGen,SpanJson vs STJSrcGen,Serialize,L10000,All,-1,1,L,string_length
SpanJson,Newtonsoft,SpanJson vs Newtonsoft,Serialize,L10000,All,-1,1,L,string_length
Utf8Json,STJRefGen,Utf8Json vs STJRefGen,Serialize,L10000,All,-1,1,L,string_length
Utf8Json,STJSrcGen,Utf8Json vs STJSrcGen,Serialize,L10000,All,-1,1,L,string_length
Utf8Json,Newtonsoft,Utf8Json vs Newtonsoft,Serialize,L10000,All,-1,1,L,string_length
STJRefGen,STJSrcGen,STJRefGen vs STJSrcGen,Serialize,L10000,All,-0.5823451910408433,0.5823451910408433,L,string_length
STJRefGen,Newtonsoft,STJRefGen vs Newtonsoft,Serialize,L10000,All,1,1,L,string_length
STJSrcGen,Newtonsoft,STJSrcGen vs Newtonsoft,Serialize,L10000,All,1,1,L,string_length
