LibA,LibB,comparison,Operation,Depth,Width,Content,delta,delta_abs,magnitude,ci_lower,ci_upper
SpanJson,Utf8Json,SpanJson vs Utf8Json,Deserialize,2,5,Textual,-1,1,large,-1,-0.9904211003489777
SpanJson,STJRefGen,SpanJson vs STJRefGen,Deserialize,2,5,Textual,-1,1,large,-1,-0.9904211003489777
SpanJson,STJSrcGen,SpanJson vs STJSrcGen,Deserialize,2,5,Textual,-1,1,large,-1,-0.9904211003489777
SpanJson,Newtonsoft,SpanJson vs Newtonsoft,Deserialize,2,5,Textual,-1,1,large,-1,-0.9904211003489777
Utf8Json,STJRefGen,Utf8Json vs STJRefGen,Deserialize,2,5,Textual,-1,1,large,-1,-0.9904211003489777
Utf8Json,STJSrcGen,Utf8Json vs STJSrcGen,Deserialize,2,5,Textual,-1,1,large,-1,-0.9904211003489777
Utf8Json,Newtonsoft,Utf8Json vs Newtonsoft,Deserialize,2,5,Textual,-1,1,large,-1,-0.9904211003489777
STJRefGen,STJSrcGen,STJRefGen vs STJSrcGen,Deserialize,2,5,Textual,1,1,large,0.9904211003489777,1
STJRefGen,Newtonsoft,STJRefGen vs Newtonsoft,Deserialize,2,5,Textual,-1,1,large,-1,-0.9904211003489777
STJSrcGen,Newtonsoft,STJSrcGen vs Newtonsoft,Deserialize,2,5,Textual,-1,1,large,-1,-0.9904211003489777
SpanJson,Utf8Json,SpanJson vs Utf8Json,Deserialize,2,5,Numeric,-1,1,large,-1,-0.9904211003489777
SpanJson,STJRefGen,SpanJson vs STJRefGen,Deserialize,2,5,Numeric,-1,1,large,-1,-0.9904211003489777
SpanJson,STJSrcGen,SpanJson vs STJSrcGen,Deserialize,2,5,Numeric,-1,1,large,-1,-0.9904211003489777
SpanJson,Newtonsoft,SpanJson vs Newtonsoft,Deserialize,2,5,Numeric,-1,1,large,-1,-0.9904211003489777
Utf8Json,STJRefGen,Utf8Json vs STJRefGen,Deserialize,2,5,Numeric,-1,1,large,-1,-0.9904211003489777
Utf8Json,STJSrcGen,Utf8Json vs STJSrcGen,Deserialize,2,5,Numeric,-1,1,large,-1,-0.9904211003489777
Utf8Json,Newtonsoft,Utf8Json vs Newtonsoft,Deserialize,2,5,Numeric,-1,1,large,-1,-0.9904211003489777
STJRefGen,STJSrcGen,STJRefGen vs STJSrcGen,Deserialize,2,5,Numeric,1,1,large,0.9904211003489777,1
STJRefGen,Newtonsoft,STJRefGen vs Newtonsoft,Deserialize,2,5,Numeric,-1,1,large,-1,-0.9904211003489777
STJSrcGen,Newtonsoft,STJSrcGen vs Newtonsoft,Deserialize,2,5,Numeric,-1,1,large,-1,-0.9904211003489777
SpanJson,Utf8Json,SpanJson vs Utf8Json,Deserialize,2,5,Boolean,-1,1,large,-1,-0.9904211003489777
SpanJson,STJRefGen,SpanJson vs STJRefGen,Deserialize,2,5,Boolean,-1,1,large,-1,-0.9904211003489777
SpanJson,STJSrcGen,SpanJson vs STJSrcGen,Deserialize,2,5,Boolean,-1,1,large,-1,-0.9904211003489777
SpanJson,Newtonsoft,SpanJson vs Newtonsoft,Deserialize,2,5,Boolean,-1,1,large,-1,-0.9904211003489777
Utf8Json,STJRefGen,Utf8Json vs STJRefGen,Deserialize,2,5,Boolean,-1,1,large,-1,-0.9904211003489777
Utf8Json,STJSrcGen,Utf8Json vs STJSrcGen,Deserialize,2,5,Boolean,-1,1,large,-1,-0.9904211003489777
Utf8Json,Newtonsoft,Utf8Json vs Newtonsoft,Deserialize,2,5,Boolean,-1,1,large,-1,-0.9904211003489777
STJRefGen,STJSrcGen,STJRefGen vs STJSrcGen,Deserialize,2,5,Boolean,1,1,large,0.9904211003489777,1
STJRefGen,Newtonsoft,STJRefGen vs Newtonsoft,Deserialize,2,5,Boolean,-1,1,large,-1,-0.9904211003489777
STJSrcGen,Newtonsoft,STJSrcGen vs Newtonsoft,Deserialize,2,5,Boolean,-1,1,large,-1,-0.9904211003489777
SpanJson,Utf8Json,SpanJson vs Utf8Json,Deserialize,2,20,Textual,-1,1,large,-1,-0.9904211003489777
SpanJson,STJRefGen,SpanJson vs STJRefGen,Deserialize,2,20,Textual,-1,1,large,-1,-0.9904211003489777
SpanJson,STJSrcGen,SpanJson vs STJSrcGen,Deserialize,2,20,Textual,-1,1,large,-1,-0.9904211003489777
SpanJson,Newtonsoft,SpanJson vs Newtonsoft,Deserialize,2,20,Textual,-1,1,large,-1,-0.9904211003489777
Utf8Json,STJRefGen,Utf8Json vs STJRefGen,Deserialize,2,20,Textual,-1,1,large,-1,-0.9904211003489777
Utf8Json,STJSrcGen,Utf8Json vs STJSrcGen,Deserialize,2,20,Textual,-1,1,large,-1,-0.9904211003489777
Utf8Json,Newtonsoft,Utf8Json vs Newtonsoft,Deserialize,2,20,Textual,-1,1,large,-1,-0.9904211003489777
STJRefGen,STJSrcGen,STJRefGen vs STJSrcGen,Deserialize,2,20,Textual,1,1,large,0.9904211003489777,1
STJRefGen,Newtonsoft,STJRefGen vs Newtonsoft,Deserialize,2,20,Textual,-1,1,large,-1,-0.9904211003489777
STJSrcGen,Newtonsoft,STJSrcGen vs Newtonsoft,Deserialize,2,20,Textual,-1,1,large,-1,-0.9904211003489777
SpanJson,Utf8Json,SpanJson vs Utf8Json,Deserialize,2,20,Numeric,-1,1,large,-1,-0.9904211003489777
SpanJson,STJRefGen,SpanJson vs STJRefGen,Deserialize,2,20,Numeric,-1,1,large,-1,-0.9904211003489777
SpanJson,STJSrcGen,SpanJson vs STJSrcGen,Deserialize,2,20,Numeric,-1,1,large,-1,-0.9904211003489777
SpanJson,Newtonsoft,SpanJson vs Newtonsoft,Deserialize,2,20,Numeric,-1,1,large,-1,-0.9904211003489777
Utf8Json,STJRefGen,Utf8Json vs STJRefGen,Deserialize,2,20,Numeric,-1,1,large,-1,-0.9904211003489777
Utf8Json,STJSrcGen,Utf8Json vs STJSrcGen,Deserialize,2,20,Numeric,-1,1,large,-1,-0.9904211003489777
Utf8Json,Newtonsoft,Utf8Json vs Newtonsoft,Deserialize,2,20,Numeric,-1,1,large,-1,-0.9904211003489777
STJRefGen,STJSrcGen,STJRefGen vs STJSrcGen,Deserialize,2,20,Numeric,1,1,large,0.9904211003489777,1
STJRefGen,Newtonsoft,STJRefGen vs Newtonsoft,Deserialize,2,20,Numeric,-1,1,large,-1,-0.9904211003489777
STJSrcGen,Newtonsoft,STJSrcGen vs Newtonsoft,Deserialize,2,20,Numeric,-1,1,large,-1,-0.9904211003489777
SpanJson,Utf8Json,SpanJson vs Utf8Json,Deserialize,2,20,Boolean,-1,1,large,-1,-0.9904211003489777
SpanJson,STJRefGen,SpanJson vs STJRefGen,Deserialize,2,20,Boolean,-1,1,large,-1,-0.9904211003489777
SpanJson,STJSrcGen,SpanJson vs STJSrcGen,Deserialize,2,20,Boolean,-1,1,large,-1,-0.9904211003489777
SpanJson,Newtonsoft,SpanJson vs Newtonsoft,Deserialize,2,20,Boolean,-1,1,large,-1,-0.9904211003489777
Utf8Json,STJRefGen,Utf8Json vs STJRefGen,Deserialize,2,20,Boolean,-1,1,large,-1,-0.9904211003489777
Utf8Json,STJSrcGen,Utf8Json vs STJSrcGen,Deserialize,2,20,Boolean,-1,1,large,-1,-0.9904211003489777
Utf8Json,Newtonsoft,Utf8Json vs Newtonsoft,Deserialize,2,20,Boolean,-1,1,large,-1,-0.9904211003489777
STJRefGen,STJSrcGen,STJRefGen vs STJSrcGen,Deserialize,2,20,Boolean,-0.8311111111111111,0.8311111111111111,large,-0.9710999078701045,-0.2656578157767825
STJRefGen,Newtonsoft,STJRefGen vs Newtonsoft,Deserialize,2,20,Boolean,-1,1,large,-1,-0.9904211003489777
STJSrcGen,Newtonsoft,STJSrcGen vs Newtonsoft,Deserialize,2,20,Boolean,-1,1,large,-1,-0.9904211003489777
SpanJson,Utf8Json,SpanJson vs Utf8Json,Deserialize,2,50,Textual,-1,1,large,-1,-0.9904211003489777
SpanJson,STJRefGen,SpanJson vs STJRefGen,Deserialize,2,50,Textual,-1,1,large,-1,-0.9904211003489777
SpanJson,STJSrcGen,SpanJson vs STJSrcGen,Deserialize,2,50,Textual,-1,1,large,-1,-0.9904211003489777
SpanJson,Newtonsoft,SpanJson vs Newtonsoft,Deserialize,2,50,Textual,-1,1,large,-1,-0.9904211003489777
Utf8Json,STJRefGen,Utf8Json vs STJRefGen,Deserialize,2,50,Textual,-1,1,large,-1,-0.9904211003489777
Utf8Json,STJSrcGen,Utf8Json vs STJSrcGen,Deserialize,2,50,Textual,-1,1,large,-1,-0.9904211003489777
Utf8Json,Newtonsoft,Utf8Json vs Newtonsoft,Deserialize,2,50,Textual,-1,1,large,-1,-0.9904211003489777
STJRefGen,STJSrcGen,STJRefGen vs STJSrcGen,Deserialize,2,50,Textual,0.8755555555555555,0.8755555555555555,large,0.3896076557160267,0.9801539881776856
STJRefGen,Newtonsoft,STJRefGen vs Newtonsoft,Deserialize,2,50,Textual,-1,1,large,-1,-0.9904211003489777
STJSrcGen,Newtonsoft,STJSrcGen vs Newtonsoft,Deserialize,2,50,Textual,-1,1,large,-1,-0.9904211003489777
SpanJson,Utf8Json,SpanJson vs Utf8Json,Deserialize,2,50,Numeric,-1,1,large,-1,-0.9904211003489777
SpanJson,STJRefGen,SpanJson vs STJRefGen,Deserialize,2,50,Numeric,-1,1,large,-1,-0.9904211003489777
SpanJson,STJSrcGen,SpanJson vs STJSrcGen,Deserialize,2,50,Numeric,-1,1,large,-1,-0.9904211003489777
SpanJson,Newtonsoft,SpanJson vs Newtonsoft,Deserialize,2,50,Numeric,-1,1,large,-1,-0.9904211003489777
Utf8Json,STJRefGen,Utf8Json vs STJRefGen,Deserialize,2,50,Numeric,-1,1,large,-1,-0.9904211003489777
Utf8Json,STJSrcGen,Utf8Json vs STJSrcGen,Deserialize,2,50,Numeric,-1,1,large,-1,-0.9904211003489777
Utf8Json,Newtonsoft,Utf8Json vs Newtonsoft,Deserialize,2,50,Numeric,-1,1,large,-1,-0.9904211003489777
STJRefGen,STJSrcGen,STJRefGen vs STJSrcGen,Deserialize,2,50,Numeric,1,1,large,0.9904211003489777,1
STJRefGen,Newtonsoft,STJRefGen vs Newtonsoft,Deserialize,2,50,Numeric,-1,1,large,-1,-0.9904211003489777
STJSrcGen,Newtonsoft,STJSrcGen vs Newtonsoft,Deserialize,2,50,Numeric,-1,1,large,-1,-0.9904211003489777
SpanJson,Utf8Json,SpanJson vs Utf8Json,Deserialize,2,50,Boolean,-1,1,large,-1,-0.9904211003489777
SpanJson,STJRefGen,SpanJson vs STJRefGen,Deserialize,2,50,Boolean,-1,1,large,-1,-0.9904211003489777
SpanJson,STJSrcGen,SpanJson vs STJSrcGen,Deserialize,2,50,Boolean,-1,1,large,-1,-0.9904211003489777
SpanJson,Newtonsoft,SpanJson vs Newtonsoft,Deserialize,2,50,Boolean,-1,1,large,-1,-0.9904211003489777
Utf8Json,STJRefGen,Utf8Json vs STJRefGen,Deserialize,2,50,Boolean,-1,1,large,-1,-0.9904211003489777
Utf8Json,STJSrcGen,Utf8Json vs STJSrcGen,Deserialize,2,50,Boolean,-1,1,large,-1,-0.9904211003489777
Utf8Json,Newtonsoft,Utf8Json vs Newtonsoft,Deserialize,2,50,Boolean,-1,1,large,-1,-0.9904211003489777
STJRefGen,STJSrcGen,STJRefGen vs STJSrcGen,Deserialize,2,50,Boolean,1,1,large,0.9904211003489777,1
STJRefGen,Newtonsoft,STJRefGen vs Newtonsoft,Deserialize,2,50,Boolean,-1,1,large,-1,-0.9904211003489777
STJSrcGen,Newtonsoft,STJSrcGen vs Newtonsoft,Deserialize,2,50,Boolean,-1,1,large,-1,-0.9904211003489777
SpanJson,Utf8Json,SpanJson vs Utf8Json,Deserialize,2,100,Textual,1,1,large,0.9904211003489777,1
SpanJson,STJRefGen,SpanJson vs STJRefGen,Deserialize,2,100,Textual,-1,1,large,-1,-0.9904211003489777
SpanJson,STJSrcGen,SpanJson vs STJSrcGen,Deserialize,2,100,Textual,-1,1,large,-1,-0.9904211003489777
SpanJson,Newtonsoft,SpanJson vs Newtonsoft,Deserialize,2,100,Textual,-1,1,large,-1,-0.9904211003489777
Utf8Json,STJRefGen,Utf8Json vs STJRefGen,Deserialize,2,100,Textual,-1,1,large,-1,-0.9904211003489777
Utf8Json,STJSrcGen,Utf8Json vs STJSrcGen,Deserialize,2,100,Textual,-1,1,large,-1,-0.9904211003489777
Utf8Json,Newtonsoft,Utf8Json vs Newtonsoft,Deserialize,2,100,Textual,-1,1,large,-1,-0.9904211003489777
STJRefGen,STJSrcGen,STJRefGen vs STJSrcGen,Deserialize,2,100,Textual,1,1,large,0.9904211003489777,1
STJRefGen,Newtonsoft,STJRefGen vs Newtonsoft,Deserialize,2,100,Textual,-1,1,large,-1,-0.9904211003489777
STJSrcGen,Newtonsoft,STJSrcGen vs Newtonsoft,Deserialize,2,100,Textual,-1,1,large,-1,-0.9904211003489777
SpanJson,Utf8Json,SpanJson vs Utf8Json,Deserialize,2,100,Numeric,1,1,large,0.9904211003489777,1
SpanJson,STJRefGen,SpanJson vs STJRefGen,Deserialize,2,100,Numeric,-1,1,large,-1,-0.9904211003489777
SpanJson,STJSrcGen,SpanJson vs STJSrcGen,Deserialize,2,100,Numeric,-1,1,large,-1,-0.9904211003489777
SpanJson,Newtonsoft,SpanJson vs Newtonsoft,Deserialize,2,100,Numeric,-1,1,large,-1,-0.9904211003489777
Utf8Json,STJRefGen,Utf8Json vs STJRefGen,Deserialize,2,100,Numeric,-1,1,large,-1,-0.9904211003489777
Utf8Json,STJSrcGen,Utf8Json vs STJSrcGen,Deserialize,2,100,Numeric,-1,1,large,-1,-0.9904211003489777
Utf8Json,Newtonsoft,Utf8Json vs Newtonsoft,Deserialize,2,100,Numeric,-1,1,large,-1,-0.9904211003489777
STJRefGen,STJSrcGen,STJRefGen vs STJSrcGen,Deserialize,2,100,Numeric,-1,1,large,-1,-0.9904211003489777
STJRefGen,Newtonsoft,STJRefGen vs Newtonsoft,Deserialize,2,100,Numeric,-1,1,large,-1,-0.9904211003489777
STJSrcGen,Newtonsoft,STJSrcGen vs Newtonsoft,Deserialize,2,100,Numeric,-1,1,large,-1,-0.9904211003489777
SpanJson,Utf8Json,SpanJson vs Utf8Json,Deserialize,2,100,Boolean,1,1,large,0.9904211003489777,1
SpanJson,STJRefGen,SpanJson vs STJRefGen,Deserialize,2,100,Boolean,-1,1,large,-1,-0.9904211003489777
SpanJson,STJSrcGen,SpanJson vs STJSrcGen,Deserialize,2,100,Boolean,-1,1,large,-1,-0.9904211003489777
SpanJson,Newtonsoft,SpanJson vs Newtonsoft,Deserialize,2,100,Boolean,-1,1,large,-1,-0.9904211003489777
Utf8Json,STJRefGen,Utf8Json vs STJRefGen,Deserialize,2,100,Boolean,-1,1,large,-1,-0.9904211003489777
Utf8Json,STJSrcGen,Utf8Json vs STJSrcGen,Deserialize,2,100,Boolean,-1,1,large,-1,-0.9904211003489777
Utf8Json,Newtonsoft,Utf8Json vs Newtonsoft,Deserialize,2,100,Boolean,-1,1,large,-1,-0.9904211003489777
STJRefGen,STJSrcGen,STJRefGen vs STJSrcGen,Deserialize,2,100,Boolean,-1,1,large,-1,-0.9904211003489777
STJRefGen,Newtonsoft,STJRefGen vs Newtonsoft,Deserialize,2,100,Boolean,-1,1,large,-1,-0.9904211003489777
STJSrcGen,Newtonsoft,STJSrcGen vs Newtonsoft,Deserialize,2,100,Boolean,1,1,large,0.9904211003489777,1
SpanJson,Utf8Json,SpanJson vs Utf8Json,Deserialize,5,5,Textual,-1,1,large,-1,-0.9904211003489777
SpanJson,STJRefGen,SpanJson vs STJRefGen,Deserialize,5,5,Textual,-1,1,large,-1,-0.9904211003489777
SpanJson,STJSrcGen,SpanJson vs STJSrcGen,Deserialize,5,5,Textual,-1,1,large,-1,-0.9904211003489777
SpanJson,Newtonsoft,SpanJson vs Newtonsoft,Deserialize,5,5,Textual,-1,1,large,-1,-0.9904211003489777
Utf8Json,STJRefGen,Utf8Json vs STJRefGen,Deserialize,5,5,Textual,-1,1,large,-1,-0.9904211003489777
Utf8Json,STJSrcGen,Utf8Json vs STJSrcGen,Deserialize,5,5,Textual,-1,1,large,-1,-0.9904211003489777
Utf8Json,Newtonsoft,Utf8Json vs Newtonsoft,Deserialize,5,5,Textual,-1,1,large,-1,-0.9904211003489777
STJRefGen,STJSrcGen,STJRefGen vs STJSrcGen,Deserialize,5,5,Textual,1,1,large,0.9904211003489777,1
STJRefGen,Newtonsoft,STJRefGen vs Newtonsoft,Deserialize,5,5,Textual,-1,1,large,-1,-0.9904211003489777
STJSrcGen,Newtonsoft,STJSrcGen vs Newtonsoft,Deserialize,5,5,Textual,-1,1,large,-1,-0.9904211003489777
SpanJson,Utf8Json,SpanJson vs Utf8Json,Deserialize,5,5,Numeric,-1,1,large,-1,-0.9904211003489777
SpanJson,STJRefGen,SpanJson vs STJRefGen,Deserialize,5,5,Numeric,-1,1,large,-1,-0.9904211003489777
SpanJson,STJSrcGen,SpanJson vs STJSrcGen,Deserialize,5,5,Numeric,-1,1,large,-1,-0.9904211003489777
SpanJson,Newtonsoft,SpanJson vs Newtonsoft,Deserialize,5,5,Numeric,-1,1,large,-1,-0.9904211003489777
Utf8Json,STJRefGen,Utf8Json vs STJRefGen,Deserialize,5,5,Numeric,-1,1,large,-1,-0.9904211003489777
Utf8Json,STJSrcGen,Utf8Json vs STJSrcGen,Deserialize,5,5,Numeric,-1,1,large,-1,-0.9904211003489777
Utf8Json,Newtonsoft,Utf8Json vs Newtonsoft,Deserialize,5,5,Numeric,-1,1,large,-1,-0.9904211003489777
STJRefGen,STJSrcGen,STJRefGen vs STJSrcGen,Deserialize,5,5,Numeric,1,1,large,0.9904211003489777,1
STJRefGen,Newtonsoft,STJRefGen vs Newtonsoft,Deserialize,5,5,Numeric,-1,1,large,-1,-0.9904211003489777
STJSrcGen,Newtonsoft,STJSrcGen vs Newtonsoft,Deserialize,5,5,Numeric,-1,1,large,-1,-0.9904211003489777
SpanJson,Utf8Json,SpanJson vs Utf8Json,Deserialize,5,5,Boolean,-1,1,large,-1,-0.9904211003489777
SpanJson,STJRefGen,SpanJson vs STJRefGen,Deserialize,5,5,Boolean,-1,1,large,-1,-0.9904211003489777
SpanJson,STJSrcGen,SpanJson vs STJSrcGen,Deserialize,5,5,Boolean,-1,1,large,-1,-0.9904211003489777
SpanJson,Newtonsoft,SpanJson vs Newtonsoft,Deserialize,5,5,Boolean,-1,1,large,-1,-0.9904211003489777
Utf8Json,STJRefGen,Utf8Json vs STJRefGen,Deserialize,5,5,Boolean,-1,1,large,-1,-0.9904211003489777
Utf8Json,STJSrcGen,Utf8Json vs STJSrcGen,Deserialize,5,5,Boolean,-1,1,large,-1,-0.9904211003489777
Utf8Json,Newtonsoft,Utf8Json vs Newtonsoft,Deserialize,5,5,Boolean,-1,1,large,-1,-0.9904211003489777
STJRefGen,STJSrcGen,STJRefGen vs STJSrcGen,Deserialize,5,5,Boolean,1,1,large,0.9904211003489777,1
STJRefGen,Newtonsoft,STJRefGen vs Newtonsoft,Deserialize,5,5,Boolean,-1,1,large,-1,-0.9904211003489777
STJSrcGen,Newtonsoft,STJSrcGen vs Newtonsoft,Deserialize,5,5,Boolean,-1,1,large,-1,-0.9904211003489777
SpanJson,Utf8Json,SpanJson vs Utf8Json,Deserialize,5,20,Textual,-1,1,large,-1,-0.9904211003489777
SpanJson,STJRefGen,SpanJson vs STJRefGen,Deserialize,5,20,Textual,-1,1,large,-1,-0.9904211003489777
SpanJson,STJSrcGen,SpanJson vs STJSrcGen,Deserialize,5,20,Textual,-1,1,large,-1,-0.9904211003489777
SpanJson,Newtonsoft,SpanJson vs Newtonsoft,Deserialize,5,20,Textual,-1,1,large,-1,-0.9904211003489777
Utf8Json,STJRefGen,Utf8Json vs STJRefGen,Deserialize,5,20,Textual,-1,1,large,-1,-0.9904211003489777
Utf8Json,STJSrcGen,Utf8Json vs STJSrcGen,Deserialize,5,20,Textual,-1,1,large,-1,-0.9904211003489777
Utf8Json,Newtonsoft,Utf8Json vs Newtonsoft,Deserialize,5,20,Textual,-1,1,large,-1,-0.9904211003489777
STJRefGen,STJSrcGen,STJRefGen vs STJSrcGen,Deserialize,5,20,Textual,0.8844444444444445,0.8844444444444445,large,0.42537712789934884,0.981517539750061
STJRefGen,Newtonsoft,STJRefGen vs Newtonsoft,Deserialize,5,20,Textual,-1,1,large,-1,-0.9904211003489777
STJSrcGen,Newtonsoft,STJSrcGen vs Newtonsoft,Deserialize,5,20,Textual,-1,1,large,-1,-0.9904211003489777
SpanJson,Utf8Json,SpanJson vs Utf8Json,Deserialize,5,20,Numeric,-1,1,large,-1,-0.9904211003489777
SpanJson,STJRefGen,SpanJson vs STJRefGen,Deserialize,5,20,Numeric,-1,1,large,-1,-0.9904211003489777
SpanJson,STJSrcGen,SpanJson vs STJSrcGen,Deserialize,5,20,Numeric,-1,1,large,-1,-0.9904211003489777
SpanJson,Newtonsoft,SpanJson vs Newtonsoft,Deserialize,5,20,Numeric,-1,1,large,-1,-0.9904211003489777
Utf8Json,STJRefGen,Utf8Json vs STJRefGen,Deserialize,5,20,Numeric,-1,1,large,-1,-0.9904211003489777
Utf8Json,STJSrcGen,Utf8Json vs STJSrcGen,Deserialize,5,20,Numeric,-1,1,large,-1,-0.9904211003489777
Utf8Json,Newtonsoft,Utf8Json vs Newtonsoft,Deserialize,5,20,Numeric,-1,1,large,-1,-0.9904211003489777
STJRefGen,STJSrcGen,STJRefGen vs STJSrcGen,Deserialize,5,20,Numeric,0.8933333333333333,0.8933333333333333,large,0.4621743508321119,0.982889626991654
STJRefGen,Newtonsoft,STJRefGen vs Newtonsoft,Deserialize,5,20,Numeric,-1,1,large,-1,-0.9904211003489777
STJSrcGen,Newtonsoft,STJSrcGen vs Newtonsoft,Deserialize,5,20,Numeric,-1,1,large,-1,-0.9904211003489777
SpanJson,Utf8Json,SpanJson vs Utf8Json,Deserialize,5,20,Boolean,-1,1,large,-1,-0.9904211003489777
SpanJson,STJRefGen,SpanJson vs STJRefGen,Deserialize,5,20,Boolean,-1,1,large,-1,-0.9904211003489777
SpanJson,STJSrcGen,SpanJson vs STJSrcGen,Deserialize,5,20,Boolean,-1,1,large,-1,-0.9904211003489777
SpanJson,Newtonsoft,SpanJson vs Newtonsoft,Deserialize,5,20,Boolean,-1,1,large,-1,-0.9904211003489777
Utf8Json,STJRefGen,Utf8Json vs STJRefGen,Deserialize,5,20,Boolean,-1,1,large,-1,-0.9904211003489777
Utf8Json,STJSrcGen,Utf8Json vs STJSrcGen,Deserialize,5,20,Boolean,-1,1,large,-1,-0.9904211003489777
Utf8Json,Newtonsoft,Utf8Json vs Newtonsoft,Deserialize,5,20,Boolean,-1,1,large,-1,-0.9904211003489777
STJRefGen,STJSrcGen,STJRefGen vs STJSrcGen,Deserialize,5,20,Boolean,1,1,large,0.9904211003489777,1
STJRefGen,Newtonsoft,STJRefGen vs Newtonsoft,Deserialize,5,20,Boolean,-1,1,large,-1,-0.9904211003489777
STJSrcGen,Newtonsoft,STJSrcGen vs Newtonsoft,Deserialize,5,20,Boolean,-1,1,large,-1,-0.9904211003489777
SpanJson,Utf8Json,SpanJson vs Utf8Json,Deserialize,5,50,Textual,-1,1,large,-1,-0.9904211003489777
SpanJson,STJRefGen,SpanJson vs STJRefGen,Deserialize,5,50,Textual,-1,1,large,-1,-0.9904211003489777
SpanJson,STJSrcGen,SpanJson vs STJSrcGen,Deserialize,5,50,Textual,-1,1,large,-1,-0.9904211003489777
SpanJson,Newtonsoft,SpanJson vs Newtonsoft,Deserialize,5,50,Textual,-1,1,large,-1,-0.9904211003489777
Utf8Json,STJRefGen,Utf8Json vs STJRefGen,Deserialize,5,50,Textual,-1,1,large,-1,-0.9904211003489777
Utf8Json,STJSrcGen,Utf8Json vs STJSrcGen,Deserialize,5,50,Textual,-1,1,large,-1,-0.9904211003489777
Utf8Json,Newtonsoft,Utf8Json vs Newtonsoft,Deserialize,5,50,Textual,-1,1,large,-1,-0.9904211003489777
STJRefGen,STJSrcGen,STJRefGen vs STJSrcGen,Deserialize,5,50,Textual,1,1,large,0.9904211003489777,1
STJRefGen,Newtonsoft,STJRefGen vs Newtonsoft,Deserialize,5,50,Textual,-1,1,large,-1,-0.9904211003489777
STJSrcGen,Newtonsoft,STJSrcGen vs Newtonsoft,Deserialize,5,50,Textual,-1,1,large,-1,-0.9904211003489777
SpanJson,Utf8Json,SpanJson vs Utf8Json,Deserialize,5,50,Numeric,-1,1,large,-1,-0.9904211003489777
SpanJson,STJRefGen,SpanJson vs STJRefGen,Deserialize,5,50,Numeric,-1,1,large,-1,-0.9904211003489777
SpanJson,STJSrcGen,SpanJson vs STJSrcGen,Deserialize,5,50,Numeric,-1,1,large,-1,-0.9904211003489777
SpanJson,Newtonsoft,SpanJson vs Newtonsoft,Deserialize,5,50,Numeric,-1,1,large,-1,-0.9904211003489777
Utf8Json,STJRefGen,Utf8Json vs STJRefGen,Deserialize,5,50,Numeric,-1,1,large,-1,-0.9904211003489777
Utf8Json,STJSrcGen,Utf8Json vs STJSrcGen,Deserialize,5,50,Numeric,-1,1,large,-1,-0.9904211003489777
Utf8Json,Newtonsoft,Utf8Json vs Newtonsoft,Deserialize,5,50,Numeric,-1,1,large,-1,-0.9904211003489777
STJRefGen,STJSrcGen,STJRefGen vs STJSrcGen,Deserialize,5,50,Numeric,1,1,large,0.9904211003489777,1
STJRefGen,Newtonsoft,STJRefGen vs Newtonsoft,Deserialize,5,50,Numeric,-1,1,large,-1,-0.9904211003489777
STJSrcGen,Newtonsoft,STJSrcGen vs Newtonsoft,Deserialize,5,50,Numeric,-1,1,large,-1,-0.9904211003489777
SpanJson,Utf8Json,SpanJson vs Utf8Json,Deserialize,5,50,Boolean,-1,1,large,-1,-0.9904211003489777
SpanJson,STJRefGen,SpanJson vs STJRefGen,Deserialize,5,50,Boolean,-1,1,large,-1,-0.9904211003489777
SpanJson,STJSrcGen,SpanJson vs STJSrcGen,Deserialize,5,50,Boolean,-1,1,large,-1,-0.9904211003489777
SpanJson,Newtonsoft,SpanJson vs Newtonsoft,Deserialize,5,50,Boolean,-1,1,large,-1,-0.9904211003489777
Utf8Json,STJRefGen,Utf8Json vs STJRefGen,Deserialize,5,50,Boolean,-1,1,large,-1,-0.9904211003489777
Utf8Json,STJSrcGen,Utf8Json vs STJSrcGen,Deserialize,5,50,Boolean,-1,1,large,-1,-0.9904211003489777
Utf8Json,Newtonsoft,Utf8Json vs Newtonsoft,Deserialize,5,50,Boolean,-1,1,large,-1,-0.9904211003489777
STJRefGen,STJSrcGen,STJRefGen vs STJSrcGen,Deserialize,5,50,Boolean,0.7777777777777778,0.7777777777777778,large,0.30431127738882113,0.943078458967387
STJRefGen,Newtonsoft,STJRefGen vs Newtonsoft,Deserialize,5,50,Boolean,-1,1,large,-1,-0.9904211003489777
STJSrcGen,Newtonsoft,STJSrcGen vs Newtonsoft,Deserialize,5,50,Boolean,-1,1,large,-1,-0.9904211003489777
SpanJson,Utf8Json,SpanJson vs Utf8Json,Deserialize,5,100,Textual,1,1,large,0.9904211003489777,1
SpanJson,STJRefGen,SpanJson vs STJRefGen,Deserialize,5,100,Textual,-1,1,large,-1,-0.9904211003489777
SpanJson,STJSrcGen,SpanJson vs STJSrcGen,Deserialize,5,100,Textual,-1,1,large,-1,-0.9904211003489777
SpanJson,Newtonsoft,SpanJson vs Newtonsoft,Deserialize,5,100,Textual,-1,1,large,-1,-0.9904211003489777
Utf8Json,STJRefGen,Utf8Json vs STJRefGen,Deserialize,5,100,Textual,-1,1,large,-1,-0.9904211003489777
Utf8Json,STJSrcGen,Utf8Json vs STJSrcGen,Deserialize,5,100,Textual,-1,1,large,-1,-0.9904211003489777
Utf8Json,Newtonsoft,Utf8Json vs Newtonsoft,Deserialize,5,100,Textual,-1,1,large,-1,-0.9904211003489777
STJRefGen,STJSrcGen,STJRefGen vs STJSrcGen,Deserialize,5,100,Textual,-1,1,large,-1,-0.9904211003489777
STJRefGen,Newtonsoft,STJRefGen vs Newtonsoft,Deserialize,5,100,Textual,-1,1,large,-1,-0.9904211003489777
STJSrcGen,Newtonsoft,STJSrcGen vs Newtonsoft,Deserialize,5,100,Textual,-0.16444444444444442,0.16444444444444442,small,-0.5669593529986008,0.3014627621985979
SpanJson,Utf8Json,SpanJson vs Utf8Json,Deserialize,5,100,Numeric,1,1,large,0.9904211003489777,1
SpanJson,STJRefGen,SpanJson vs STJRefGen,Deserialize,5,100,Numeric,-1,1,large,-1,-0.9904211003489777
SpanJson,STJSrcGen,SpanJson vs STJSrcGen,Deserialize,5,100,Numeric,-1,1,large,-1,-0.9904211003489777
SpanJson,Newtonsoft,SpanJson vs Newtonsoft,Deserialize,5,100,Numeric,-1,1,large,-1,-0.9904211003489777
Utf8Json,STJRefGen,Utf8Json vs STJRefGen,Deserialize,5,100,Numeric,-1,1,large,-1,-0.9904211003489777
Utf8Json,STJSrcGen,Utf8Json vs STJSrcGen,Deserialize,5,100,Numeric,-1,1,large,-1,-0.9904211003489777
Utf8Json,Newtonsoft,Utf8Json vs Newtonsoft,Deserialize,5,100,Numeric,-1,1,large,-1,-0.9904211003489777
STJRefGen,STJSrcGen,STJRefGen vs STJSrcGen,Deserialize,5,100,Numeric,1,1,large,0.9904211003489777,1
STJRefGen,Newtonsoft,STJRefGen vs Newtonsoft,Deserialize,5,100,Numeric,-1,1,large,-1,-0.9904211003489777
STJSrcGen,Newtonsoft,STJSrcGen vs Newtonsoft,Deserialize,5,100,Numeric,-1,1,large,-1,-0.9904211003489777
SpanJson,Utf8Json,SpanJson vs Utf8Json,Deserialize,5,100,Boolean,1,1,large,0.9904211003489777,1
SpanJson,STJRefGen,SpanJson vs STJRefGen,Deserialize,5,100,Boolean,-1,1,large,-1,-0.9904211003489777
SpanJson,STJSrcGen,SpanJson vs STJSrcGen,Deserialize,5,100,Boolean,-1,1,large,-1,-0.9904211003489777
SpanJson,Newtonsoft,SpanJson vs Newtonsoft,Deserialize,5,100,Boolean,-1,1,large,-1,-0.9904211003489777
Utf8Json,STJRefGen,Utf8Json vs STJRefGen,Deserialize,5,100,Boolean,-1,1,large,-1,-0.9904211003489777
Utf8Json,STJSrcGen,Utf8Json vs STJSrcGen,Deserialize,5,100,Boolean,-1,1,large,-1,-0.9904211003489777
Utf8Json,Newtonsoft,Utf8Json vs Newtonsoft,Deserialize,5,100,Boolean,-1,1,large,-1,-0.9904211003489777
STJRefGen,STJSrcGen,STJRefGen vs STJSrcGen,Deserialize,5,100,Boolean,0.7244444444444444,0.7244444444444444,large,0.2804503400645886,0.9130732400713973
STJRefGen,Newtonsoft,STJRefGen vs Newtonsoft,Deserialize,5,100,Boolean,-1,1,large,-1,-0.9904211003489777
STJSrcGen,Newtonsoft,STJSrcGen vs Newtonsoft,Deserialize,5,100,Boolean,-1,1,large,-1,-0.9904211003489777
SpanJson,Utf8Json,SpanJson vs Utf8Json,Deserialize,10,5,Textual,-1,1,large,-1,-0.9904211003489777
SpanJson,STJRefGen,SpanJson vs STJRefGen,Deserialize,10,5,Textual,-1,1,large,-1,-0.9904211003489777
SpanJson,STJSrcGen,SpanJson vs STJSrcGen,Deserialize,10,5,Textual,-1,1,large,-1,-0.9904211003489777
SpanJson,Newtonsoft,SpanJson vs Newtonsoft,Deserialize,10,5,Textual,-1,1,large,-1,-0.9904211003489777
Utf8Json,STJRefGen,Utf8Json vs STJRefGen,Deserialize,10,5,Textual,-1,1,large,-1,-0.9904211003489777
Utf8Json,STJSrcGen,Utf8Json vs STJSrcGen,Deserialize,10,5,Textual,-1,1,large,-1,-0.9904211003489777
Utf8Json,Newtonsoft,Utf8Json vs Newtonsoft,Deserialize,10,5,Textual,-1,1,large,-1,-0.9904211003489777
STJRefGen,STJSrcGen,STJRefGen vs STJSrcGen,Deserialize,10,5,Textual,1,1,large,0.9904211003489777,1
STJRefGen,Newtonsoft,STJRefGen vs Newtonsoft,Deserialize,10,5,Textual,-1,1,large,-1,-0.9904211003489777
STJSrcGen,Newtonsoft,STJSrcGen vs Newtonsoft,Deserialize,10,5,Textual,-1,1,large,-1,-0.9904211003489777
SpanJson,Utf8Json,SpanJson vs Utf8Json,Deserialize,10,5,Numeric,-1,1,large,-1,-0.9904211003489777
SpanJson,STJRefGen,SpanJson vs STJRefGen,Deserialize,10,5,Numeric,-1,1,large,-1,-0.9904211003489777
SpanJson,STJSrcGen,SpanJson vs STJSrcGen,Deserialize,10,5,Numeric,-1,1,large,-1,-0.9904211003489777
SpanJson,Newtonsoft,SpanJson vs Newtonsoft,Deserialize,10,5,Numeric,-1,1,large,-1,-0.9904211003489777
Utf8Json,STJRefGen,Utf8Json vs STJRefGen,Deserialize,10,5,Numeric,-1,1,large,-1,-0.9904211003489777
Utf8Json,STJSrcGen,Utf8Json vs STJSrcGen,Deserialize,10,5,Numeric,-1,1,large,-1,-0.9904211003489777
Utf8Json,Newtonsoft,Utf8Json vs Newtonsoft,Deserialize,10,5,Numeric,-1,1,large,-1,-0.9904211003489777
STJRefGen,STJSrcGen,STJRefGen vs STJSrcGen,Deserialize,10,5,Numeric,1,1,large,0.9904211003489777,1
STJRefGen,Newtonsoft,STJRefGen vs Newtonsoft,Deserialize,10,5,Numeric,-1,1,large,-1,-0.9904211003489777
STJSrcGen,Newtonsoft,STJSrcGen vs Newtonsoft,Deserialize,10,5,Numeric,-1,1,large,-1,-0.9904211003489777
SpanJson,Utf8Json,SpanJson vs Utf8Json,Deserialize,10,5,Boolean,-1,1,large,-1,-0.9904211003489777
SpanJson,STJRefGen,SpanJson vs STJRefGen,Deserialize,10,5,Boolean,-1,1,large,-1,-0.9904211003489777
SpanJson,STJSrcGen,SpanJson vs STJSrcGen,Deserialize,10,5,Boolean,-1,1,large,-1,-0.9904211003489777
SpanJson,Newtonsoft,SpanJson vs Newtonsoft,Deserialize,10,5,Boolean,-1,1,large,-1,-0.9904211003489777
Utf8Json,STJRefGen,Utf8Json vs STJRefGen,Deserialize,10,5,Boolean,-1,1,large,-1,-0.9904211003489777
Utf8Json,STJSrcGen,Utf8Json vs STJSrcGen,Deserialize,10,5,Boolean,-1,1,large,-1,-0.9904211003489777
Utf8Json,Newtonsoft,Utf8Json vs Newtonsoft,Deserialize,10,5,Boolean,-1,1,large,-1,-0.9904211003489777
STJRefGen,STJSrcGen,STJRefGen vs STJSrcGen,Deserialize,10,5,Boolean,1,1,large,0.9904211003489777,1
STJRefGen,Newtonsoft,STJRefGen vs Newtonsoft,Deserialize,10,5,Boolean,-1,1,large,-1,-0.9904211003489777
STJSrcGen,Newtonsoft,STJSrcGen vs Newtonsoft,Deserialize,10,5,Boolean,-1,1,large,-1,-0.9904211003489777
SpanJson,Utf8Json,SpanJson vs Utf8Json,Deserialize,10,20,Textual,-1,1,large,-1,-0.9904211003489777
SpanJson,STJRefGen,SpanJson vs STJRefGen,Deserialize,10,20,Textual,-1,1,large,-1,-0.9904211003489777
SpanJson,STJSrcGen,SpanJson vs STJSrcGen,Deserialize,10,20,Textual,-1,1,large,-1,-0.9904211003489777
SpanJson,Newtonsoft,SpanJson vs Newtonsoft,Deserialize,10,20,Textual,-1,1,large,-1,-0.9904211003489777
Utf8Json,STJRefGen,Utf8Json vs STJRefGen,Deserialize,10,20,Textual,-1,1,large,-1,-0.9904211003489777
Utf8Json,STJSrcGen,Utf8Json vs STJSrcGen,Deserialize,10,20,Textual,-1,1,large,-1,-0.9904211003489777
Utf8Json,Newtonsoft,Utf8Json vs Newtonsoft,Deserialize,10,20,Textual,-1,1,large,-1,-0.9904211003489777
STJRefGen,STJSrcGen,STJRefGen vs STJSrcGen,Deserialize,10,20,Textual,0.8844444444444445,0.8844444444444445,large,0.42537712789934884,0.981517539750061
STJRefGen,Newtonsoft,STJRefGen vs Newtonsoft,Deserialize,10,20,Textual,-1,1,large,-1,-0.9904211003489777
STJSrcGen,Newtonsoft,STJSrcGen vs Newtonsoft,Deserialize,10,20,Textual,-1,1,large,-1,-0.9904211003489777
SpanJson,Utf8Json,SpanJson vs Utf8Json,Deserialize,10,20,Numeric,-1,1,large,-1,-0.9904211003489777
SpanJson,STJRefGen,SpanJson vs STJRefGen,Deserialize,10,20,Numeric,-1,1,large,-1,-0.9904211003489777
SpanJson,STJSrcGen,SpanJson vs STJSrcGen,Deserialize,10,20,Numeric,-1,1,large,-1,-0.9904211003489777
SpanJson,Newtonsoft,SpanJson vs Newtonsoft,Deserialize,10,20,Numeric,-1,1,large,-1,-0.9904211003489777
Utf8Json,STJRefGen,Utf8Json vs STJRefGen,Deserialize,10,20,Numeric,-1,1,large,-1,-0.9904211003489777
Utf8Json,STJSrcGen,Utf8Json vs STJSrcGen,Deserialize,10,20,Numeric,-1,1,large,-1,-0.9904211003489777
Utf8Json,Newtonsoft,Utf8Json vs Newtonsoft,Deserialize,10,20,Numeric,-1,1,large,-1,-0.9904211003489777
STJRefGen,STJSrcGen,STJRefGen vs STJSrcGen,Deserialize,10,20,Numeric,-0.9022222222222223,0.9022222222222223,large,-0.9842701926870612,-0.50003757357772
STJRefGen,Newtonsoft,STJRefGen vs Newtonsoft,Deserialize,10,20,Numeric,-1,1,large,-1,-0.9904211003489777
STJSrcGen,Newtonsoft,STJSrcGen vs Newtonsoft,Deserialize,10,20,Numeric,-1,1,large,-1,-0.9904211003489777
SpanJson,Utf8Json,SpanJson vs Utf8Json,Deserialize,10,20,Boolean,-1,1,large,-1,-0.9904211003489777
SpanJson,STJRefGen,SpanJson vs STJRefGen,Deserialize,10,20,Boolean,-1,1,large,-1,-0.9904211003489777
SpanJson,STJSrcGen,SpanJson vs STJSrcGen,Deserialize,10,20,Boolean,-1,1,large,-1,-0.9904211003489777
SpanJson,Newtonsoft,SpanJson vs Newtonsoft,Deserialize,10,20,Boolean,-1,1,large,-1,-0.9904211003489777
Utf8Json,STJRefGen,Utf8Json vs STJRefGen,Deserialize,10,20,Boolean,-1,1,large,-1,-0.9904211003489777
Utf8Json,STJSrcGen,Utf8Json vs STJSrcGen,Deserialize,10,20,Boolean,-1,1,large,-1,-0.9904211003489777
Utf8Json,Newtonsoft,Utf8Json vs Newtonsoft,Deserialize,10,20,Boolean,-1,1,large,-1,-0.9904211003489777
STJRefGen,STJSrcGen,STJRefGen vs STJSrcGen,Deserialize,10,20,Boolean,-0.8222222222222222,0.8222222222222222,large,-0.9619686152723547,-0.341360574062335
STJRefGen,Newtonsoft,STJRefGen vs Newtonsoft,Deserialize,10,20,Boolean,-1,1,large,-1,-0.9904211003489777
STJSrcGen,Newtonsoft,STJSrcGen vs Newtonsoft,Deserialize,10,20,Boolean,-1,1,large,-1,-0.9904211003489777
SpanJson,Utf8Json,SpanJson vs Utf8Json,Deserialize,10,50,Textual,-1,1,large,-1,-0.9904211003489777
SpanJson,STJRefGen,SpanJson vs STJRefGen,Deserialize,10,50,Textual,-1,1,large,-1,-0.9904211003489777
SpanJson,STJSrcGen,SpanJson vs STJSrcGen,Deserialize,10,50,Textual,-1,1,large,-1,-0.9904211003489777
SpanJson,Newtonsoft,SpanJson vs Newtonsoft,Deserialize,10,50,Textual,-1,1,large,-1,-0.9904211003489777
Utf8Json,STJRefGen,Utf8Json vs STJRefGen,Deserialize,10,50,Textual,-1,1,large,-1,-0.9904211003489777
Utf8Json,STJSrcGen,Utf8Json vs STJSrcGen,Deserialize,10,50,Textual,-1,1,large,-1,-0.9904211003489777
Utf8Json,Newtonsoft,Utf8Json vs Newtonsoft,Deserialize,10,50,Textual,-1,1,large,-1,-0.9904211003489777
STJRefGen,STJSrcGen,STJRefGen vs STJSrcGen,Deserialize,10,50,Textual,1,1,large,0.9904211003489777,1
STJRefGen,Newtonsoft,STJRefGen vs Newtonsoft,Deserialize,10,50,Textual,-1,1,large,-1,-0.9904211003489777
STJSrcGen,Newtonsoft,STJSrcGen vs Newtonsoft,Deserialize,10,50,Textual,-1,1,large,-1,-0.9904211003489777
SpanJson,Utf8Json,SpanJson vs Utf8Json,Deserialize,10,50,Numeric,-1,1,large,-1,-0.9904211003489777
SpanJson,STJRefGen,SpanJson vs STJRefGen,Deserialize,10,50,Numeric,-1,1,large,-1,-0.9904211003489777
SpanJson,STJSrcGen,SpanJson vs STJSrcGen,Deserialize,10,50,Numeric,-1,1,large,-1,-0.9904211003489777
SpanJson,Newtonsoft,SpanJson vs Newtonsoft,Deserialize,10,50,Numeric,-1,1,large,-1,-0.9904211003489777
Utf8Json,STJRefGen,Utf8Json vs STJRefGen,Deserialize,10,50,Numeric,-1,1,large,-1,-0.9904211003489777
Utf8Json,STJSrcGen,Utf8Json vs STJSrcGen,Deserialize,10,50,Numeric,-1,1,large,-1,-0.9904211003489777
Utf8Json,Newtonsoft,Utf8Json vs Newtonsoft,Deserialize,10,50,Numeric,-1,1,large,-1,-0.9904211003489777
STJRefGen,STJSrcGen,STJRefGen vs STJSrcGen,Deserialize,10,50,Numeric,1,1,large,0.9904211003489777,1
STJRefGen,Newtonsoft,STJRefGen vs Newtonsoft,Deserialize,10,50,Numeric,-1,1,large,-1,-0.9904211003489777
STJSrcGen,Newtonsoft,STJSrcGen vs Newtonsoft,Deserialize,10,50,Numeric,-1,1,large,-1,-0.9904211003489777
SpanJson,Utf8Json,SpanJson vs Utf8Json,Deserialize,10,50,Boolean,-1,1,large,-1,-0.9904211003489777
SpanJson,STJRefGen,SpanJson vs STJRefGen,Deserialize,10,50,Boolean,-1,1,large,-1,-0.9904211003489777
SpanJson,STJSrcGen,SpanJson vs STJSrcGen,Deserialize,10,50,Boolean,-1,1,large,-1,-0.9904211003489777
SpanJson,Newtonsoft,SpanJson vs Newtonsoft,Deserialize,10,50,Boolean,-1,1,large,-1,-0.9904211003489777
Utf8Json,STJRefGen,Utf8Json vs STJRefGen,Deserialize,10,50,Boolean,-1,1,large,-1,-0.9904211003489777
Utf8Json,STJSrcGen,Utf8Json vs STJSrcGen,Deserialize,10,50,Boolean,-1,1,large,-1,-0.9904211003489777
Utf8Json,Newtonsoft,Utf8Json vs Newtonsoft,Deserialize,10,50,Boolean,-1,1,large,-1,-0.9904211003489777
STJRefGen,STJSrcGen,STJRefGen vs STJSrcGen,Deserialize,10,50,Boolean,1,1,large,0.9904211003489777,1
STJRefGen,Newtonsoft,STJRefGen vs Newtonsoft,Deserialize,10,50,Boolean,-1,1,large,-1,-0.9904211003489777
STJSrcGen,Newtonsoft,STJSrcGen vs Newtonsoft,Deserialize,10,50,Boolean,-1,1,large,-1,-0.9904211003489777
SpanJson,Utf8Json,SpanJson vs Utf8Json,Deserialize,10,100,Textual,1,1,large,0.9904211003489777,1
SpanJson,STJRefGen,SpanJson vs STJRefGen,Deserialize,10,100,Textual,-1,1,large,-1,-0.9904211003489777
SpanJson,STJSrcGen,SpanJson vs STJSrcGen,Deserialize,10,100,Textual,-1,1,large,-1,-0.9904211003489777
SpanJson,Newtonsoft,SpanJson vs Newtonsoft,Deserialize,10,100,Textual,-1,1,large,-1,-0.9904211003489777
Utf8Json,STJRefGen,Utf8Json vs STJRefGen,Deserialize,10,100,Textual,-1,1,large,-1,-0.9904211003489777
Utf8Json,STJSrcGen,Utf8Json vs STJSrcGen,Deserialize,10,100,Textual,-1,1,large,-1,-0.9904211003489777
Utf8Json,Newtonsoft,Utf8Json vs Newtonsoft,Deserialize,10,100,Textual,-1,1,large,-1,-0.9904211003489777
STJRefGen,STJSrcGen,STJRefGen vs STJSrcGen,Deserialize,10,100,Textual,1,1,large,0.9904211003489777,1
STJRefGen,Newtonsoft,STJRefGen vs Newtonsoft,Deserialize,10,100,Textual,-0.8844444444444445,0.8844444444444445,large,-0.981517539750061,-0.42537712789934884
STJSrcGen,Newtonsoft,STJSrcGen vs Newtonsoft,Deserialize,10,100,Textual,-1,1,large,-1,-0.9904211003489777
SpanJson,Utf8Json,SpanJson vs Utf8Json,Deserialize,10,100,Numeric,1,1,large,0.9904211003489777,1
SpanJson,STJRefGen,SpanJson vs STJRefGen,Deserialize,10,100,Numeric,-1,1,large,-1,-0.9904211003489777
SpanJson,STJSrcGen,SpanJson vs STJSrcGen,Deserialize,10,100,Numeric,-1,1,large,-1,-0.9904211003489777
SpanJson,Newtonsoft,SpanJson vs Newtonsoft,Deserialize,10,100,Numeric,-1,1,large,-1,-0.9904211003489777
Utf8Json,STJRefGen,Utf8Json vs STJRefGen,Deserialize,10,100,Numeric,-1,1,large,-1,-0.9904211003489777
Utf8Json,STJSrcGen,Utf8Json vs STJSrcGen,Deserialize,10,100,Numeric,-1,1,large,-1,-0.9904211003489777
Utf8Json,Newtonsoft,Utf8Json vs Newtonsoft,Deserialize,10,100,Numeric,-1,1,large,-1,-0.9904211003489777
STJRefGen,STJSrcGen,STJRefGen vs STJSrcGen,Deserialize,10,100,Numeric,0.8577777777777778,0.8577777777777778,large,0.4037142231873529,0.9727823381331389
STJRefGen,Newtonsoft,STJRefGen vs Newtonsoft,Deserialize,10,100,Numeric,-1,1,large,-1,-0.9904211003489777
STJSrcGen,Newtonsoft,STJSrcGen vs Newtonsoft,Deserialize,10,100,Numeric,-1,1,large,-1,-0.9904211003489777
SpanJson,Utf8Json,SpanJson vs Utf8Json,Deserialize,10,100,Boolean,1,1,large,0.9904211003489777,1
SpanJson,STJRefGen,SpanJson vs STJRefGen,Deserialize,10,100,Boolean,-1,1,large,-1,-0.9904211003489777
SpanJson,STJSrcGen,SpanJson vs STJSrcGen,Deserialize,10,100,Boolean,-1,1,large,-1,-0.9904211003489777
SpanJson,Newtonsoft,SpanJson vs Newtonsoft,Deserialize,10,100,Boolean,-1,1,large,-1,-0.9904211003489777
Utf8Json,STJRefGen,Utf8Json vs STJRefGen,Deserialize,10,100,Boolean,-1,1,large,-1,-0.9904211003489777
Utf8Json,STJSrcGen,Utf8Json vs STJSrcGen,Deserialize,10,100,Boolean,-1,1,large,-1,-0.9904211003489777
Utf8Json,Newtonsoft,Utf8Json vs Newtonsoft,Deserialize,10,100,Boolean,-1,1,large,-1,-0.9904211003489777
STJRefGen,STJSrcGen,STJRefGen vs STJSrcGen,Deserialize,10,100,Boolean,0.6622222222222222,0.6622222222222222,large,0.1686706220099212,0.8902696557555857
STJRefGen,Newtonsoft,STJRefGen vs Newtonsoft,Deserialize,10,100,Boolean,0.8666666666666667,0.8666666666666667,large,0.6613474008802585,0.951163598348133
STJSrcGen,Newtonsoft,STJSrcGen vs Newtonsoft,Deserialize,10,100,Boolean,0.8666666666666667,0.8666666666666667,large,0.6613474008802585,0.951163598348133
SpanJson,Utf8Json,SpanJson vs Utf8Json,Deserialize,20,5,Textual,-1,1,large,-1,-0.9904211003489777
SpanJson,STJRefGen,SpanJson vs STJRefGen,Deserialize,20,5,Textual,-1,1,large,-1,-0.9904211003489777
SpanJson,STJSrcGen,SpanJson vs STJSrcGen,Deserialize,20,5,Textual,-1,1,large,-1,-0.9904211003489777
SpanJson,Newtonsoft,SpanJson vs Newtonsoft,Deserialize,20,5,Textual,-1,1,large,-1,-0.9904211003489777
Utf8Json,STJRefGen,Utf8Json vs STJRefGen,Deserialize,20,5,Textual,-1,1,large,-1,-0.9904211003489777
Utf8Json,STJSrcGen,Utf8Json vs STJSrcGen,Deserialize,20,5,Textual,-1,1,large,-1,-0.9904211003489777
Utf8Json,Newtonsoft,Utf8Json vs Newtonsoft,Deserialize,20,5,Textual,-1,1,large,-1,-0.9904211003489777
STJRefGen,STJSrcGen,STJRefGen vs STJSrcGen,Deserialize,20,5,Textual,-0.9111111111111111,0.9111111111111111,large,-0.9856591799931758,-0.5390069448927254
STJRefGen,Newtonsoft,STJRefGen vs Newtonsoft,Deserialize,20,5,Textual,-1,1,large,-1,-0.9904211003489777
STJSrcGen,Newtonsoft,STJSrcGen vs Newtonsoft,Deserialize,20,5,Textual,-1,1,large,-1,-0.9904211003489777
SpanJson,Utf8Json,SpanJson vs Utf8Json,Deserialize,20,5,Numeric,-1,1,large,-1,-0.9904211003489777
SpanJson,STJRefGen,SpanJson vs STJRefGen,Deserialize,20,5,Numeric,-1,1,large,-1,-0.9904211003489777
SpanJson,STJSrcGen,SpanJson vs STJSrcGen,Deserialize,20,5,Numeric,-1,1,large,-1,-0.9904211003489777
SpanJson,Newtonsoft,SpanJson vs Newtonsoft,Deserialize,20,5,Numeric,-1,1,large,-1,-0.9904211003489777
Utf8Json,STJRefGen,Utf8Json vs STJRefGen,Deserialize,20,5,Numeric,-1,1,large,-1,-0.9904211003489777
Utf8Json,STJSrcGen,Utf8Json vs STJSrcGen,Deserialize,20,5,Numeric,-1,1,large,-1,-0.9904211003489777
Utf8Json,Newtonsoft,Utf8Json vs Newtonsoft,Deserialize,20,5,Numeric,-1,1,large,-1,-0.9904211003489777
STJRefGen,STJSrcGen,STJRefGen vs STJSrcGen,Deserialize,20,5,Numeric,0.9911111111111112,0.9911111111111112,large,0.9472441094959476,0.9985298418988751
STJRefGen,Newtonsoft,STJRefGen vs Newtonsoft,Deserialize,20,5,Numeric,-1,1,large,-1,-0.9904211003489777
STJSrcGen,Newtonsoft,STJSrcGen vs Newtonsoft,Deserialize,20,5,Numeric,-1,1,large,-1,-0.9904211003489777
SpanJson,Utf8Json,SpanJson vs Utf8Json,Deserialize,20,5,Boolean,-1,1,large,-1,-0.9904211003489777
SpanJson,STJRefGen,SpanJson vs STJRefGen,Deserialize,20,5,Boolean,-1,1,large,-1,-0.9904211003489777
SpanJson,STJSrcGen,SpanJson vs STJSrcGen,Deserialize,20,5,Boolean,-1,1,large,-1,-0.9904211003489777
SpanJson,Newtonsoft,SpanJson vs Newtonsoft,Deserialize,20,5,Boolean,-1,1,large,-1,-0.9904211003489777
Utf8Json,STJRefGen,Utf8Json vs STJRefGen,Deserialize,20,5,Boolean,-1,1,large,-1,-0.9904211003489777
Utf8Json,STJSrcGen,Utf8Json vs STJSrcGen,Deserialize,20,5,Boolean,-1,1,large,-1,-0.9904211003489777
Utf8Json,Newtonsoft,Utf8Json vs Newtonsoft,Deserialize,20,5,Boolean,-1,1,large,-1,-0.9904211003489777
STJRefGen,STJSrcGen,STJRefGen vs STJSrcGen,Deserialize,20,5,Boolean,1,1,large,0.9904211003489777,1
STJRefGen,Newtonsoft,STJRefGen vs Newtonsoft,Deserialize,20,5,Boolean,-1,1,large,-1,-0.9904211003489777
STJSrcGen,Newtonsoft,STJSrcGen vs Newtonsoft,Deserialize,20,5,Boolean,-1,1,large,-1,-0.9904211003489777
SpanJson,Utf8Json,SpanJson vs Utf8Json,Deserialize,20,20,Textual,-1,1,large,-1,-0.9904211003489777
SpanJson,STJRefGen,SpanJson vs STJRefGen,Deserialize,20,20,Textual,-1,1,large,-1,-0.9904211003489777
SpanJson,STJSrcGen,SpanJson vs STJSrcGen,Deserialize,20,20,Textual,-1,1,large,-1,-0.9904211003489777
SpanJson,Newtonsoft,SpanJson vs Newtonsoft,Deserialize,20,20,Textual,-1,1,large,-1,-0.9904211003489777
Utf8Json,STJRefGen,Utf8Json vs STJRefGen,Deserialize,20,20,Textual,-1,1,large,-1,-0.9904211003489777
Utf8Json,STJSrcGen,Utf8Json vs STJSrcGen,Deserialize,20,20,Textual,-1,1,large,-1,-0.9904211003489777
Utf8Json,Newtonsoft,Utf8Json vs Newtonsoft,Deserialize,20,20,Textual,-1,1,large,-1,-0.9904211003489777
STJRefGen,STJSrcGen,STJRefGen vs STJSrcGen,Deserialize,20,20,Textual,0.7688888888888888,0.7688888888888888,large,0.28176081776455963,0.9408743588024426
STJRefGen,Newtonsoft,STJRefGen vs Newtonsoft,Deserialize,20,20,Textual,-1,1,large,-1,-0.9904211003489777
STJSrcGen,Newtonsoft,STJSrcGen vs Newtonsoft,Deserialize,20,20,Textual,-1,1,large,-1,-0.9904211003489777
SpanJson,Utf8Json,SpanJson vs Utf8Json,Deserialize,20,20,Numeric,-1,1,large,-1,-0.9904211003489777
SpanJson,STJRefGen,SpanJson vs STJRefGen,Deserialize,20,20,Numeric,-1,1,large,-1,-0.9904211003489777
SpanJson,STJSrcGen,SpanJson vs STJSrcGen,Deserialize,20,20,Numeric,-1,1,large,-1,-0.9904211003489777
SpanJson,Newtonsoft,SpanJson vs Newtonsoft,Deserialize,20,20,Numeric,-1,1,large,-1,-0.9904211003489777
Utf8Json,STJRefGen,Utf8Json vs STJRefGen,Deserialize,20,20,Numeric,-1,1,large,-1,-0.9904211003489777
Utf8Json,STJSrcGen,Utf8Json vs STJSrcGen,Deserialize,20,20,Numeric,-1,1,large,-1,-0.9904211003489777
Utf8Json,Newtonsoft,Utf8Json vs Newtonsoft,Deserialize,20,20,Numeric,-1,1,large,-1,-0.9904211003489777
STJRefGen,STJSrcGen,STJRefGen vs STJSrcGen,Deserialize,20,20,Numeric,1,1,large,0.9904211003489777,1
STJRefGen,Newtonsoft,STJRefGen vs Newtonsoft,Deserialize,20,20,Numeric,-1,1,large,-1,-0.9904211003489777
STJSrcGen,Newtonsoft,STJSrcGen vs Newtonsoft,Deserialize,20,20,Numeric,-1,1,large,-1,-0.9904211003489777
SpanJson,Utf8Json,SpanJson vs Utf8Json,Deserialize,20,20,Boolean,-1,1,large,-1,-0.9904211003489777
SpanJson,STJRefGen,SpanJson vs STJRefGen,Deserialize,20,20,Boolean,-1,1,large,-1,-0.9904211003489777
SpanJson,STJSrcGen,SpanJson vs STJSrcGen,Deserialize,20,20,Boolean,-1,1,large,-1,-0.9904211003489777
SpanJson,Newtonsoft,SpanJson vs Newtonsoft,Deserialize,20,20,Boolean,-1,1,large,-1,-0.9904211003489777
Utf8Json,STJRefGen,Utf8Json vs STJRefGen,Deserialize,20,20,Boolean,-1,1,large,-1,-0.9904211003489777
Utf8Json,STJSrcGen,Utf8Json vs STJSrcGen,Deserialize,20,20,Boolean,-1,1,large,-1,-0.9904211003489777
Utf8Json,Newtonsoft,Utf8Json vs Newtonsoft,Deserialize,20,20,Boolean,-1,1,large,-1,-0.9904211003489777
STJRefGen,STJSrcGen,STJRefGen vs STJSrcGen,Deserialize,20,20,Boolean,1,1,large,0.9904211003489777,1
STJRefGen,Newtonsoft,STJRefGen vs Newtonsoft,Deserialize,20,20,Boolean,-1,1,large,-1,-0.9904211003489777
STJSrcGen,Newtonsoft,STJSrcGen vs Newtonsoft,Deserialize,20,20,Boolean,-1,1,large,-1,-0.9904211003489777
SpanJson,Utf8Json,SpanJson vs Utf8Json,Deserialize,20,50,Textual,-1,1,large,-1,-0.9904211003489777
SpanJson,STJRefGen,SpanJson vs STJRefGen,Deserialize,20,50,Textual,-1,1,large,-1,-0.9904211003489777
SpanJson,STJSrcGen,SpanJson vs STJSrcGen,Deserialize,20,50,Textual,-1,1,large,-1,-0.9904211003489777
SpanJson,Newtonsoft,SpanJson vs Newtonsoft,Deserialize,20,50,Textual,-1,1,large,-1,-0.9904211003489777
Utf8Json,STJRefGen,Utf8Json vs STJRefGen,Deserialize,20,50,Textual,-1,1,large,-1,-0.9904211003489777
Utf8Json,STJSrcGen,Utf8Json vs STJSrcGen,Deserialize,20,50,Textual,-1,1,large,-1,-0.9904211003489777
Utf8Json,Newtonsoft,Utf8Json vs Newtonsoft,Deserialize,20,50,Textual,-1,1,large,-1,-0.9904211003489777
STJRefGen,STJSrcGen,STJRefGen vs STJSrcGen,Deserialize,20,50,Textual,1,1,large,0.9904211003489777,1
STJRefGen,Newtonsoft,STJRefGen vs Newtonsoft,Deserialize,20,50,Textual,-1,1,large,-1,-0.9904211003489777
STJSrcGen,Newtonsoft,STJSrcGen vs Newtonsoft,Deserialize,20,50,Textual,-1,1,large,-1,-0.9904211003489777
SpanJson,Utf8Json,SpanJson vs Utf8Json,Deserialize,20,50,Numeric,-1,1,large,-1,-0.9904211003489777
SpanJson,STJRefGen,SpanJson vs STJRefGen,Deserialize,20,50,Numeric,-1,1,large,-1,-0.9904211003489777
SpanJson,STJSrcGen,SpanJson vs STJSrcGen,Deserialize,20,50,Numeric,-1,1,large,-1,-0.9904211003489777
SpanJson,Newtonsoft,SpanJson vs Newtonsoft,Deserialize,20,50,Numeric,-1,1,large,-1,-0.9904211003489777
Utf8Json,STJRefGen,Utf8Json vs STJRefGen,Deserialize,20,50,Numeric,-1,1,large,-1,-0.9904211003489777
Utf8Json,STJSrcGen,Utf8Json vs STJSrcGen,Deserialize,20,50,Numeric,-1,1,large,-1,-0.9904211003489777
Utf8Json,Newtonsoft,Utf8Json vs Newtonsoft,Deserialize,20,50,Numeric,-1,1,large,-1,-0.9904211003489777
STJRefGen,STJSrcGen,STJRefGen vs STJSrcGen,Deserialize,20,50,Numeric,1,1,large,0.9904211003489777,1
STJRefGen,Newtonsoft,STJRefGen vs Newtonsoft,Deserialize,20,50,Numeric,-1,1,large,-1,-0.9904211003489777
STJSrcGen,Newtonsoft,STJSrcGen vs Newtonsoft,Deserialize,20,50,Numeric,-1,1,large,-1,-0.9904211003489777
SpanJson,Utf8Json,SpanJson vs Utf8Json,Deserialize,20,50,Boolean,-1,1,large,-1,-0.9904211003489777
SpanJson,STJRefGen,SpanJson vs STJRefGen,Deserialize,20,50,Boolean,-1,1,large,-1,-0.9904211003489777
SpanJson,STJSrcGen,SpanJson vs STJSrcGen,Deserialize,20,50,Boolean,-1,1,large,-1,-0.9904211003489777
SpanJson,Newtonsoft,SpanJson vs Newtonsoft,Deserialize,20,50,Boolean,-1,1,large,-1,-0.9904211003489777
Utf8Json,STJRefGen,Utf8Json vs STJRefGen,Deserialize,20,50,Boolean,-1,1,large,-1,-0.9904211003489777
Utf8Json,STJSrcGen,Utf8Json vs STJSrcGen,Deserialize,20,50,Boolean,-1,1,large,-1,-0.9904211003489777
Utf8Json,Newtonsoft,Utf8Json vs Newtonsoft,Deserialize,20,50,Boolean,-1,1,large,-1,-0.9904211003489777
STJRefGen,STJSrcGen,STJRefGen vs STJSrcGen,Deserialize,20,50,Boolean,1,1,large,0.9904211003489777,1
STJRefGen,Newtonsoft,STJRefGen vs Newtonsoft,Deserialize,20,50,Boolean,-1,1,large,-1,-0.9904211003489777
STJSrcGen,Newtonsoft,STJSrcGen vs Newtonsoft,Deserialize,20,50,Boolean,-1,1,large,-1,-0.9904211003489777
SpanJson,Utf8Json,SpanJson vs Utf8Json,Deserialize,20,100,Textual,1,1,large,0.9904211003489777,1
SpanJson,STJRefGen,SpanJson vs STJRefGen,Deserialize,20,100,Textual,-1,1,large,-1,-0.9904211003489777
SpanJson,STJSrcGen,SpanJson vs STJSrcGen,Deserialize,20,100,Textual,-1,1,large,-1,-0.9904211003489777
SpanJson,Newtonsoft,SpanJson vs Newtonsoft,Deserialize,20,100,Textual,-1,1,large,-1,-0.9904211003489777
Utf8Json,STJRefGen,Utf8Json vs STJRefGen,Deserialize,20,100,Textual,-1,1,large,-1,-0.9904211003489777
Utf8Json,STJSrcGen,Utf8Json vs STJSrcGen,Deserialize,20,100,Textual,-1,1,large,-1,-0.9904211003489777
Utf8Json,Newtonsoft,Utf8Json vs Newtonsoft,Deserialize,20,100,Textual,-1,1,large,-1,-0.9904211003489777
STJRefGen,STJSrcGen,STJRefGen vs STJSrcGen,Deserialize,20,100,Textual,-1,1,large,-1,-0.9904211003489777
STJRefGen,Newtonsoft,STJRefGen vs Newtonsoft,Deserialize,20,100,Textual,-1,1,large,-1,-0.9904211003489777
STJSrcGen,Newtonsoft,STJSrcGen vs Newtonsoft,Deserialize,20,100,Textual,1,1,large,0.9904211003489777,1
SpanJson,Utf8Json,SpanJson vs Utf8Json,Deserialize,20,100,Numeric,1,1,large,0.9904211003489777,1
SpanJson,STJRefGen,SpanJson vs STJRefGen,Deserialize,20,100,Numeric,-1,1,large,-1,-0.9904211003489777
SpanJson,STJSrcGen,SpanJson vs STJSrcGen,Deserialize,20,100,Numeric,-1,1,large,-1,-0.9904211003489777
SpanJson,Newtonsoft,SpanJson vs Newtonsoft,Deserialize,20,100,Numeric,-1,1,large,-1,-0.9904211003489777
Utf8Json,STJRefGen,Utf8Json vs STJRefGen,Deserialize,20,100,Numeric,-1,1,large,-1,-0.9904211003489777
Utf8Json,STJSrcGen,Utf8Json vs STJSrcGen,Deserialize,20,100,Numeric,-1,1,large,-1,-0.9904211003489777
Utf8Json,Newtonsoft,Utf8Json vs Newtonsoft,Deserialize,20,100,Numeric,-1,1,large,-1,-0.9904211003489777
STJRefGen,STJSrcGen,STJRefGen vs STJSrcGen,Deserialize,20,100,Numeric,0.39555555555555555,0.39555555555555555,medium,0.016537464862807747,0.6751782414983215
STJRefGen,Newtonsoft,STJRefGen vs Newtonsoft,Deserialize,20,100,Numeric,-1,1,large,-1,-0.9904211003489777
STJSrcGen,Newtonsoft,STJSrcGen vs Newtonsoft,Deserialize,20,100,Numeric,-1,1,large,-1,-0.9904211003489777
SpanJson,Utf8Json,SpanJson vs Utf8Json,Deserialize,20,100,Boolean,-1,1,large,-1,-0.9904211003489777
SpanJson,STJRefGen,SpanJson vs STJRefGen,Deserialize,20,100,Boolean,-1,1,large,-1,-0.9904211003489777
SpanJson,STJSrcGen,SpanJson vs STJSrcGen,Deserialize,20,100,Boolean,-1,1,large,-1,-0.9904211003489777
SpanJson,Newtonsoft,SpanJson vs Newtonsoft,Deserialize,20,100,Boolean,-1,1,large,-1,-0.9904211003489777
Utf8Json,STJRefGen,Utf8Json vs STJRefGen,Deserialize,20,100,Boolean,-1,1,large,-1,-0.9904211003489777
Utf8Json,STJSrcGen,Utf8Json vs STJSrcGen,Deserialize,20,100,Boolean,-1,1,large,-1,-0.9904211003489777
Utf8Json,Newtonsoft,Utf8Json vs Newtonsoft,Deserialize,20,100,Boolean,-1,1,large,-1,-0.9904211003489777
STJRefGen,STJSrcGen,STJRefGen vs STJSrcGen,Deserialize,20,100,Boolean,1,1,large,0.9904211003489777,1
STJRefGen,Newtonsoft,STJRefGen vs Newtonsoft,Deserialize,20,100,Boolean,1,1,large,0.9904211003489777,1
STJSrcGen,Newtonsoft,STJSrcGen vs Newtonsoft,Deserialize,20,100,Boolean,-1,1,large,-1,-0.9904211003489777
SpanJson,Utf8Json,SpanJson vs Utf8Json,Serialize,2,5,Textual,-1,1,large,-1,-0.9904211003489777
SpanJson,STJRefGen,SpanJson vs STJRefGen,Serialize,2,5,Textual,-1,1,large,-1,-0.9904211003489777
SpanJson,STJSrcGen,SpanJson vs STJSrcGen,Serialize,2,5,Textual,-1,1,large,-1,-0.9904211003489777
SpanJson,Newtonsoft,SpanJson vs Newtonsoft,Serialize,2,5,Textual,-1,1,large,-1,-0.9904211003489777
Utf8Json,STJRefGen,Utf8Json vs STJRefGen,Serialize,2,5,Textual,-1,1,large,-1,-0.9904211003489777
Utf8Json,STJSrcGen,Utf8Json vs STJSrcGen,Serialize,2,5,Textual,-1,1,large,-1,-0.9904211003489777
Utf8Json,Newtonsoft,Utf8Json vs Newtonsoft,Serialize,2,5,Textual,-1,1,large,-1,-0.9904211003489777
STJRefGen,STJSrcGen,STJRefGen vs STJSrcGen,Serialize,2,5,Textual,1,1,large,0.9904211003489777,1
STJRefGen,Newtonsoft,STJRefGen vs Newtonsoft,Serialize,2,5,Textual,-1,1,large,-1,-0.9904211003489777
STJSrcGen,Newtonsoft,STJSrcGen vs Newtonsoft,Serialize,2,5,Textual,-1,1,large,-1,-0.9904211003489777
SpanJson,Utf8Json,SpanJson vs Utf8Json,Serialize,2,5,Numeric,-1,1,large,-1,-0.9904211003489777
SpanJson,STJRefGen,SpanJson vs STJRefGen,Serialize,2,5,Numeric,-1,1,large,-1,-0.9904211003489777
SpanJson,STJSrcGen,SpanJson vs STJSrcGen,Serialize,2,5,Numeric,-1,1,large,-1,-0.9904211003489777
SpanJson,Newtonsoft,SpanJson vs Newtonsoft,Serialize,2,5,Numeric,-1,1,large,-1,-0.9904211003489777
Utf8Json,STJRefGen,Utf8Json vs STJRefGen,Serialize,2,5,Numeric,-1,1,large,-1,-0.9904211003489777
Utf8Json,STJSrcGen,Utf8Json vs STJSrcGen,Serialize,2,5,Numeric,-1,1,large,-1,-0.9904211003489777
Utf8Json,Newtonsoft,Utf8Json vs Newtonsoft,Serialize,2,5,Numeric,-1,1,large,-1,-0.9904211003489777
STJRefGen,STJSrcGen,STJRefGen vs STJSrcGen,Serialize,2,5,Numeric,1,1,large,0.9904211003489777,1
STJRefGen,Newtonsoft,STJRefGen vs Newtonsoft,Serialize,2,5,Numeric,-1,1,large,-1,-0.9904211003489777
STJSrcGen,Newtonsoft,STJSrcGen vs Newtonsoft,Serialize,2,5,Numeric,-1,1,large,-1,-0.9904211003489777
SpanJson,Utf8Json,SpanJson vs Utf8Json,Serialize,2,5,Boolean,-1,1,large,-1,-0.9904211003489777
SpanJson,STJRefGen,SpanJson vs STJRefGen,Serialize,2,5,Boolean,-1,1,large,-1,-0.9904211003489777
SpanJson,STJSrcGen,SpanJson vs STJSrcGen,Serialize,2,5,Boolean,-1,1,large,-1,-0.9904211003489777
SpanJson,Newtonsoft,SpanJson vs Newtonsoft,Serialize,2,5,Boolean,-1,1,large,-1,-0.9904211003489777
Utf8Json,STJRefGen,Utf8Json vs STJRefGen,Serialize,2,5,Boolean,-1,1,large,-1,-0.9904211003489777
Utf8Json,STJSrcGen,Utf8Json vs STJSrcGen,Serialize,2,5,Boolean,-1,1,large,-1,-0.9904211003489777
Utf8Json,Newtonsoft,Utf8Json vs Newtonsoft,Serialize,2,5,Boolean,-1,1,large,-1,-0.9904211003489777
STJRefGen,STJSrcGen,STJRefGen vs STJSrcGen,Serialize,2,5,Boolean,1,1,large,0.9904211003489777,1
STJRefGen,Newtonsoft,STJRefGen vs Newtonsoft,Serialize,2,5,Boolean,-1,1,large,-1,-0.9904211003489777
STJSrcGen,Newtonsoft,STJSrcGen vs Newtonsoft,Serialize,2,5,Boolean,-1,1,large,-1,-0.9904211003489777
SpanJson,Utf8Json,SpanJson vs Utf8Json,Serialize,2,20,Textual,-1,1,large,-1,-0.9904211003489777
SpanJson,STJRefGen,SpanJson vs STJRefGen,Serialize,2,20,Textual,-1,1,large,-1,-0.9904211003489777
SpanJson,STJSrcGen,SpanJson vs STJSrcGen,Serialize,2,20,Textual,-1,1,large,-1,-0.9904211003489777
SpanJson,Newtonsoft,SpanJson vs Newtonsoft,Serialize,2,20,Textual,-1,1,large,-1,-0.9904211003489777
Utf8Json,STJRefGen,Utf8Json vs STJRefGen,Serialize,2,20,Textual,-1,1,large,-1,-0.9904211003489777
Utf8Json,STJSrcGen,Utf8Json vs STJSrcGen,Serialize,2,20,Textual,-1,1,large,-1,-0.9904211003489777
Utf8Json,Newtonsoft,Utf8Json vs Newtonsoft,Serialize,2,20,Textual,-1,1,large,-1,-0.9904211003489777
STJRefGen,STJSrcGen,STJRefGen vs STJSrcGen,Serialize,2,20,Textual,1,1,large,0.9904211003489777,1
STJRefGen,Newtonsoft,STJRefGen vs Newtonsoft,Serialize,2,20,Textual,-1,1,large,-1,-0.9904211003489777
STJSrcGen,Newtonsoft,STJSrcGen vs Newtonsoft,Serialize,2,20,Textual,-1,1,large,-1,-0.9904211003489777
SpanJson,Utf8Json,SpanJson vs Utf8Json,Serialize,2,20,Numeric,-1,1,large,-1,-0.9904211003489777
SpanJson,STJRefGen,SpanJson vs STJRefGen,Serialize,2,20,Numeric,-1,1,large,-1,-0.9904211003489777
SpanJson,STJSrcGen,SpanJson vs STJSrcGen,Serialize,2,20,Numeric,-1,1,large,-1,-0.9904211003489777
SpanJson,Newtonsoft,SpanJson vs Newtonsoft,Serialize,2,20,Numeric,-1,1,large,-1,-0.9904211003489777
Utf8Json,STJRefGen,Utf8Json vs STJRefGen,Serialize,2,20,Numeric,-1,1,large,-1,-0.9904211003489777
Utf8Json,STJSrcGen,Utf8Json vs STJSrcGen,Serialize,2,20,Numeric,1,1,large,0.9904211003489777,1
Utf8Json,Newtonsoft,Utf8Json vs Newtonsoft,Serialize,2,20,Numeric,-1,1,large,-1,-0.9904211003489777
STJRefGen,STJSrcGen,STJRefGen vs STJSrcGen,Serialize,2,20,Numeric,1,1,large,0.9904211003489777,1
STJRefGen,Newtonsoft,STJRefGen vs Newtonsoft,Serialize,2,20,Numeric,-1,1,large,-1,-0.9904211003489777
STJSrcGen,Newtonsoft,STJSrcGen vs Newtonsoft,Serialize,2,20,Numeric,-1,1,large,-1,-0.9904211003489777
SpanJson,Utf8Json,SpanJson vs Utf8Json,Serialize,2,20,Boolean,-1,1,large,-1,-0.9904211003489777
SpanJson,STJRefGen,SpanJson vs STJRefGen,Serialize,2,20,Boolean,-1,1,large,-1,-0.9904211003489777
SpanJson,STJSrcGen,SpanJson vs STJSrcGen,Serialize,2,20,Boolean,-1,1,large,-1,-0.9904211003489777
SpanJson,Newtonsoft,SpanJson vs Newtonsoft,Serialize,2,20,Boolean,-1,1,large,-1,-0.9904211003489777
Utf8Json,STJRefGen,Utf8Json vs STJRefGen,Serialize,2,20,Boolean,-1,1,large,-1,-0.9904211003489777
Utf8Json,STJSrcGen,Utf8Json vs STJSrcGen,Serialize,2,20,Boolean,-1,1,large,-1,-0.9904211003489777
Utf8Json,Newtonsoft,Utf8Json vs Newtonsoft,Serialize,2,20,Boolean,-1,1,large,-1,-0.9904211003489777
STJRefGen,STJSrcGen,STJRefGen vs STJSrcGen,Serialize,2,20,Boolean,1,1,large,0.9904211003489777,1
STJRefGen,Newtonsoft,STJRefGen vs Newtonsoft,Serialize,2,20,Boolean,-1,1,large,-1,-0.9904211003489777
STJSrcGen,Newtonsoft,STJSrcGen vs Newtonsoft,Serialize,2,20,Boolean,-1,1,large,-1,-0.9904211003489777
SpanJson,Utf8Json,SpanJson vs Utf8Json,Serialize,2,50,Textual,-1,1,large,-1,-0.9904211003489777
SpanJson,STJRefGen,SpanJson vs STJRefGen,Serialize,2,50,Textual,-1,1,large,-1,-0.9904211003489777
SpanJson,STJSrcGen,SpanJson vs STJSrcGen,Serialize,2,50,Textual,-1,1,large,-1,-0.9904211003489777
SpanJson,Newtonsoft,SpanJson vs Newtonsoft,Serialize,2,50,Textual,-1,1,large,-1,-0.9904211003489777
Utf8Json,STJRefGen,Utf8Json vs STJRefGen,Serialize,2,50,Textual,-1,1,large,-1,-0.9904211003489777
Utf8Json,STJSrcGen,Utf8Json vs STJSrcGen,Serialize,2,50,Textual,-1,1,large,-1,-0.9904211003489777
Utf8Json,Newtonsoft,Utf8Json vs Newtonsoft,Serialize,2,50,Textual,-1,1,large,-1,-0.9904211003489777
STJRefGen,STJSrcGen,STJRefGen vs STJSrcGen,Serialize,2,50,Textual,1,1,large,0.9904211003489777,1
STJRefGen,Newtonsoft,STJRefGen vs Newtonsoft,Serialize,2,50,Textual,-1,1,large,-1,-0.9904211003489777
STJSrcGen,Newtonsoft,STJSrcGen vs Newtonsoft,Serialize,2,50,Textual,-1,1,large,-1,-0.9904211003489777
SpanJson,Utf8Json,SpanJson vs Utf8Json,Serialize,2,50,Numeric,-1,1,large,-1,-0.9904211003489777
SpanJson,STJRefGen,SpanJson vs STJRefGen,Serialize,2,50,Numeric,-1,1,large,-1,-0.9904211003489777
SpanJson,STJSrcGen,SpanJson vs STJSrcGen,Serialize,2,50,Numeric,1,1,large,0.9904211003489777,1
SpanJson,Newtonsoft,SpanJson vs Newtonsoft,Serialize,2,50,Numeric,-1,1,large,-1,-0.9904211003489777
Utf8Json,STJRefGen,Utf8Json vs STJRefGen,Serialize,2,50,Numeric,-1,1,large,-1,-0.9904211003489777
Utf8Json,STJSrcGen,Utf8Json vs STJSrcGen,Serialize,2,50,Numeric,1,1,large,0.9904211003489777,1
Utf8Json,Newtonsoft,Utf8Json vs Newtonsoft,Serialize,2,50,Numeric,-1,1,large,-1,-0.9904211003489777
STJRefGen,STJSrcGen,STJRefGen vs STJSrcGen,Serialize,2,50,Numeric,1,1,large,0.9904211003489777,1
STJRefGen,Newtonsoft,STJRefGen vs Newtonsoft,Serialize,2,50,Numeric,-1,1,large,-1,-0.9904211003489777
STJSrcGen,Newtonsoft,STJSrcGen vs Newtonsoft,Serialize,2,50,Numeric,-1,1,large,-1,-0.9904211003489777
SpanJson,Utf8Json,SpanJson vs Utf8Json,Serialize,2,50,Boolean,-1,1,large,-1,-0.9904211003489777
SpanJson,STJRefGen,SpanJson vs STJRefGen,Serialize,2,50,Boolean,-1,1,large,-1,-0.9904211003489777
SpanJson,STJSrcGen,SpanJson vs STJSrcGen,Serialize,2,50,Boolean,-1,1,large,-1,-0.9904211003489777
SpanJson,Newtonsoft,SpanJson vs Newtonsoft,Serialize,2,50,Boolean,-1,1,large,-1,-0.9904211003489777
Utf8Json,STJRefGen,Utf8Json vs STJRefGen,Serialize,2,50,Boolean,-1,1,large,-1,-0.9904211003489777
Utf8Json,STJSrcGen,Utf8Json vs STJSrcGen,Serialize,2,50,Boolean,-1,1,large,-1,-0.9904211003489777
Utf8Json,Newtonsoft,Utf8Json vs Newtonsoft,Serialize,2,50,Boolean,-1,1,large,-1,-0.9904211003489777
STJRefGen,STJSrcGen,STJRefGen vs STJSrcGen,Serialize,2,50,Boolean,1,1,large,0.9904211003489777,1
STJRefGen,Newtonsoft,STJRefGen vs Newtonsoft,Serialize,2,50,Boolean,-1,1,large,-1,-0.9904211003489777
STJSrcGen,Newtonsoft,STJSrcGen vs Newtonsoft,Serialize,2,50,Boolean,-1,1,large,-1,-0.9904211003489777
SpanJson,Utf8Json,SpanJson vs Utf8Json,Serialize,2,100,Textual,-1,1,large,-1,-0.9904211003489777
SpanJson,STJRefGen,SpanJson vs STJRefGen,Serialize,2,100,Textual,-1,1,large,-1,-0.9904211003489777
SpanJson,STJSrcGen,SpanJson vs STJSrcGen,Serialize,2,100,Textual,-1,1,large,-1,-0.9904211003489777
SpanJson,Newtonsoft,SpanJson vs Newtonsoft,Serialize,2,100,Textual,-1,1,large,-1,-0.9904211003489777
Utf8Json,STJRefGen,Utf8Json vs STJRefGen,Serialize,2,100,Textual,-1,1,large,-1,-0.9904211003489777
Utf8Json,STJSrcGen,Utf8Json vs STJSrcGen,Serialize,2,100,Textual,-1,1,large,-1,-0.9904211003489777
Utf8Json,Newtonsoft,Utf8Json vs Newtonsoft,Serialize,2,100,Textual,-1,1,large,-1,-0.9904211003489777
STJRefGen,STJSrcGen,STJRefGen vs STJSrcGen,Serialize,2,100,Textual,1,1,large,0.9904211003489777,1
STJRefGen,Newtonsoft,STJRefGen vs Newtonsoft,Serialize,2,100,Textual,-1,1,large,-1,-0.9904211003489777
STJSrcGen,Newtonsoft,STJSrcGen vs Newtonsoft,Serialize,2,100,Textual,-1,1,large,-1,-0.9904211003489777
SpanJson,Utf8Json,SpanJson vs Utf8Json,Serialize,2,100,Numeric,-1,1,large,-1,-0.9904211003489777
SpanJson,STJRefGen,SpanJson vs STJRefGen,Serialize,2,100,Numeric,-1,1,large,-1,-0.9904211003489777
SpanJson,STJSrcGen,SpanJson vs STJSrcGen,Serialize,2,100,Numeric,-1,1,large,-1,-0.9904211003489777
SpanJson,Newtonsoft,SpanJson vs Newtonsoft,Serialize,2,100,Numeric,-1,1,large,-1,-0.9904211003489777
Utf8Json,STJRefGen,Utf8Json vs STJRefGen,Serialize,2,100,Numeric,-1,1,large,-1,-0.9904211003489777
Utf8Json,STJSrcGen,Utf8Json vs STJSrcGen,Serialize,2,100,Numeric,1,1,large,0.9904211003489777,1
Utf8Json,Newtonsoft,Utf8Json vs Newtonsoft,Serialize,2,100,Numeric,-1,1,large,-1,-0.9904211003489777
STJRefGen,STJSrcGen,STJRefGen vs STJSrcGen,Serialize,2,100,Numeric,1,1,large,0.9904211003489777,1
STJRefGen,Newtonsoft,STJRefGen vs Newtonsoft,Serialize,2,100,Numeric,-1,1,large,-1,-0.9904211003489777
STJSrcGen,Newtonsoft,STJSrcGen vs Newtonsoft,Serialize,2,100,Numeric,-1,1,large,-1,-0.9904211003489777
SpanJson,Utf8Json,SpanJson vs Utf8Json,Serialize,2,100,Boolean,-1,1,large,-1,-0.9904211003489777
SpanJson,STJRefGen,SpanJson vs STJRefGen,Serialize,2,100,Boolean,-1,1,large,-1,-0.9904211003489777
SpanJson,STJSrcGen,SpanJson vs STJSrcGen,Serialize,2,100,Boolean,-1,1,large,-1,-0.9904211003489777
SpanJson,Newtonsoft,SpanJson vs Newtonsoft,Serialize,2,100,Boolean,-1,1,large,-1,-0.9904211003489777
Utf8Json,STJRefGen,Utf8Json vs STJRefGen,Serialize,2,100,Boolean,-1,1,large,-1,-0.9904211003489777
Utf8Json,STJSrcGen,Utf8Json vs STJSrcGen,Serialize,2,100,Boolean,-1,1,large,-1,-0.9904211003489777
Utf8Json,Newtonsoft,Utf8Json vs Newtonsoft,Serialize,2,100,Boolean,-1,1,large,-1,-0.9904211003489777
STJRefGen,STJSrcGen,STJRefGen vs STJSrcGen,Serialize,2,100,Boolean,1,1,large,0.9904211003489777,1
STJRefGen,Newtonsoft,STJRefGen vs Newtonsoft,Serialize,2,100,Boolean,-1,1,large,-1,-0.9904211003489777
STJSrcGen,Newtonsoft,STJSrcGen vs Newtonsoft,Serialize,2,100,Boolean,-1,1,large,-1,-0.9904211003489777
SpanJson,Utf8Json,SpanJson vs Utf8Json,Serialize,5,5,Textual,-1,1,large,-1,-0.9904211003489777
SpanJson,STJRefGen,SpanJson vs STJRefGen,Serialize,5,5,Textual,-1,1,large,-1,-0.9904211003489777
SpanJson,STJSrcGen,SpanJson vs STJSrcGen,Serialize,5,5,Textual,-1,1,large,-1,-0.9904211003489777
SpanJson,Newtonsoft,SpanJson vs Newtonsoft,Serialize,5,5,Textual,-1,1,large,-1,-0.9904211003489777
Utf8Json,STJRefGen,Utf8Json vs STJRefGen,Serialize,5,5,Textual,-1,1,large,-1,-0.9904211003489777
Utf8Json,STJSrcGen,Utf8Json vs STJSrcGen,Serialize,5,5,Textual,-1,1,large,-1,-0.9904211003489777
Utf8Json,Newtonsoft,Utf8Json vs Newtonsoft,Serialize,5,5,Textual,-1,1,large,-1,-0.9904211003489777
STJRefGen,STJSrcGen,STJRefGen vs STJSrcGen,Serialize,5,5,Textual,1,1,large,0.9904211003489777,1
STJRefGen,Newtonsoft,STJRefGen vs Newtonsoft,Serialize,5,5,Textual,-1,1,large,-1,-0.9904211003489777
STJSrcGen,Newtonsoft,STJSrcGen vs Newtonsoft,Serialize,5,5,Textual,-1,1,large,-1,-0.9904211003489777
SpanJson,Utf8Json,SpanJson vs Utf8Json,Serialize,5,5,Numeric,-1,1,large,-1,-0.9904211003489777
SpanJson,STJRefGen,SpanJson vs STJRefGen,Serialize,5,5,Numeric,-1,1,large,-1,-0.9904211003489777
SpanJson,STJSrcGen,SpanJson vs STJSrcGen,Serialize,5,5,Numeric,-1,1,large,-1,-0.9904211003489777
SpanJson,Newtonsoft,SpanJson vs Newtonsoft,Serialize,5,5,Numeric,-1,1,large,-1,-0.9904211003489777
Utf8Json,STJRefGen,Utf8Json vs STJRefGen,Serialize,5,5,Numeric,-1,1,large,-1,-0.9904211003489777
Utf8Json,STJSrcGen,Utf8Json vs STJSrcGen,Serialize,5,5,Numeric,0.8533333333333334,0.8533333333333334,large,0.40427914012222615,0.9709040931142249
Utf8Json,Newtonsoft,Utf8Json vs Newtonsoft,Serialize,5,5,Numeric,-1,1,large,-1,-0.9904211003489777
STJRefGen,STJSrcGen,STJRefGen vs STJSrcGen,Serialize,5,5,Numeric,1,1,large,0.9904211003489777,1
STJRefGen,Newtonsoft,STJRefGen vs Newtonsoft,Serialize,5,5,Numeric,-1,1,large,-1,-0.9904211003489777
STJSrcGen,Newtonsoft,STJSrcGen vs Newtonsoft,Serialize,5,5,Numeric,-1,1,large,-1,-0.9904211003489777
SpanJson,Utf8Json,SpanJson vs Utf8Json,Serialize,5,5,Boolean,-1,1,large,-1,-0.9904211003489777
SpanJson,STJRefGen,SpanJson vs STJRefGen,Serialize,5,5,Boolean,-1,1,large,-1,-0.9904211003489777
SpanJson,STJSrcGen,SpanJson vs STJSrcGen,Serialize,5,5,Boolean,-1,1,large,-1,-0.9904211003489777
SpanJson,Newtonsoft,SpanJson vs Newtonsoft,Serialize,5,5,Boolean,-1,1,large,-1,-0.9904211003489777
Utf8Json,STJRefGen,Utf8Json vs STJRefGen,Serialize,5,5,Boolean,-1,1,large,-1,-0.9904211003489777
Utf8Json,STJSrcGen,Utf8Json vs STJSrcGen,Serialize,5,5,Boolean,-1,1,large,-1,-0.9904211003489777
Utf8Json,Newtonsoft,Utf8Json vs Newtonsoft,Serialize,5,5,Boolean,-1,1,large,-1,-0.9904211003489777
STJRefGen,STJSrcGen,STJRefGen vs STJSrcGen,Serialize,5,5,Boolean,1,1,large,0.9904211003489777,1
STJRefGen,Newtonsoft,STJRefGen vs Newtonsoft,Serialize,5,5,Boolean,-1,1,large,-1,-0.9904211003489777
STJSrcGen,Newtonsoft,STJSrcGen vs Newtonsoft,Serialize,5,5,Boolean,-1,1,large,-1,-0.9904211003489777
SpanJson,Utf8Json,SpanJson vs Utf8Json,Serialize,5,20,Textual,-1,1,large,-1,-0.9904211003489777
SpanJson,STJRefGen,SpanJson vs STJRefGen,Serialize,5,20,Textual,-1,1,large,-1,-0.9904211003489777
SpanJson,STJSrcGen,SpanJson vs STJSrcGen,Serialize,5,20,Textual,-1,1,large,-1,-0.9904211003489777
SpanJson,Newtonsoft,SpanJson vs Newtonsoft,Serialize,5,20,Textual,-1,1,large,-1,-0.9904211003489777
Utf8Json,STJRefGen,Utf8Json vs STJRefGen,Serialize,5,20,Textual,-1,1,large,-1,-0.9904211003489777
Utf8Json,STJSrcGen,Utf8Json vs STJSrcGen,Serialize,5,20,Textual,-1,1,large,-1,-0.9904211003489777
Utf8Json,Newtonsoft,Utf8Json vs Newtonsoft,Serialize,5,20,Textual,-1,1,large,-1,-0.9904211003489777
STJRefGen,STJSrcGen,STJRefGen vs STJSrcGen,Serialize,5,20,Textual,1,1,large,0.9904211003489777,1
STJRefGen,Newtonsoft,STJRefGen vs Newtonsoft,Serialize,5,20,Textual,-1,1,large,-1,-0.9904211003489777
STJSrcGen,Newtonsoft,STJSrcGen vs Newtonsoft,Serialize,5,20,Textual,-1,1,large,-1,-0.9904211003489777
SpanJson,Utf8Json,SpanJson vs Utf8Json,Serialize,5,20,Numeric,-1,1,large,-1,-0.9904211003489777
SpanJson,STJRefGen,SpanJson vs STJRefGen,Serialize,5,20,Numeric,-1,1,large,-1,-0.9904211003489777
SpanJson,STJSrcGen,SpanJson vs STJSrcGen,Serialize,5,20,Numeric,-1,1,large,-1,-0.9904211003489777
SpanJson,Newtonsoft,SpanJson vs Newtonsoft,Serialize,5,20,Numeric,-1,1,large,-1,-0.9904211003489777
Utf8Json,STJRefGen,Utf8Json vs STJRefGen,Serialize,5,20,Numeric,-1,1,large,-1,-0.9904211003489777
Utf8Json,STJSrcGen,Utf8Json vs STJSrcGen,Serialize,5,20,Numeric,1,1,large,0.9904211003489777,1
Utf8Json,Newtonsoft,Utf8Json vs Newtonsoft,Serialize,5,20,Numeric,-1,1,large,-1,-0.9904211003489777
STJRefGen,STJSrcGen,STJRefGen vs STJSrcGen,Serialize,5,20,Numeric,1,1,large,0.9904211003489777,1
STJRefGen,Newtonsoft,STJRefGen vs Newtonsoft,Serialize,5,20,Numeric,-1,1,large,-1,-0.9904211003489777
STJSrcGen,Newtonsoft,STJSrcGen vs Newtonsoft,Serialize,5,20,Numeric,-1,1,large,-1,-0.9904211003489777
SpanJson,Utf8Json,SpanJson vs Utf8Json,Serialize,5,20,Boolean,-1,1,large,-1,-0.9904211003489777
SpanJson,STJRefGen,SpanJson vs STJRefGen,Serialize,5,20,Boolean,-1,1,large,-1,-0.9904211003489777
SpanJson,STJSrcGen,SpanJson vs STJSrcGen,Serialize,5,20,Boolean,-1,1,large,-1,-0.9904211003489777
SpanJson,Newtonsoft,SpanJson vs Newtonsoft,Serialize,5,20,Boolean,-1,1,large,-1,-0.9904211003489777
Utf8Json,STJRefGen,Utf8Json vs STJRefGen,Serialize,5,20,Boolean,-1,1,large,-1,-0.9904211003489777
Utf8Json,STJSrcGen,Utf8Json vs STJSrcGen,Serialize,5,20,Boolean,-1,1,large,-1,-0.9904211003489777
Utf8Json,Newtonsoft,Utf8Json vs Newtonsoft,Serialize,5,20,Boolean,-1,1,large,-1,-0.9904211003489777
STJRefGen,STJSrcGen,STJRefGen vs STJSrcGen,Serialize,5,20,Boolean,1,1,large,0.9904211003489777,1
STJRefGen,Newtonsoft,STJRefGen vs Newtonsoft,Serialize,5,20,Boolean,-1,1,large,-1,-0.9904211003489777
STJSrcGen,Newtonsoft,STJSrcGen vs Newtonsoft,Serialize,5,20,Boolean,-1,1,large,-1,-0.9904211003489777
SpanJson,Utf8Json,SpanJson vs Utf8Json,Serialize,5,50,Textual,-1,1,large,-1,-0.9904211003489777
SpanJson,STJRefGen,SpanJson vs STJRefGen,Serialize,5,50,Textual,-1,1,large,-1,-0.9917658116871374
SpanJson,STJSrcGen,SpanJson vs STJSrcGen,Serialize,5,50,Textual,-1,1,large,-1,-0.9904211003489777
SpanJson,Newtonsoft,SpanJson vs Newtonsoft,Serialize,5,50,Textual,-1,1,large,-1,-0.9904211003489777
Utf8Json,STJRefGen,Utf8Json vs STJRefGen,Serialize,5,50,Textual,-1,1,large,-1,-0.9917658116871374
Utf8Json,STJSrcGen,Utf8Json vs STJSrcGen,Serialize,5,50,Textual,-1,1,large,-1,-0.9904211003489777
Utf8Json,Newtonsoft,Utf8Json vs Newtonsoft,Serialize,5,50,Textual,-1,1,large,-1,-0.9904211003489777
STJRefGen,STJSrcGen,STJRefGen vs STJSrcGen,Serialize,5,50,Textual,1,1,large,0.9917658116871374,1
STJRefGen,Newtonsoft,STJRefGen vs Newtonsoft,Serialize,5,50,Textual,-1,1,large,-1,-0.9917658116871374
STJSrcGen,Newtonsoft,STJSrcGen vs Newtonsoft,Serialize,5,50,Textual,-1,1,large,-1,-0.9904211003489777
SpanJson,Utf8Json,SpanJson vs Utf8Json,Serialize,5,50,Numeric,-0.8844444444444445,0.8844444444444445,large,-0.981517539750061,-0.42537712789934884
SpanJson,STJRefGen,SpanJson vs STJRefGen,Serialize,5,50,Numeric,-1,1,large,-1,-0.9904211003489777
SpanJson,STJSrcGen,SpanJson vs STJSrcGen,Serialize,5,50,Numeric,1,1,large,0.9904211003489777,1
SpanJson,Newtonsoft,SpanJson vs Newtonsoft,Serialize,5,50,Numeric,-1,1,large,-1,-0.9904211003489777
Utf8Json,STJRefGen,Utf8Json vs STJRefGen,Serialize,5,50,Numeric,-1,1,large,-1,-0.9904211003489777
Utf8Json,STJSrcGen,Utf8Json vs STJSrcGen,Serialize,5,50,Numeric,1,1,large,0.9904211003489777,1
Utf8Json,Newtonsoft,Utf8Json vs Newtonsoft,Serialize,5,50,Numeric,-1,1,large,-1,-0.9904211003489777
STJRefGen,STJSrcGen,STJRefGen vs STJSrcGen,Serialize,5,50,Numeric,1,1,large,0.9904211003489777,1
STJRefGen,Newtonsoft,STJRefGen vs Newtonsoft,Serialize,5,50,Numeric,-1,1,large,-1,-0.9904211003489777
STJSrcGen,Newtonsoft,STJSrcGen vs Newtonsoft,Serialize,5,50,Numeric,-1,1,large,-1,-0.9904211003489777
SpanJson,Utf8Json,SpanJson vs Utf8Json,Serialize,5,50,Boolean,-1,1,large,-1,-0.9904211003489777
SpanJson,STJRefGen,SpanJson vs STJRefGen,Serialize,5,50,Boolean,-1,1,large,-1,-0.9904211003489777
SpanJson,STJSrcGen,SpanJson vs STJSrcGen,Serialize,5,50,Boolean,-1,1,large,-1,-0.9904211003489777
SpanJson,Newtonsoft,SpanJson vs Newtonsoft,Serialize,5,50,Boolean,-1,1,large,-1,-0.9904211003489777
Utf8Json,STJRefGen,Utf8Json vs STJRefGen,Serialize,5,50,Boolean,-1,1,large,-1,-0.9904211003489777
Utf8Json,STJSrcGen,Utf8Json vs STJSrcGen,Serialize,5,50,Boolean,-1,1,large,-1,-0.9904211003489777
Utf8Json,Newtonsoft,Utf8Json vs Newtonsoft,Serialize,5,50,Boolean,-1,1,large,-1,-0.9904211003489777
STJRefGen,STJSrcGen,STJRefGen vs STJSrcGen,Serialize,5,50,Boolean,1,1,large,0.9904211003489777,1
STJRefGen,Newtonsoft,STJRefGen vs Newtonsoft,Serialize,5,50,Boolean,-1,1,large,-1,-0.9904211003489777
STJSrcGen,Newtonsoft,STJSrcGen vs Newtonsoft,Serialize,5,50,Boolean,-1,1,large,-1,-0.9904211003489777
SpanJson,Utf8Json,SpanJson vs Utf8Json,Serialize,5,100,Textual,-1,1,large,-1,-0.9904211003489777
SpanJson,STJRefGen,SpanJson vs STJRefGen,Serialize,5,100,Textual,-1,1,large,-1,-0.9904211003489777
SpanJson,STJSrcGen,SpanJson vs STJSrcGen,Serialize,5,100,Textual,-1,1,large,-1,-0.9904211003489777
SpanJson,Newtonsoft,SpanJson vs Newtonsoft,Serialize,5,100,Textual,-1,1,large,-1,-0.9904211003489777
Utf8Json,STJRefGen,Utf8Json vs STJRefGen,Serialize,5,100,Textual,-1,1,large,-1,-0.9904211003489777
Utf8Json,STJSrcGen,Utf8Json vs STJSrcGen,Serialize,5,100,Textual,-1,1,large,-1,-0.9904211003489777
Utf8Json,Newtonsoft,Utf8Json vs Newtonsoft,Serialize,5,100,Textual,-1,1,large,-1,-0.9904211003489777
STJRefGen,STJSrcGen,STJRefGen vs STJSrcGen,Serialize,5,100,Textual,1,1,large,0.9904211003489777,1
STJRefGen,Newtonsoft,STJRefGen vs Newtonsoft,Serialize,5,100,Textual,-1,1,large,-1,-0.9904211003489777
STJSrcGen,Newtonsoft,STJSrcGen vs Newtonsoft,Serialize,5,100,Textual,-1,1,large,-1,-0.9904211003489777
SpanJson,Utf8Json,SpanJson vs Utf8Json,Serialize,5,100,Numeric,-1,1,large,-1,-0.9904211003489777
SpanJson,STJRefGen,SpanJson vs STJRefGen,Serialize,5,100,Numeric,-1,1,large,-1,-0.9904211003489777
SpanJson,STJSrcGen,SpanJson vs STJSrcGen,Serialize,5,100,Numeric,-1,1,large,-1,-0.9904211003489777
SpanJson,Newtonsoft,SpanJson vs Newtonsoft,Serialize,5,100,Numeric,-1,1,large,-1,-0.9904211003489777
Utf8Json,STJRefGen,Utf8Json vs STJRefGen,Serialize,5,100,Numeric,-1,1,large,-1,-0.9904211003489777
Utf8Json,STJSrcGen,Utf8Json vs STJSrcGen,Serialize,5,100,Numeric,1,1,large,0.9904211003489777,1
Utf8Json,Newtonsoft,Utf8Json vs Newtonsoft,Serialize,5,100,Numeric,-1,1,large,-1,-0.9904211003489777
STJRefGen,STJSrcGen,STJRefGen vs STJSrcGen,Serialize,5,100,Numeric,1,1,large,0.9904211003489777,1
STJRefGen,Newtonsoft,STJRefGen vs Newtonsoft,Serialize,5,100,Numeric,-1,1,large,-1,-0.9904211003489777
STJSrcGen,Newtonsoft,STJSrcGen vs Newtonsoft,Serialize,5,100,Numeric,-1,1,large,-1,-0.9904211003489777
SpanJson,Utf8Json,SpanJson vs Utf8Json,Serialize,5,100,Boolean,-1,1,large,-1,-0.9904211003489777
SpanJson,STJRefGen,SpanJson vs STJRefGen,Serialize,5,100,Boolean,-1,1,large,-1,-0.9904211003489777
SpanJson,STJSrcGen,SpanJson vs STJSrcGen,Serialize,5,100,Boolean,-1,1,large,-1,-0.9904211003489777
SpanJson,Newtonsoft,SpanJson vs Newtonsoft,Serialize,5,100,Boolean,-1,1,large,-1,-0.9904211003489777
Utf8Json,STJRefGen,Utf8Json vs STJRefGen,Serialize,5,100,Boolean,-1,1,large,-1,-0.9904211003489777
Utf8Json,STJSrcGen,Utf8Json vs STJSrcGen,Serialize,5,100,Boolean,-1,1,large,-1,-0.9904211003489777
Utf8Json,Newtonsoft,Utf8Json vs Newtonsoft,Serialize,5,100,Boolean,-1,1,large,-1,-0.9904211003489777
STJRefGen,STJSrcGen,STJRefGen vs STJSrcGen,Serialize,5,100,Boolean,1,1,large,0.9904211003489777,1
STJRefGen,Newtonsoft,STJRefGen vs Newtonsoft,Serialize,5,100,Boolean,-1,1,large,-1,-0.9904211003489777
STJSrcGen,Newtonsoft,STJSrcGen vs Newtonsoft,Serialize,5,100,Boolean,-1,1,large,-1,-0.9904211003489777
SpanJson,Utf8Json,SpanJson vs Utf8Json,Serialize,10,5,Textual,-1,1,large,-1,-0.9904211003489777
SpanJson,STJRefGen,SpanJson vs STJRefGen,Serialize,10,5,Textual,-1,1,large,-1,-0.9904211003489777
SpanJson,STJSrcGen,SpanJson vs STJSrcGen,Serialize,10,5,Textual,-1,1,large,-1,-0.9904211003489777
SpanJson,Newtonsoft,SpanJson vs Newtonsoft,Serialize,10,5,Textual,-1,1,large,-1,-0.9904211003489777
Utf8Json,STJRefGen,Utf8Json vs STJRefGen,Serialize,10,5,Textual,-1,1,large,-1,-0.9904211003489777
Utf8Json,STJSrcGen,Utf8Json vs STJSrcGen,Serialize,10,5,Textual,-1,1,large,-1,-0.9904211003489777
Utf8Json,Newtonsoft,Utf8Json vs Newtonsoft,Serialize,10,5,Textual,-1,1,large,-1,-0.9904211003489777
STJRefGen,STJSrcGen,STJRefGen vs STJSrcGen,Serialize,10,5,Textual,1,1,large,0.9904211003489777,1
STJRefGen,Newtonsoft,STJRefGen vs Newtonsoft,Serialize,10,5,Textual,-1,1,large,-1,-0.9904211003489777
STJSrcGen,Newtonsoft,STJSrcGen vs Newtonsoft,Serialize,10,5,Textual,-1,1,large,-1,-0.9904211003489777
SpanJson,Utf8Json,SpanJson vs Utf8Json,Serialize,10,5,Numeric,-1,1,large,-1,-0.9904211003489777
SpanJson,STJRefGen,SpanJson vs STJRefGen,Serialize,10,5,Numeric,-1,1,large,-1,-0.9904211003489777
SpanJson,STJSrcGen,SpanJson vs STJSrcGen,Serialize,10,5,Numeric,-1,1,large,-1,-0.9904211003489777
SpanJson,Newtonsoft,SpanJson vs Newtonsoft,Serialize,10,5,Numeric,-1,1,large,-1,-0.9904211003489777
Utf8Json,STJRefGen,Utf8Json vs STJRefGen,Serialize,10,5,Numeric,-1,1,large,-1,-0.9904211003489777
Utf8Json,STJSrcGen,Utf8Json vs STJSrcGen,Serialize,10,5,Numeric,1,1,large,0.9904211003489777,1
Utf8Json,Newtonsoft,Utf8Json vs Newtonsoft,Serialize,10,5,Numeric,-1,1,large,-1,-0.9904211003489777
STJRefGen,STJSrcGen,STJRefGen vs STJSrcGen,Serialize,10,5,Numeric,1,1,large,0.9904211003489777,1
STJRefGen,Newtonsoft,STJRefGen vs Newtonsoft,Serialize,10,5,Numeric,-1,1,large,-1,-0.9904211003489777
STJSrcGen,Newtonsoft,STJSrcGen vs Newtonsoft,Serialize,10,5,Numeric,-1,1,large,-1,-0.9904211003489777
SpanJson,Utf8Json,SpanJson vs Utf8Json,Serialize,10,5,Boolean,-1,1,large,-1,-0.9904211003489777
SpanJson,STJRefGen,SpanJson vs STJRefGen,Serialize,10,5,Boolean,-1,1,large,-1,-0.9904211003489777
SpanJson,STJSrcGen,SpanJson vs STJSrcGen,Serialize,10,5,Boolean,-1,1,large,-1,-0.9904211003489777
SpanJson,Newtonsoft,SpanJson vs Newtonsoft,Serialize,10,5,Boolean,-1,1,large,-1,-0.9904211003489777
Utf8Json,STJRefGen,Utf8Json vs STJRefGen,Serialize,10,5,Boolean,-1,1,large,-1,-0.9904211003489777
Utf8Json,STJSrcGen,Utf8Json vs STJSrcGen,Serialize,10,5,Boolean,-1,1,large,-1,-0.9904211003489777
Utf8Json,Newtonsoft,Utf8Json vs Newtonsoft,Serialize,10,5,Boolean,-1,1,large,-1,-0.9904211003489777
STJRefGen,STJSrcGen,STJRefGen vs STJSrcGen,Serialize,10,5,Boolean,1,1,large,0.9904211003489777,1
STJRefGen,Newtonsoft,STJRefGen vs Newtonsoft,Serialize,10,5,Boolean,-1,1,large,-1,-0.9904211003489777
STJSrcGen,Newtonsoft,STJSrcGen vs Newtonsoft,Serialize,10,5,Boolean,-1,1,large,-1,-0.9904211003489777
SpanJson,Utf8Json,SpanJson vs Utf8Json,Serialize,10,20,Textual,-1,1,large,-1,-0.9904211003489777
SpanJson,STJRefGen,SpanJson vs STJRefGen,Serialize,10,20,Textual,-1,1,large,-1,-0.9904211003489777
SpanJson,STJSrcGen,SpanJson vs STJSrcGen,Serialize,10,20,Textual,-1,1,large,-1,-0.9904211003489777
SpanJson,Newtonsoft,SpanJson vs Newtonsoft,Serialize,10,20,Textual,-1,1,large,-1,-0.9904211003489777
Utf8Json,STJRefGen,Utf8Json vs STJRefGen,Serialize,10,20,Textual,-1,1,large,-1,-0.9904211003489777
Utf8Json,STJSrcGen,Utf8Json vs STJSrcGen,Serialize,10,20,Textual,-1,1,large,-1,-0.9904211003489777
Utf8Json,Newtonsoft,Utf8Json vs Newtonsoft,Serialize,10,20,Textual,-1,1,large,-1,-0.9904211003489777
STJRefGen,STJSrcGen,STJRefGen vs STJSrcGen,Serialize,10,20,Textual,1,1,large,0.9904211003489777,1
STJRefGen,Newtonsoft,STJRefGen vs Newtonsoft,Serialize,10,20,Textual,-1,1,large,-1,-0.9904211003489777
STJSrcGen,Newtonsoft,STJSrcGen vs Newtonsoft,Serialize,10,20,Textual,-1,1,large,-1,-0.9904211003489777
SpanJson,Utf8Json,SpanJson vs Utf8Json,Serialize,10,20,Numeric,-1,1,large,-1,-0.9904211003489777
SpanJson,STJRefGen,SpanJson vs STJRefGen,Serialize,10,20,Numeric,-1,1,large,-1,-0.9904211003489777
SpanJson,STJSrcGen,SpanJson vs STJSrcGen,Serialize,10,20,Numeric,-1,1,large,-1,-0.9904211003489777
SpanJson,Newtonsoft,SpanJson vs Newtonsoft,Serialize,10,20,Numeric,-1,1,large,-1,-0.9904211003489777
Utf8Json,STJRefGen,Utf8Json vs STJRefGen,Serialize,10,20,Numeric,-1,1,large,-1,-0.9904211003489777
Utf8Json,STJSrcGen,Utf8Json vs STJSrcGen,Serialize,10,20,Numeric,1,1,large,0.9904211003489777,1
Utf8Json,Newtonsoft,Utf8Json vs Newtonsoft,Serialize,10,20,Numeric,-1,1,large,-1,-0.9904211003489777
STJRefGen,STJSrcGen,STJRefGen vs STJSrcGen,Serialize,10,20,Numeric,1,1,large,0.9904211003489777,1
STJRefGen,Newtonsoft,STJRefGen vs Newtonsoft,Serialize,10,20,Numeric,-1,1,large,-1,-0.9904211003489777
STJSrcGen,Newtonsoft,STJSrcGen vs Newtonsoft,Serialize,10,20,Numeric,-1,1,large,-1,-0.9904211003489777
SpanJson,Utf8Json,SpanJson vs Utf8Json,Serialize,10,20,Boolean,-1,1,large,-1,-0.9904211003489777
SpanJson,STJRefGen,SpanJson vs STJRefGen,Serialize,10,20,Boolean,-1,1,large,-1,-0.9904211003489777
SpanJson,STJSrcGen,SpanJson vs STJSrcGen,Serialize,10,20,Boolean,-1,1,large,-1,-0.9904211003489777
SpanJson,Newtonsoft,SpanJson vs Newtonsoft,Serialize,10,20,Boolean,-1,1,large,-1,-0.9904211003489777
Utf8Json,STJRefGen,Utf8Json vs STJRefGen,Serialize,10,20,Boolean,-1,1,large,-1,-0.9904211003489777
Utf8Json,STJSrcGen,Utf8Json vs STJSrcGen,Serialize,10,20,Boolean,-1,1,large,-1,-0.9904211003489777
Utf8Json,Newtonsoft,Utf8Json vs Newtonsoft,Serialize,10,20,Boolean,-1,1,large,-1,-0.9904211003489777
STJRefGen,STJSrcGen,STJRefGen vs STJSrcGen,Serialize,10,20,Boolean,1,1,large,0.9904211003489777,1
STJRefGen,Newtonsoft,STJRefGen vs Newtonsoft,Serialize,10,20,Boolean,-1,1,large,-1,-0.9904211003489777
STJSrcGen,Newtonsoft,STJSrcGen vs Newtonsoft,Serialize,10,20,Boolean,-1,1,large,-1,-0.9904211003489777
SpanJson,Utf8Json,SpanJson vs Utf8Json,Serialize,10,50,Textual,-1,1,large,-1,-0.9904211003489777
SpanJson,STJRefGen,SpanJson vs STJRefGen,Serialize,10,50,Textual,-1,1,large,-1,-0.9904211003489777
SpanJson,STJSrcGen,SpanJson vs STJSrcGen,Serialize,10,50,Textual,-1,1,large,-1,-0.9904211003489777
SpanJson,Newtonsoft,SpanJson vs Newtonsoft,Serialize,10,50,Textual,-1,1,large,-1,-0.9904211003489777
Utf8Json,STJRefGen,Utf8Json vs STJRefGen,Serialize,10,50,Textual,-1,1,large,-1,-0.9904211003489777
Utf8Json,STJSrcGen,Utf8Json vs STJSrcGen,Serialize,10,50,Textual,-1,1,large,-1,-0.9904211003489777
Utf8Json,Newtonsoft,Utf8Json vs Newtonsoft,Serialize,10,50,Textual,-1,1,large,-1,-0.9904211003489777
STJRefGen,STJSrcGen,STJRefGen vs STJSrcGen,Serialize,10,50,Textual,1,1,large,0.9904211003489777,1
STJRefGen,Newtonsoft,STJRefGen vs Newtonsoft,Serialize,10,50,Textual,-1,1,large,-1,-0.9904211003489777
STJSrcGen,Newtonsoft,STJSrcGen vs Newtonsoft,Serialize,10,50,Textual,-1,1,large,-1,-0.9904211003489777
SpanJson,Utf8Json,SpanJson vs Utf8Json,Serialize,10,50,Numeric,-1,1,large,-1,-0.9904211003489777
SpanJson,STJRefGen,SpanJson vs STJRefGen,Serialize,10,50,Numeric,-1,1,large,-1,-0.9904211003489777
SpanJson,STJSrcGen,SpanJson vs STJSrcGen,Serialize,10,50,Numeric,1,1,large,0.9904211003489777,1
SpanJson,Newtonsoft,SpanJson vs Newtonsoft,Serialize,10,50,Numeric,-1,1,large,-1,-0.9904211003489777
Utf8Json,STJRefGen,Utf8Json vs STJRefGen,Serialize,10,50,Numeric,-1,1,large,-1,-0.9904211003489777
Utf8Json,STJSrcGen,Utf8Json vs STJSrcGen,Serialize,10,50,Numeric,1,1,large,0.9904211003489777,1
Utf8Json,Newtonsoft,Utf8Json vs Newtonsoft,Serialize,10,50,Numeric,-1,1,large,-1,-0.9904211003489777
STJRefGen,STJSrcGen,STJRefGen vs STJSrcGen,Serialize,10,50,Numeric,1,1,large,0.9904211003489777,1
STJRefGen,Newtonsoft,STJRefGen vs Newtonsoft,Serialize,10,50,Numeric,-1,1,large,-1,-0.9904211003489777
STJSrcGen,Newtonsoft,STJSrcGen vs Newtonsoft,Serialize,10,50,Numeric,-1,1,large,-1,-0.9904211003489777
SpanJson,Utf8Json,SpanJson vs Utf8Json,Serialize,10,50,Boolean,-1,1,large,-1,-0.9904211003489777
SpanJson,STJRefGen,SpanJson vs STJRefGen,Serialize,10,50,Boolean,-1,1,large,-1,-0.9904211003489777
SpanJson,STJSrcGen,SpanJson vs STJSrcGen,Serialize,10,50,Boolean,-1,1,large,-1,-0.9904211003489777
SpanJson,Newtonsoft,SpanJson vs Newtonsoft,Serialize,10,50,Boolean,-1,1,large,-1,-0.9904211003489777
Utf8Json,STJRefGen,Utf8Json vs STJRefGen,Serialize,10,50,Boolean,-1,1,large,-1,-0.9904211003489777
Utf8Json,STJSrcGen,Utf8Json vs STJSrcGen,Serialize,10,50,Boolean,-1,1,large,-1,-0.9904211003489777
Utf8Json,Newtonsoft,Utf8Json vs Newtonsoft,Serialize,10,50,Boolean,-1,1,large,-1,-0.9904211003489777
STJRefGen,STJSrcGen,STJRefGen vs STJSrcGen,Serialize,10,50,Boolean,1,1,large,0.9904211003489777,1
STJRefGen,Newtonsoft,STJRefGen vs Newtonsoft,Serialize,10,50,Boolean,-1,1,large,-1,-0.9904211003489777
STJSrcGen,Newtonsoft,STJSrcGen vs Newtonsoft,Serialize,10,50,Boolean,-1,1,large,-1,-0.9904211003489777
SpanJson,Utf8Json,SpanJson vs Utf8Json,Serialize,10,100,Textual,-1,1,large,-1,-0.9904211003489777
SpanJson,STJRefGen,SpanJson vs STJRefGen,Serialize,10,100,Textual,-1,1,large,-1,-0.9904211003489777
SpanJson,STJSrcGen,SpanJson vs STJSrcGen,Serialize,10,100,Textual,-1,1,large,-1,-0.9904211003489777
SpanJson,Newtonsoft,SpanJson vs Newtonsoft,Serialize,10,100,Textual,-1,1,large,-1,-0.9904211003489777
Utf8Json,STJRefGen,Utf8Json vs STJRefGen,Serialize,10,100,Textual,-1,1,large,-1,-0.9904211003489777
Utf8Json,STJSrcGen,Utf8Json vs STJSrcGen,Serialize,10,100,Textual,-1,1,large,-1,-0.9904211003489777
Utf8Json,Newtonsoft,Utf8Json vs Newtonsoft,Serialize,10,100,Textual,-1,1,large,-1,-0.9904211003489777
STJRefGen,STJSrcGen,STJRefGen vs STJSrcGen,Serialize,10,100,Textual,1,1,large,0.9904211003489777,1
STJRefGen,Newtonsoft,STJRefGen vs Newtonsoft,Serialize,10,100,Textual,-1,1,large,-1,-0.9904211003489777
STJSrcGen,Newtonsoft,STJSrcGen vs Newtonsoft,Serialize,10,100,Textual,-1,1,large,-1,-0.9904211003489777
SpanJson,Utf8Json,SpanJson vs Utf8Json,Serialize,10,100,Numeric,-1,1,large,-1,-0.9904211003489777
SpanJson,STJRefGen,SpanJson vs STJRefGen,Serialize,10,100,Numeric,-1,1,large,-1,-0.9904211003489777
SpanJson,STJSrcGen,SpanJson vs STJSrcGen,Serialize,10,100,Numeric,-1,1,large,-1,-0.9904211003489777
SpanJson,Newtonsoft,SpanJson vs Newtonsoft,Serialize,10,100,Numeric,-1,1,large,-1,-0.9904211003489777
Utf8Json,STJRefGen,Utf8Json vs STJRefGen,Serialize,10,100,Numeric,-1,1,large,-1,-0.9904211003489777
Utf8Json,STJSrcGen,Utf8Json vs STJSrcGen,Serialize,10,100,Numeric,1,1,large,0.9904211003489777,1
Utf8Json,Newtonsoft,Utf8Json vs Newtonsoft,Serialize,10,100,Numeric,-1,1,large,-1,-0.9904211003489777
STJRefGen,STJSrcGen,STJRefGen vs STJSrcGen,Serialize,10,100,Numeric,1,1,large,0.9904211003489777,1
STJRefGen,Newtonsoft,STJRefGen vs Newtonsoft,Serialize,10,100,Numeric,-1,1,large,-1,-0.9904211003489777
STJSrcGen,Newtonsoft,STJSrcGen vs Newtonsoft,Serialize,10,100,Numeric,-1,1,large,-1,-0.9904211003489777
SpanJson,Utf8Json,SpanJson vs Utf8Json,Serialize,10,100,Boolean,-1,1,large,-1,-0.9904211003489777
SpanJson,STJRefGen,SpanJson vs STJRefGen,Serialize,10,100,Boolean,-1,1,large,-1,-0.9904211003489777
SpanJson,STJSrcGen,SpanJson vs STJSrcGen,Serialize,10,100,Boolean,-1,1,large,-1,-0.9904211003489777
SpanJson,Newtonsoft,SpanJson vs Newtonsoft,Serialize,10,100,Boolean,-1,1,large,-1,-0.9904211003489777
Utf8Json,STJRefGen,Utf8Json vs STJRefGen,Serialize,10,100,Boolean,-1,1,large,-1,-0.9904211003489777
Utf8Json,STJSrcGen,Utf8Json vs STJSrcGen,Serialize,10,100,Boolean,-1,1,large,-1,-0.9904211003489777
Utf8Json,Newtonsoft,Utf8Json vs Newtonsoft,Serialize,10,100,Boolean,-1,1,large,-1,-0.9904211003489777
STJRefGen,STJSrcGen,STJRefGen vs STJSrcGen,Serialize,10,100,Boolean,1,1,large,0.9904211003489777,1
STJRefGen,Newtonsoft,STJRefGen vs Newtonsoft,Serialize,10,100,Boolean,-1,1,large,-1,-0.9904211003489777
STJSrcGen,Newtonsoft,STJSrcGen vs Newtonsoft,Serialize,10,100,Boolean,-1,1,large,-1,-0.9904211003489777
SpanJson,Utf8Json,SpanJson vs Utf8Json,Serialize,20,5,Textual,-1,1,large,-1,-0.9904211003489777
SpanJson,STJRefGen,SpanJson vs STJRefGen,Serialize,20,5,Textual,-1,1,large,-1,-0.9904211003489777
SpanJson,STJSrcGen,SpanJson vs STJSrcGen,Serialize,20,5,Textual,-1,1,large,-1,-0.9904211003489777
SpanJson,Newtonsoft,SpanJson vs Newtonsoft,Serialize,20,5,Textual,-1,1,large,-1,-0.9904211003489777
Utf8Json,STJRefGen,Utf8Json vs STJRefGen,Serialize,20,5,Textual,-1,1,large,-1,-0.9904211003489777
Utf8Json,STJSrcGen,Utf8Json vs STJSrcGen,Serialize,20,5,Textual,-1,1,large,-1,-0.9904211003489777
Utf8Json,Newtonsoft,Utf8Json vs Newtonsoft,Serialize,20,5,Textual,-1,1,large,-1,-0.9904211003489777
STJRefGen,STJSrcGen,STJRefGen vs STJSrcGen,Serialize,20,5,Textual,1,1,large,0.9904211003489777,1
STJRefGen,Newtonsoft,STJRefGen vs Newtonsoft,Serialize,20,5,Textual,-1,1,large,-1,-0.9904211003489777
STJSrcGen,Newtonsoft,STJSrcGen vs Newtonsoft,Serialize,20,5,Textual,-1,1,large,-1,-0.9904211003489777
SpanJson,Utf8Json,SpanJson vs Utf8Json,Serialize,20,5,Numeric,-1,1,large,-1,-0.9904211003489777
SpanJson,STJRefGen,SpanJson vs STJRefGen,Serialize,20,5,Numeric,-1,1,large,-1,-0.9904211003489777
SpanJson,STJSrcGen,SpanJson vs STJSrcGen,Serialize,20,5,Numeric,-1,1,large,-1,-0.9904211003489777
SpanJson,Newtonsoft,SpanJson vs Newtonsoft,Serialize,20,5,Numeric,-1,1,large,-1,-0.9904211003489777
Utf8Json,STJRefGen,Utf8Json vs STJRefGen,Serialize,20,5,Numeric,-1,1,large,-1,-0.9904211003489777
Utf8Json,STJSrcGen,Utf8Json vs STJSrcGen,Serialize,20,5,Numeric,1,1,large,0.9904211003489777,1
Utf8Json,Newtonsoft,Utf8Json vs Newtonsoft,Serialize,20,5,Numeric,-1,1,large,-1,-0.9904211003489777
STJRefGen,STJSrcGen,STJRefGen vs STJSrcGen,Serialize,20,5,Numeric,1,1,large,0.9904211003489777,1
STJRefGen,Newtonsoft,STJRefGen vs Newtonsoft,Serialize,20,5,Numeric,-1,1,large,-1,-0.9904211003489777
STJSrcGen,Newtonsoft,STJSrcGen vs Newtonsoft,Serialize,20,5,Numeric,-1,1,large,-1,-0.9904211003489777
SpanJson,Utf8Json,SpanJson vs Utf8Json,Serialize,20,5,Boolean,-1,1,large,-1,-0.9904211003489777
SpanJson,STJRefGen,SpanJson vs STJRefGen,Serialize,20,5,Boolean,-1,1,large,-1,-0.9904211003489777
SpanJson,STJSrcGen,SpanJson vs STJSrcGen,Serialize,20,5,Boolean,-1,1,large,-1,-0.9904211003489777
SpanJson,Newtonsoft,SpanJson vs Newtonsoft,Serialize,20,5,Boolean,-1,1,large,-1,-0.9904211003489777
Utf8Json,STJRefGen,Utf8Json vs STJRefGen,Serialize,20,5,Boolean,-1,1,large,-1,-0.9904211003489777
Utf8Json,STJSrcGen,Utf8Json vs STJSrcGen,Serialize,20,5,Boolean,-1,1,large,-1,-0.9904211003489777
Utf8Json,Newtonsoft,Utf8Json vs Newtonsoft,Serialize,20,5,Boolean,-1,1,large,-1,-0.9904211003489777
STJRefGen,STJSrcGen,STJRefGen vs STJSrcGen,Serialize,20,5,Boolean,1,1,large,0.9904211003489777,1
STJRefGen,Newtonsoft,STJRefGen vs Newtonsoft,Serialize,20,5,Boolean,-1,1,large,-1,-0.9904211003489777
STJSrcGen,Newtonsoft,STJSrcGen vs Newtonsoft,Serialize,20,5,Boolean,-1,1,large,-1,-0.9904211003489777
SpanJson,Utf8Json,SpanJson vs Utf8Json,Serialize,20,20,Textual,-1,1,large,-1,-0.9904211003489777
SpanJson,STJRefGen,SpanJson vs STJRefGen,Serialize,20,20,Textual,-1,1,large,-1,-0.9904211003489777
SpanJson,STJSrcGen,SpanJson vs STJSrcGen,Serialize,20,20,Textual,-1,1,large,-1,-0.9904211003489777
SpanJson,Newtonsoft,SpanJson vs Newtonsoft,Serialize,20,20,Textual,-1,1,large,-1,-0.9904211003489777
Utf8Json,STJRefGen,Utf8Json vs STJRefGen,Serialize,20,20,Textual,-1,1,large,-1,-0.9904211003489777
Utf8Json,STJSrcGen,Utf8Json vs STJSrcGen,Serialize,20,20,Textual,-1,1,large,-1,-0.9904211003489777
Utf8Json,Newtonsoft,Utf8Json vs Newtonsoft,Serialize,20,20,Textual,-1,1,large,-1,-0.9904211003489777
STJRefGen,STJSrcGen,STJRefGen vs STJSrcGen,Serialize,20,20,Textual,1,1,large,0.9904211003489777,1
STJRefGen,Newtonsoft,STJRefGen vs Newtonsoft,Serialize,20,20,Textual,-1,1,large,-1,-0.9904211003489777
STJSrcGen,Newtonsoft,STJSrcGen vs Newtonsoft,Serialize,20,20,Textual,-1,1,large,-1,-0.9904211003489777
SpanJson,Utf8Json,SpanJson vs Utf8Json,Serialize,20,20,Numeric,-1,1,large,-1,-0.9904211003489777
SpanJson,STJRefGen,SpanJson vs STJRefGen,Serialize,20,20,Numeric,-1,1,large,-1,-0.9904211003489777
SpanJson,STJSrcGen,SpanJson vs STJSrcGen,Serialize,20,20,Numeric,-1,1,large,-1,-0.9904211003489777
SpanJson,Newtonsoft,SpanJson vs Newtonsoft,Serialize,20,20,Numeric,-1,1,large,-1,-0.9904211003489777
Utf8Json,STJRefGen,Utf8Json vs STJRefGen,Serialize,20,20,Numeric,-1,1,large,-1,-0.9904211003489777
Utf8Json,STJSrcGen,Utf8Json vs STJSrcGen,Serialize,20,20,Numeric,1,1,large,0.9904211003489777,1
Utf8Json,Newtonsoft,Utf8Json vs Newtonsoft,Serialize,20,20,Numeric,-1,1,large,-1,-0.9904211003489777
STJRefGen,STJSrcGen,STJRefGen vs STJSrcGen,Serialize,20,20,Numeric,1,1,large,0.9904211003489777,1
STJRefGen,Newtonsoft,STJRefGen vs Newtonsoft,Serialize,20,20,Numeric,-1,1,large,-1,-0.9904211003489777
STJSrcGen,Newtonsoft,STJSrcGen vs Newtonsoft,Serialize,20,20,Numeric,-1,1,large,-1,-0.9904211003489777
SpanJson,Utf8Json,SpanJson vs Utf8Json,Serialize,20,20,Boolean,-1,1,large,-1,-0.9904211003489777
SpanJson,STJRefGen,SpanJson vs STJRefGen,Serialize,20,20,Boolean,-1,1,large,-1,-0.9904211003489777
SpanJson,STJSrcGen,SpanJson vs STJSrcGen,Serialize,20,20,Boolean,-1,1,large,-1,-0.9904211003489777
SpanJson,Newtonsoft,SpanJson vs Newtonsoft,Serialize,20,20,Boolean,-1,1,large,-1,-0.9904211003489777
Utf8Json,STJRefGen,Utf8Json vs STJRefGen,Serialize,20,20,Boolean,-1,1,large,-1,-0.9904211003489777
Utf8Json,STJSrcGen,Utf8Json vs STJSrcGen,Serialize,20,20,Boolean,-1,1,large,-1,-0.9904211003489777
Utf8Json,Newtonsoft,Utf8Json vs Newtonsoft,Serialize,20,20,Boolean,-1,1,large,-1,-0.9904211003489777
STJRefGen,STJSrcGen,STJRefGen vs STJSrcGen,Serialize,20,20,Boolean,1,1,large,0.9904211003489777,1
STJRefGen,Newtonsoft,STJRefGen vs Newtonsoft,Serialize,20,20,Boolean,-1,1,large,-1,-0.9904211003489777
STJSrcGen,Newtonsoft,STJSrcGen vs Newtonsoft,Serialize,20,20,Boolean,-1,1,large,-1,-0.9904211003489777
SpanJson,Utf8Json,SpanJson vs Utf8Json,Serialize,20,50,Textual,-1,1,large,-1,-0.9904211003489777
SpanJson,STJRefGen,SpanJson vs STJRefGen,Serialize,20,50,Textual,-1,1,large,-1,-0.9904211003489777
SpanJson,STJSrcGen,SpanJson vs STJSrcGen,Serialize,20,50,Textual,-1,1,large,-1,-0.9904211003489777
SpanJson,Newtonsoft,SpanJson vs Newtonsoft,Serialize,20,50,Textual,-1,1,large,-1,-0.9904211003489777
Utf8Json,STJRefGen,Utf8Json vs STJRefGen,Serialize,20,50,Textual,-1,1,large,-1,-0.9904211003489777
Utf8Json,STJSrcGen,Utf8Json vs STJSrcGen,Serialize,20,50,Textual,-1,1,large,-1,-0.9904211003489777
Utf8Json,Newtonsoft,Utf8Json vs Newtonsoft,Serialize,20,50,Textual,-1,1,large,-1,-0.9904211003489777
STJRefGen,STJSrcGen,STJRefGen vs STJSrcGen,Serialize,20,50,Textual,1,1,large,0.9904211003489777,1
STJRefGen,Newtonsoft,STJRefGen vs Newtonsoft,Serialize,20,50,Textual,-1,1,large,-1,-0.9904211003489777
STJSrcGen,Newtonsoft,STJSrcGen vs Newtonsoft,Serialize,20,50,Textual,-1,1,large,-1,-0.9904211003489777
SpanJson,Utf8Json,SpanJson vs Utf8Json,Serialize,20,50,Numeric,1,1,large,0.9904211003489777,1
SpanJson,STJRefGen,SpanJson vs STJRefGen,Serialize,20,50,Numeric,-1,1,large,-1,-0.9904211003489777
SpanJson,STJSrcGen,SpanJson vs STJSrcGen,Serialize,20,50,Numeric,1,1,large,0.9904211003489777,1
SpanJson,Newtonsoft,SpanJson vs Newtonsoft,Serialize,20,50,Numeric,-1,1,large,-1,-0.9904211003489777
Utf8Json,STJRefGen,Utf8Json vs STJRefGen,Serialize,20,50,Numeric,-1,1,large,-1,-0.9904211003489777
Utf8Json,STJSrcGen,Utf8Json vs STJSrcGen,Serialize,20,50,Numeric,1,1,large,0.9904211003489777,1
Utf8Json,Newtonsoft,Utf8Json vs Newtonsoft,Serialize,20,50,Numeric,-1,1,large,-1,-0.9904211003489777
STJRefGen,STJSrcGen,STJRefGen vs STJSrcGen,Serialize,20,50,Numeric,1,1,large,0.9904211003489777,1
STJRefGen,Newtonsoft,STJRefGen vs Newtonsoft,Serialize,20,50,Numeric,-1,1,large,-1,-0.9904211003489777
STJSrcGen,Newtonsoft,STJSrcGen vs Newtonsoft,Serialize,20,50,Numeric,-1,1,large,-1,-0.9904211003489777
SpanJson,Utf8Json,SpanJson vs Utf8Json,Serialize,20,50,Boolean,-1,1,large,-1,-0.9904211003489777
SpanJson,STJRefGen,SpanJson vs STJRefGen,Serialize,20,50,Boolean,-1,1,large,-1,-0.9904211003489777
SpanJson,STJSrcGen,SpanJson vs STJSrcGen,Serialize,20,50,Boolean,-1,1,large,-1,-0.9904211003489777
SpanJson,Newtonsoft,SpanJson vs Newtonsoft,Serialize,20,50,Boolean,-1,1,large,-1,-0.9904211003489777
Utf8Json,STJRefGen,Utf8Json vs STJRefGen,Serialize,20,50,Boolean,-1,1,large,-1,-0.9904211003489777
Utf8Json,STJSrcGen,Utf8Json vs STJSrcGen,Serialize,20,50,Boolean,-1,1,large,-1,-0.9904211003489777
Utf8Json,Newtonsoft,Utf8Json vs Newtonsoft,Serialize,20,50,Boolean,-1,1,large,-1,-0.9904211003489777
STJRefGen,STJSrcGen,STJRefGen vs STJSrcGen,Serialize,20,50,Boolean,1,1,large,0.9904211003489777,1
STJRefGen,Newtonsoft,STJRefGen vs Newtonsoft,Serialize,20,50,Boolean,-1,1,large,-1,-0.9904211003489777
STJSrcGen,Newtonsoft,STJSrcGen vs Newtonsoft,Serialize,20,50,Boolean,-1,1,large,-1,-0.9904211003489777
SpanJson,Utf8Json,SpanJson vs Utf8Json,Serialize,20,100,Textual,-1,1,large,-1,-0.9904211003489777
SpanJson,STJRefGen,SpanJson vs STJRefGen,Serialize,20,100,Textual,-1,1,large,-1,-0.9904211003489777
SpanJson,STJSrcGen,SpanJson vs STJSrcGen,Serialize,20,100,Textual,-0.8666666666666667,0.8666666666666667,large,-0.9787990298633141,-0.3548294736672036
SpanJson,Newtonsoft,SpanJson vs Newtonsoft,Serialize,20,100,Textual,-1,1,large,-1,-0.9904211003489777
Utf8Json,STJRefGen,Utf8Json vs STJRefGen,Serialize,20,100,Textual,-1,1,large,-1,-0.9904211003489777
Utf8Json,STJSrcGen,Utf8Json vs STJSrcGen,Serialize,20,100,Textual,1,1,large,0.9904211003489777,1
Utf8Json,Newtonsoft,Utf8Json vs Newtonsoft,Serialize,20,100,Textual,-1,1,large,-1,-0.9904211003489777
STJRefGen,STJSrcGen,STJRefGen vs STJSrcGen,Serialize,20,100,Textual,1,1,large,0.9904211003489777,1
STJRefGen,Newtonsoft,STJRefGen vs Newtonsoft,Serialize,20,100,Textual,-1,1,large,-1,-0.9904211003489777
STJSrcGen,Newtonsoft,STJSrcGen vs Newtonsoft,Serialize,20,100,Textual,-1,1,large,-1,-0.9904211003489777
SpanJson,Utf8Json,SpanJson vs Utf8Json,Serialize,20,100,Numeric,-1,1,large,-1,-0.9904211003489777
SpanJson,STJRefGen,SpanJson vs STJRefGen,Serialize,20,100,Numeric,-1,1,large,-1,-0.9904211003489777
SpanJson,STJSrcGen,SpanJson vs STJSrcGen,Serialize,20,100,Numeric,-1,1,large,-1,-0.9904211003489777
SpanJson,Newtonsoft,SpanJson vs Newtonsoft,Serialize,20,100,Numeric,-1,1,large,-1,-0.9904211003489777
Utf8Json,STJRefGen,Utf8Json vs STJRefGen,Serialize,20,100,Numeric,-1,1,large,-1,-0.9904211003489777
Utf8Json,STJSrcGen,Utf8Json vs STJSrcGen,Serialize,20,100,Numeric,1,1,large,0.9904211003489777,1
Utf8Json,Newtonsoft,Utf8Json vs Newtonsoft,Serialize,20,100,Numeric,-1,1,large,-1,-0.9904211003489777
STJRefGen,STJSrcGen,STJRefGen vs STJSrcGen,Serialize,20,100,Numeric,1,1,large,0.9904211003489777,1
STJRefGen,Newtonsoft,STJRefGen vs Newtonsoft,Serialize,20,100,Numeric,-1,1,large,-1,-0.9904211003489777
STJSrcGen,Newtonsoft,STJSrcGen vs Newtonsoft,Serialize,20,100,Numeric,-1,1,large,-1,-0.9904211003489777
SpanJson,Utf8Json,SpanJson vs Utf8Json,Serialize,20,100,Boolean,-1,1,large,-1,-0.9904211003489777
SpanJson,STJRefGen,SpanJson vs STJRefGen,Serialize,20,100,Boolean,-1,1,large,-1,-0.9904211003489777
SpanJson,STJSrcGen,SpanJson vs STJSrcGen,Serialize,20,100,Boolean,-1,1,large,-1,-0.9904211003489777
SpanJson,Newtonsoft,SpanJson vs Newtonsoft,Serialize,20,100,Boolean,-1,1,large,-1,-0.9904211003489777
Utf8Json,STJRefGen,Utf8Json vs STJRefGen,Serialize,20,100,Boolean,-1,1,large,-1,-0.9904211003489777
Utf8Json,STJSrcGen,Utf8Json vs STJSrcGen,Serialize,20,100,Boolean,-1,1,large,-1,-0.9904211003489777
Utf8Json,Newtonsoft,Utf8Json vs Newtonsoft,Serialize,20,100,Boolean,-1,1,large,-1,-0.9904211003489777
STJRefGen,STJSrcGen,STJRefGen vs STJSrcGen,Serialize,20,100,Boolean,1,1,large,0.9904211003489777,1
STJRefGen,Newtonsoft,STJRefGen vs Newtonsoft,Serialize,20,100,Boolean,-1,1,large,-1,-0.9904211003489777
STJSrcGen,Newtonsoft,STJSrcGen vs Newtonsoft,Serialize,20,100,Boolean,-1,1,large,-1,-0.9904211003489777
